league,tier,total_bets,wins,hit_rate,total_pnl,roi,avg_odds,avg_edge,seasons_positive,seasons_total,season_rois
Singapore: S.League,3,316,121,0.3829,869.78,27.52,3.445,0.2477,5,5,"{'2010-11': 58.05, '2011-12': 29.47, '2012-13': 38.01, '2013-14': 8.38, '2014-15': 27.7}"
Scotland: League Two,4,233,80,0.3433,286.48,12.3,3.356,0.281,2,2,"{'2013-14': 12.07, '2014-15': 12.5}"
Ukraine: Division 2,3,460,148,0.3217,430.64,9.36,3.493,0.2591,3,4,"{'2011-12': -11.58, '2012-13': 13.06, '2013-14': 30.13, '2014-15': 3.04}"
England: Vanarama Conference South,3,269,89,0.3309,220.97,8.21,3.351,0.2601,1,1,{'2014-15': 8.21}
Estonia: Esi Liiga,3,181,58,0.3204,114.84,6.34,3.378,0.2692,2,4,"{'2011-12': 63.62, '2012-13': -17.42, '2013-14': -3.91, '2014-15': 19.02}"
Austria: Erste Liga,2,736,235,0.3193,405.82,5.51,3.431,0.2602,5,7,"{'2008-09': -1.28, '2009-10': 6.43, '2010-11': 13.66, '2011-12': 0.07, '2012-13': -3.11, '2013-14': 7.75, '2014-15': 15.0}"
Czech Republic: Synot liga,3,122,37,0.3033,63.67,5.22,3.538,0.2661,1,1,{'2014-15': 5.22}
Sweden: Division 1 - Norra,3,641,205,0.3198,297.77,4.65,3.414,0.2709,5,7,"{'2008-09': 14.86, '2009-10': 16.18, '2010-11': 14.89, '2011-12': -21.42, '2012-13': 0.96, '2013-14': 15.5, '2014-15': -5.87}"
Scotland: Championship,2,191,59,0.3089,84.05,4.4,3.492,0.2684,2,2,"{'2013-14': 2.66, '2014-15': 6.67}"
Scotland: Premiership,1,260,85,0.3269,107.68,4.14,3.377,0.2563,1,2,"{'2013-14': 10.94, '2014-15': -2.45}"
Australia: Western Australia Premier League,1,474,155,0.327,186.54,3.94,3.294,0.2598,4,7,"{'2008-09': 43.21, '2009-10': 23.27, '2010-11': -18.69, '2011-12': 15.78, '2012-13': -4.81, '2013-14': 5.47, '2014-15': -12.85}"
Singapore: S-League,3,254,78,0.3071,97.93,3.86,3.607,0.2607,3,5,"{'2006-07': -18.06, '2007-08': -22.15, '2008-09': 2.08, '2009-10': 25.01, '2010-11': 2.26}"
South Korea: K League Challenge,2,228,70,0.307,72.14,3.16,3.444,0.2515,3,3,"{'2012-13': 2.95, '2013-14': 5.47, '2014-15': 1.65}"
Turkey: PTT 1. Lig,3,560,183,0.3268,174.71,3.12,3.307,0.2437,1,3,"{'2012-13': 25.22, '2013-14': -9.34, '2014-15': -6.75}"
Australia: NSW Premier League,1,473,147,0.3108,128.17,2.71,3.38,0.2467,5,7,"{'2008-09': 30.26, '2009-10': 5.78, '2010-11': 11.47, '2011-12': 13.09, '2012-13': -15.32, '2013-14': 25.01, '2014-15': -23.85}"
Ireland: Division 1,3,415,130,0.3133,111.81,2.69,3.421,0.2521,4,7,"{'2008-09': 8.0, '2009-10': -10.43, '2010-11': 33.49, '2011-12': -0.03, '2012-13': 3.69, '2013-14': -25.31, '2014-15': 3.14}"
Germany: Oberliga Mittelrhein,3,429,143,0.3333,112.42,2.62,3.216,0.2799,2,3,"{'2012-13': 11.01, '2013-14': -4.27, '2014-15': 2.69}"
New Zealand: Football Championship,2,157,48,0.3057,39.05,2.49,3.523,0.2653,2,6,"{'2009-10': 32.08, '2010-11': -9.69, '2011-12': 37.71, '2012-13': -10.27, '2013-14': -9.24, '2014-15': -16.88}"
Netherlands: KNVB Beker,3,117,36,0.3077,24.93,2.13,3.422,0.2367,3,6,"{'2007-08': -6.15, '2010-11': 23.83, '2011-12': -67.05, '2012-13': -12.53, '2013-14': 22.83, '2014-15': 10.18}"
Germany: Oberliga Hessen,3,614,199,0.3241,122.76,2.0,3.276,0.2772,2,4,"{'2011-12': -7.27, '2012-13': 17.95, '2013-14': 1.72, '2014-15': -14.59}"
Chile: Primera B,2,470,149,0.317,82.85,1.76,3.355,0.2439,3,5,"{'2010-11': -7.82, '2011-12': -16.56, '2012-13': 2.21, '2013-14': 5.19, '2014-15': 2.09}"
Poland: Division 2 West,3,162,52,0.321,14.55,0.9,3.117,0.2158,1,2,"{'2010-11': -100.0, '2011-12': 8.25}"
Australia: Victorian Premier League,1,520,165,0.3173,40.99,0.79,3.326,0.2531,4,7,"{'2008-09': -1.35, '2009-10': 26.01, '2010-11': -23.58, '2011-12': 7.29, '2012-13': 4.03, '2013-14': 8.68, '2014-15': -10.62}"
Norway: Adeccoligaen,2,1180,366,0.3102,92.61,0.78,3.424,0.2608,5,10,"{'2004-05': -22.95, '2005-06': -10.71, '2006-07': -8.03, '2007-08': -10.39, '2008-09': -11.32, '2009-10': 6.06, '2010-11': 14.22, '2011-12': 9.07, '2012-13': 8.02, '2013-14': 29.96}"
Iceland: Landsbankadeild,3,180,55,0.3056,13.92,0.77,3.42,0.2669,2,5,"{'2004-05': -16.83, '2005-06': -4.21, '2006-07': 23.84, '2007-08': -16.27, '2008-09': 13.81}"
Chile: Primera Division,1,1792,554,0.3092,128.65,0.72,3.45,0.253,6,10,"{'2005-06': -18.66, '2006-07': -15.1, '2007-08': 14.71, '2008-09': 5.25, '2009-10': -3.33, '2010-11': -18.31, '2011-12': 1.76, '2012-13': 10.34, '2013-14': 9.92, '2014-15': 18.42}"
Russia: Division 2 - Center,3,375,113,0.3013,21.77,0.58,3.499,0.2622,2,5,"{'2010-11': 24.63, '2011-12': 30.24, '2012-13': -8.82, '2013-14': -10.0, '2014-15': -4.18}"
Finland: Kakkonen South,3,198,62,0.3131,10.84,0.55,3.41,0.2827,1,4,"{'2011-12': -4.84, '2012-13': -3.29, '2013-14': 13.6, '2014-15': -11.67}"
Australia: APL Premier League,1,265,76,0.2868,-0.9,-0.03,3.512,0.2681,1,3,"{'2012-13': -3.72, '2013-14': 19.01, '2014-15': -17.75}"
Scotland: Division 3,3,737,233,0.3161,-24.45,-0.33,3.336,0.2763,3,8,"{'2004-05': 8.66, '2005-06': 5.08, '2006-07': -3.71, '2007-08': -6.19, '2008-09': -11.87, '2009-10': 24.72, '2011-12': -2.33, '2012-13': -4.51}"
Brazil: Campeonato Carioca,3,482,148,0.3071,-19.61,-0.41,3.419,0.2438,8,11,"{'2004-05': 4.45, '2005-06': 7.45, '2006-07': 8.99, '2007-08': -17.97, '2008-09': 2.54, '2009-10': 29.55, '2010-11': 2.87, '2011-12': 1.66, '2012-13': 3.02, '2013-14': -1.48, '2014-15': -39.25}"
Finland: Kakkonen East,3,222,68,0.3063,-17.53,-0.79,3.401,0.2758,1,4,"{'2011-12': -7.47, '2012-13': 8.37, '2013-14': -0.79, '2014-15': -7.55}"
USA: North American Soccer League,3,324,98,0.3025,-28.35,-0.88,3.363,0.2424,1,5,"{'2010-11': -2.13, '2011-12': -12.21, '2012-13': -2.27, '2013-14': -12.1, '2014-15': 14.3}"
Japan: J-League,1,1943,598,0.3078,-202.7,-1.04,3.363,0.2648,5,11,"{'2004-05': 2.29, '2005-06': -7.9, '2006-07': 15.77, '2007-08': 3.77, '2008-09': -0.61, '2009-10': 20.77, '2010-11': -21.56, '2011-12': 1.91, '2012-13': -10.85, '2013-14': -2.42, '2014-15': -9.17}"
Germany: Junioren Bundesliga South,1,458,138,0.3013,-70.53,-1.54,3.366,0.2676,2,6,"{'2009-10': 30.92, '2010-11': -5.05, '2011-12': 5.52, '2012-13': -18.63, '2013-14': -5.74, '2014-15': -6.08}"
Iceland: Division 1,3,331,103,0.3112,-67.96,-2.05,3.326,0.2623,3,6,"{'2009-10': 74.08, '2010-11': -26.68, '2011-12': -3.66, '2012-13': 9.51, '2013-14': 3.84, '2014-15': -9.09}"
England: Vanarama Conference North,3,259,76,0.2934,-54.98,-2.12,3.363,0.2617,0,1,{'2014-15': -2.12}
Iceland: Pepsideild,3,383,116,0.3029,-84.04,-2.19,3.42,0.2436,3,7,"{'2008-09': -34.97, '2009-10': -1.38, '2010-11': 2.67, '2011-12': 5.28, '2012-13': 12.43, '2013-14': -11.53, '2014-15': -11.14}"
Spain: Primera Division,1,1704,513,0.3011,-430.44,-2.53,3.47,0.2558,5,10,"{'2004-05': -9.23, '2005-06': 12.93, '2006-07': 8.81, '2007-08': 9.07, '2008-09': -12.44, '2009-10': -26.0, '2011-12': -7.52, '2012-13': 3.13, '2013-14': 1.67, '2014-15': -5.87}"
Belgium: Belgium Third Division Group B,3,539,160,0.2968,-153.03,-2.84,3.369,0.2616,2,4,"{'2011-12': -14.16, '2012-13': 0.67, '2013-14': 1.7, '2014-15': -5.39}"
Uruguay: Primera Division,1,1206,354,0.2935,-360.46,-2.99,3.377,0.2487,3,10,"{'2005-06': -12.0, '2006-07': 20.18, '2007-08': -4.13, '2008-09': -4.75, '2009-10': -6.54, '2010-11': -10.95, '2011-12': -20.29, '2012-13': -13.14, '2013-14': 9.75, '2014-15': 13.19}"
Denmark: NordicBet Ligaen,3,205,64,0.3122,-67.79,-3.31,3.358,0.2455,1,2,"{'2013-14': 13.26, '2014-15': -20.71}"
England: Blue Square Bet South,3,813,243,0.2989,-270.05,-3.32,3.324,0.2575,2,3,"{'2010-11': 2.69, '2011-12': -17.35, '2012-13': 5.72}"
Scotland: League One,3,210,63,0.3,-71.7,-3.41,3.33,0.2507,1,2,"{'2013-14': -9.48, '2014-15': 2.2}"
England: Blue Square Bet Premier,3,668,198,0.2964,-233.97,-3.5,3.361,0.2545,1,2,"{'2011-12': -8.84, '2012-13': 1.52}"
Finland: Veikkausliiga,3,956,284,0.2971,-357.84,-3.74,3.412,0.2659,4,11,"{'2004-05': -59.04, '2005-06': -5.95, '2006-07': 16.51, '2007-08': 1.22, '2008-09': -30.57, '2009-10': -4.48, '2010-11': 11.09, '2011-12': 5.84, '2012-13': -9.85, '2013-14': -3.49, '2014-15': -2.21}"
Netherlands: Eredivisie,1,1498,447,0.2984,-604.38,-4.03,3.434,0.2718,5,11,"{'2004-05': 0.4, '2005-06': 0.43, '2006-07': -24.84, '2007-08': -22.93, '2008-09': 11.79, '2009-10': -8.12, '2010-11': -6.61, '2011-12': 22.05, '2012-13': -3.26, '2013-14': 0.25, '2014-15': -9.85}"
Czech Republic: Pohar Ceske posty,3,102,32,0.3137,-41.2,-4.04,3.192,0.2533,1,4,"{'2011-12': -6.86, '2012-13': -32.49, '2013-14': -4.22, '2014-15': 20.95}"
Germany: Oberliga Schleswig-Holstein,3,646,194,0.3003,-260.76,-4.04,3.367,0.3008,2,4,"{'2011-12': 0.57, '2012-13': 18.51, '2013-14': -2.71, '2014-15': -22.38}"
Greece: Football League,2,274,72,0.2628,-124.91,-4.56,3.711,0.2495,0,2,"{'2011-12': -10.84, '2012-13': -0.02}"
Montenegro: Prva Crnogorska Liga,3,446,127,0.2848,-205.87,-4.62,3.488,0.2556,2,7,"{'2008-09': -2.83, '2009-10': -13.8, '2010-11': 9.93, '2011-12': -14.01, '2012-13': 0.77, '2013-14': -7.54, '2014-15': -5.32}"
Sweden: Division 2 - Norra Svealand,3,441,129,0.2925,-216.36,-4.91,3.373,0.2751,3,7,"{'2008-09': 13.69, '2009-10': -15.6, '2010-11': -30.64, '2011-12': 1.79, '2012-13': 1.41, '2013-14': -2.58, '2014-15': -0.12}"
Scotland: Premier League,1,775,225,0.2903,-393.67,-5.08,3.361,0.2508,3,8,"{'2004-05': -4.28, '2005-06': -22.32, '2006-07': -13.42, '2007-08': 1.12, '2008-09': 31.04, '2009-10': -20.93, '2011-12': -14.07, '2012-13': 1.55}"
Iceland: Division 2,3,151,45,0.298,-81.76,-5.41,3.35,0.2368,1,4,"{'2011-12': -25.02, '2012-13': -24.69, '2013-14': -2.24, '2014-15': 46.98}"
Turkey: TFF 2. Lig Group 3,3,126,37,0.2937,-71.22,-5.65,3.335,0.2454,0,2,"{'2008-09': -6.71, '2009-10': -5.02}"
Australia: Queensland State League,3,170,50,0.2941,-97.66,-5.74,3.392,0.2502,1,3,"{'2012-13': -35.71, '2013-14': 6.71, '2014-15': -2.42}"
Brazil: Campeonato Paulista,3,959,274,0.2857,-553.66,-5.77,3.442,0.2474,4,11,"{'2004-05': 2.56, '2005-06': 26.26, '2006-07': 4.19, '2007-08': -12.94, '2008-09': -20.5, '2009-10': -7.35, '2010-11': -4.63, '2011-12': -0.21, '2012-13': -14.96, '2013-14': 8.13, '2014-15': -30.62}"
Scotland: Division 2,3,835,242,0.2898,-481.4,-5.77,3.327,0.267,3,8,"{'2004-05': 26.08, '2005-06': -30.46, '2006-07': 6.89, '2007-08': -13.86, '2008-09': -21.83, '2009-10': -5.95, '2011-12': -1.32, '2012-13': 2.67}"
Finland: Ykkonen,3,860,245,0.2849,-503.13,-5.85,3.447,0.2696,5,11,"{'2004-05': 10.41, '2005-06': 13.99, '2006-07': -23.04, '2007-08': -30.39, '2008-09': -1.67, '2009-10': 4.54, '2010-11': -12.2, '2011-12': 0.55, '2012-13': -7.56, '2013-14': -11.47, '2014-15': 17.07}"
Germany: Junioren Bundesliga North,1,437,129,0.2952,-259.05,-5.93,3.362,0.257,2,6,"{'2009-10': -9.51, '2010-11': 1.61, '2011-12': -4.74, '2012-13': -14.22, '2013-14': 20.96, '2014-15': -27.09}"
Estonia: Meistriliiga,3,240,72,0.3,-146.97,-6.12,3.368,0.2666,3,8,"{'2007-08': 26.7, '2008-09': -20.5, '2009-10': -20.18, '2010-11': -40.16, '2011-12': 31.81, '2012-13': -30.88, '2013-14': 2.36, '2014-15': -1.18}"
Germany: Regionalliga North,4,1622,476,0.2935,-1038.56,-6.4,3.331,0.2651,2,11,"{'2004-05': -14.0, '2005-06': 0.44, '2006-07': -1.46, '2007-08': -8.6, '2008-09': -10.66, '2009-10': -7.67, '2010-11': 0.93, '2011-12': -7.56, '2012-13': -3.56, '2013-14': -11.9, '2014-15': -9.59}"
Australia: A-League,1,736,218,0.2962,-484.05,-6.58,3.411,0.2747,3,10,"{'2005-06': 44.36, '2006-07': -0.81, '2007-08': 6.65, '2008-09': -16.37, '2009-10': -0.18, '2010-11': -22.07, '2011-12': -23.5, '2012-13': -10.33, '2013-14': -20.84, '2014-15': 6.64}"
Canada: CSL,3,397,113,0.2846,-263.68,-6.64,3.427,0.2729,2,7,"{'2008-09': 24.08, '2009-10': -23.9, '2010-11': -16.89, '2011-12': -13.65, '2012-13': -15.02, '2013-14': 42.33, '2014-15': -6.25}"
Netherlands: Eerste Divisie,2,2132,613,0.2875,-1416.05,-6.64,3.415,0.264,4,11,"{'2004-05': -8.31, '2005-06': -12.11, '2006-07': -8.15, '2007-08': 2.19, '2008-09': 0.07, '2009-10': 2.25, '2010-11': -34.66, '2011-12': -18.84, '2012-13': -0.99, '2013-14': 10.83, '2014-15': -15.79}"
England: League Two,4,3371,962,0.2854,-2243.44,-6.66,3.372,0.2545,0,10,"{'2004-05': -0.73, '2005-06': -6.25, '2006-07': -10.67, '2007-08': -12.47, '2008-09': -8.93, '2009-10': -1.9, '2011-12': -3.85, '2012-13': -0.19, '2013-14': -8.21, '2014-15': -9.68}"
Norway: Division 1,3,120,35,0.2917,-80.31,-6.69,3.383,0.2548,0,2,"{'2013-14': -12.11, '2014-15': -0.5}"
Sweden: Superettan,2,1524,439,0.2881,-1022.87,-6.71,3.411,0.2592,4,11,"{'2004-05': -26.84, '2005-06': 15.55, '2006-07': 2.53, '2007-08': -4.04, '2008-09': 1.95, '2009-10': -23.5, '2010-11': 4.18, '2011-12': -17.57, '2012-13': -3.75, '2013-14': -0.71, '2014-15': -34.81}"
Germany: Regionalliga West,4,1133,338,0.2983,-768.87,-6.79,3.335,0.2653,3,7,"{'2008-09': 3.28, '2009-10': 7.34, '2010-11': 8.75, '2011-12': -0.19, '2012-13': -15.27, '2013-14': -43.3, '2014-15': -5.29}"
Russia: Division 2 - South,3,442,122,0.276,-300.86,-6.81,3.599,0.2688,1,4,"{'2011-12': -44.75, '2012-13': 41.09, '2013-14': -17.27, '2014-15': -4.49}"
Germany: Regionalliga Sudwest,3,494,143,0.2895,-337.76,-6.84,3.329,0.2764,1,3,"{'2012-13': -0.48, '2013-14': -28.33, '2014-15': 8.07}"
Norway: Division 2 - Group 4,3,607,182,0.2998,-446.94,-7.36,3.316,0.2764,2,7,"{'2008-09': -10.48, '2009-10': -22.73, '2010-11': -0.7, '2011-12': 3.11, '2012-13': -15.64, '2013-14': 0.86, '2014-15': -6.06}"
Germany: Regionalliga Bayern,4,589,173,0.2937,-444.72,-7.55,3.32,0.2598,1,3,"{'2012-13': 5.24, '2013-14': -19.18, '2014-15': -12.33}"
England: Ryman League,6,1436,423,0.2946,-1098.11,-7.65,3.29,0.2598,1,5,"{'2009-10': 14.68, '2010-11': -14.98, '2012-13': -10.89, '2013-14': -9.77, '2014-15': -13.73}"
Hungary: NB I,3,676,190,0.2811,-545.96,-8.08,3.425,0.2598,2,6,"{'2005-06': -17.18, '2006-07': 1.28, '2007-08': -36.52, '2008-09': -9.09, '2009-10': -1.68, '2010-11': 5.72}"
Germany: Bundesliga,1,1393,387,0.2778,-1137.75,-8.17,3.489,0.2625,2,10,"{'2004-05': 25.78, '2005-06': -22.62, '2006-07': -2.4, '2007-08': -8.27, '2008-09': -2.17, '2009-10': -1.53, '2011-12': -22.73, '2012-13': 9.55, '2013-14': -15.92, '2014-15': -25.36}"
England: League One,3,3183,906,0.2846,-2601.23,-8.17,3.391,0.2506,2,10,"{'2004-05': -1.75, '2005-06': -7.23, '2006-07': -18.19, '2007-08': -10.95, '2008-09': 2.15, '2009-10': -14.91, '2011-12': -18.23, '2012-13': -8.64, '2013-14': -8.93, '2014-15': 7.16}"
England: Vanarama Conference,3,296,86,0.2905,-242.71,-8.2,3.37,0.2615,0,1,{'2014-15': -8.2}
Russia: Division 1,3,989,274,0.277,-820.71,-8.3,3.471,0.2409,1,7,"{'2008-09': -1.17, '2009-10': -13.45, '2010-11': -9.08, '2011-12': 10.94, '2012-13': -6.61, '2013-14': -19.11, '2014-15': -18.78}"
Oman: Division 1,3,310,87,0.2806,-264.84,-8.54,3.368,0.2424,2,4,"{'2011-12': 0.53, '2012-13': -27.56, '2013-14': 0.82, '2014-15': -3.48}"
England: Blue Square Bet North,3,764,217,0.284,-654.36,-8.56,3.334,0.268,0,3,"{'2010-11': -15.91, '2011-12': -4.16, '2012-13': -6.55}"
England: Northern Premier League,6,1666,477,0.2863,-1448.83,-8.7,3.33,0.2651,2,6,"{'2009-10': -15.26, '2010-11': 9.36, '2011-12': 2.93, '2012-13': -7.62, '2013-14': -18.25, '2014-15': -20.27}"
Spain: Segunda Division,2,2719,743,0.2733,-2480.24,-9.12,3.52,0.2515,3,10,"{'2004-05': 7.09, '2005-06': -20.0, '2006-07': 7.09, '2007-08': -11.63, '2008-09': -23.2, '2009-10': -3.78, '2011-12': -10.09, '2012-13': -12.6, '2013-14': 6.16, '2014-15': -24.01}"
Poland: Division 2 - East,3,363,102,0.281,-331.15,-9.12,3.294,0.2497,0,2,"{'2012-13': -14.17, '2013-14': -4.21}"
Hong Kong: Division 1,3,116,31,0.2672,-106.61,-9.19,3.434,0.2366,1,4,"{'2011-12': -40.28, '2012-13': -3.21, '2013-14': -36.97, '2014-15': 59.46}"
Lithuania: A Lyga,3,360,100,0.2778,-334.82,-9.3,3.422,0.2502,3,10,"{'2005-06': -55.94, '2006-07': -16.72, '2007-08': -31.75, '2008-09': 20.94, '2009-10': -32.57, '2010-11': -8.03, '2011-12': 19.3, '2012-13': -1.78, '2013-14': 11.97, '2014-15': -23.73}"
Switzerland: Challenge League,2,1459,412,0.2824,-1362.8,-9.34,3.392,0.2691,3,11,"{'2004-05': 36.83, '2005-06': -17.24, '2006-07': -24.23, '2007-08': -4.59, '2008-09': 2.33, '2009-10': -23.5, '2010-11': 13.4, '2011-12': -20.1, '2012-13': -7.03, '2013-14': -9.01, '2014-15': -19.14}"
Germany: Oberliga NOFV-Nord,3,466,135,0.2897,-442.55,-9.5,3.325,0.2812,1,4,"{'2011-12': 4.14, '2012-13': -9.64, '2013-14': -5.59, '2014-15': -21.03}"
Finland: Kakkonen North,3,229,63,0.2751,-217.9,-9.52,3.412,0.2754,1,4,"{'2011-12': -1.6, '2012-13': -11.15, '2013-14': -22.48, '2014-15': 0.16}"
Denmark: Superliga,1,1120,307,0.2741,-1075.15,-9.6,3.43,0.2592,2,11,"{'2004-05': -24.12, '2005-06': -14.76, '2006-07': -23.39, '2007-08': -9.71, '2008-09': -20.32, '2009-10': 2.09, '2010-11': -14.77, '2011-12': -0.58, '2012-13': -0.89, '2013-14': -8.55, '2014-15': 0.33}"
Poland: Ekstraklasa,1,984,263,0.2673,-946.09,-9.61,3.446,0.2674,0,7,"{'2008-09': -3.8, '2009-10': -29.64, '2010-11': -9.62, '2011-12': -12.64, '2012-13': -0.2, '2013-14': -4.71, '2014-15': -11.95}"
Peru: Primera Division,1,1246,343,0.2753,-1202.0,-9.65,3.52,0.2628,2,10,"{'2005-06': -7.21, '2006-07': 0.49, '2007-08': -14.51, '2008-09': -6.34, '2009-10': -10.72, '2010-11': 3.08, '2011-12': -26.04, '2012-13': -22.0, '2013-14': -7.14, '2014-15': -5.12}"
England: Premier League,1,1582,429,0.2712,-1542.14,-9.75,3.516,0.2634,2,10,"{'2004-05': -27.65, '2005-06': 7.1, '2006-07': -8.9, '2007-08': -25.68, '2008-09': -6.0, '2009-10': -13.54, '2011-12': 6.42, '2012-13': -20.27, '2013-14': -9.95, '2014-15': -7.55}"
Romania: Division 2/Serie A,1,414,114,0.2754,-409.23,-9.88,3.485,0.2778,2,5,"{'2007-08': 86.18, '2008-09': 58.35, '2009-10': -15.1, '2010-11': -39.08, '2011-12': -23.4}"
Germany: 2. Bundesliga,2,1735,473,0.2726,-1751.05,-10.09,3.436,0.2543,2,11,"{'2004-05': 5.07, '2005-06': -9.81, '2006-07': -17.76, '2007-08': -9.28, '2008-09': -15.34, '2009-10': -8.69, '2010-11': -17.48, '2011-12': -22.05, '2012-13': -3.14, '2013-14': 5.53, '2014-15': -6.62}"
North &amp; Central America: CONCACAF Champions L,3,165,50,0.303,-167.12,-10.13,3.27,0.2439,1,6,"{'2009-10': -13.74, '2010-11': -5.97, '2011-12': 38.65, '2012-13': -57.9, '2013-14': -35.67, '2014-15': -26.09}"
England: Championship,2,3218,888,0.2759,-3311.83,-10.29,3.429,0.2526,1,10,"{'2004-05': -18.85, '2005-06': -30.53, '2006-07': -7.76, '2007-08': -10.83, '2008-09': -11.28, '2009-10': -12.97, '2011-12': 4.95, '2012-13': -10.53, '2013-14': -7.81, '2014-15': -4.32}"
Austria: Regionalliga West,3,857,233,0.2719,-885.04,-10.33,3.437,0.2883,0,7,"{'2008-09': -3.09, '2009-10': -2.62, '2010-11': -32.45, '2011-12': -9.23, '2012-13': -12.33, '2013-14': -6.49, '2014-15': -1.92}"
Turkey: Super Lig,1,1597,439,0.2749,-1666.38,-10.43,3.461,0.2551,1,11,"{'2004-05': -28.11, '2005-06': 1.63, '2006-07': -9.76, '2007-08': -20.19, '2008-09': -8.22, '2009-10': -17.31, '2010-11': -28.63, '2011-12': -5.16, '2012-13': -7.53, '2013-14': -0.77, '2014-15': -5.87}"
Romania: Division 2/Serie 1,3,223,62,0.278,-237.33,-10.64,3.475,0.2756,1,3,"{'2012-13': 26.21, '2013-14': -31.96, '2014-15': -24.92}"
Switzerland: 1.Liga Promotion,3,147,42,0.2857,-157.46,-10.71,3.249,0.231,1,3,"{'2012-13': -33.37, '2013-14': -19.48, '2014-15': 5.48}"
Germany: Oberliga Sudwest,3,148,41,0.277,-159.39,-10.77,3.283,0.2395,0,1,{'2011-12': -10.77}
Scotland: Division 1,3,788,223,0.283,-851.71,-10.81,3.295,0.256,3,8,"{'2004-05': -18.35, '2005-06': -44.91, '2006-07': 0.42, '2007-08': -23.06, '2008-09': 8.47, '2009-10': 2.42, '2011-12': -15.15, '2012-13': -12.33}"
Czech Republic: Pohar CMFS,3,80,26,0.325,-86.52,-10.81,2.861,0.303,1,4,"{'2006-07': -42.77, '2007-08': -19.47, '2008-09': -6.93, '2009-10': 2.47}"
Russia: Division 2 - West,3,388,103,0.2655,-419.89,-10.82,3.5,0.2769,1,5,"{'2010-11': -25.73, '2011-12': -25.55, '2012-13': -2.7, '2013-14': -24.61, '2014-15': 12.85}"
Argentina: Primera Division,1,2331,632,0.2711,-2545.1,-10.92,3.446,0.2553,0,11,"{'2004-05': -29.84, '2005-06': -13.61, '2006-07': -5.94, '2007-08': -1.13, '2008-09': -0.61, '2009-10': -5.13, '2010-11': -8.6, '2011-12': -17.49, '2012-13': -28.2, '2013-14': -14.41, '2014-15': -6.35}"
Japan: J-League Division 2,2,1761,490,0.2783,-1924.41,-10.93,3.372,0.2539,1,8,"{'2007-08': -26.49, '2008-09': -13.74, '2009-10': -20.05, '2010-11': -2.73, '2011-12': -0.98, '2012-13': -21.53, '2013-14': 0.27, '2014-15': -11.61}"
Germany: Oberliga Niedersachsen,3,416,116,0.2788,-455.09,-10.94,3.335,0.2742,1,4,"{'2011-12': -29.64, '2012-13': -15.63, '2013-14': 4.01, '2014-15': -8.53}"
Slovenia: Prva liga,3,879,248,0.2821,-965.79,-10.99,3.406,0.2647,0,10,"{'2005-06': -8.56, '2006-07': -12.56, '2007-08': -12.83, '2008-09': -11.18, '2009-10': -4.44, '2010-11': -17.12, '2011-12': -23.6, '2012-13': -0.58, '2013-14': -9.27, '2014-15': -9.71}"
England: Nationwide Conference,3,718,198,0.2758,-797.96,-11.11,3.431,0.2628,0,3,"{'2004-05': -26.34, '2005-06': -17.16, '2006-07': -1.14}"
Portugal: Primeira Liga,1,1212,326,0.269,-1360.18,-11.22,3.49,0.2558,1,11,"{'2004-05': -2.27, '2005-06': -5.44, '2006-07': -2.44, '2007-08': -24.67, '2008-09': -40.1, '2009-10': -9.84, '2010-11': -30.79, '2011-12': -11.67, '2012-13': -4.41, '2013-14': -9.44, '2014-15': 12.88}"
England: The Skrill South,3,304,85,0.2796,-343.47,-11.3,3.333,0.2779,0,1,{'2013-14': -11.3}
Malta: Premier League,1,376,104,0.2766,-426.75,-11.35,3.368,0.2631,3,7,"{'2008-09': 36.21, '2009-10': -18.67, '2010-11': 0.38, '2011-12': -13.42, '2012-13': -16.93, '2013-14': 3.62, '2014-15': -37.16}"
Sweden: Allsvenskan,1,1098,299,0.2723,-1246.35,-11.35,3.429,0.2632,1,11,"{'2004-05': -13.75, '2005-06': -39.25, '2006-07': -4.87, '2007-08': -14.04, '2008-09': -12.45, '2009-10': 10.88, '2010-11': -4.45, '2011-12': -4.09, '2012-13': -28.15, '2013-14': -17.4, '2014-15': -6.41}"
Russia: Premier League,1,1088,293,0.2693,-1261.65,-11.6,3.478,0.253,0,11,"{'2004-05': -0.03, '2005-06': -32.49, '2006-07': -22.26, '2007-08': -4.04, '2008-09': -14.64, '2009-10': -0.5, '2010-11': -19.77, '2011-12': -1.41, '2012-13': -23.14, '2013-14': -6.15, '2014-15': -0.01}"
Czech Republic: Division 2,3,1153,309,0.268,-1345.77,-11.67,3.487,0.2716,1,10,"{'2005-06': -4.44, '2006-07': -14.37, '2007-08': -10.42, '2008-09': -31.47, '2009-10': -19.24, '2010-11': -56.52, '2011-12': -1.76, '2012-13': -16.9, '2013-14': 9.25, '2014-15': -7.08}"
Belarus: Vysshaya Liga,3,747,198,0.2651,-884.91,-11.85,3.469,0.2532,3,9,"{'2006-07': 27.56, '2007-08': 0.52, '2008-09': -9.35, '2009-10': 2.25, '2010-11': -14.47, '2011-12': -20.25, '2012-13': -30.75, '2013-14': -8.19, '2014-15': -23.23}"
Turkey: Bank Asya 1. Lig,3,1221,340,0.2785,-1451.14,-11.88,3.361,0.253,1,8,"{'2004-05': 13.95, '2005-06': -25.54, '2006-07': -9.85, '2007-08': -13.09, '2008-09': -4.62, '2009-10': -8.08, '2010-11': -25.87, '2011-12': -6.91}"
Austria: Regionalliga East,3,898,246,0.2739,-1085.92,-12.09,3.335,0.2757,2,7,"{'2008-09': -27.48, '2009-10': -6.9, '2010-11': 1.6, '2011-12': -12.84, '2012-13': -36.42, '2013-14': 2.58, '2014-15': -10.07}"
Armenia: Premier League,1,323,87,0.2693,-392.3,-12.15,3.412,0.2737,1,7,"{'2008-09': -13.84, '2009-10': -12.59, '2010-11': 18.62, '2011-12': -24.53, '2012-13': -18.17, '2013-14': -24.02, '2014-15': -5.39}"
Belgium: EXQI League,3,1114,301,0.2702,-1358.0,-12.19,3.375,0.2632,1,6,"{'2005-06': -21.12, '2006-07': -8.45, '2007-08': 2.97, '2008-09': -13.54, '2009-10': -18.88, '2011-12': -16.32}"
Denmark: 2nd Division West,3,1175,326,0.2774,-1440.35,-12.26,3.354,0.2674,2,9,"{'2006-07': 15.95, '2007-08': -23.54, '2008-09': -11.0, '2009-10': -24.29, '2010-11': 6.6, '2011-12': -8.75, '2012-13': -14.35, '2013-14': -20.77, '2014-15': -20.86}"
Malaysia: Super League,3,327,84,0.2569,-413.15,-12.63,3.592,0.2559,0,6,"{'2009-10': -43.0, '2010-11': -15.48, '2011-12': -13.75, '2012-13': -5.13, '2013-14': -17.4, '2014-15': -6.43}"
Malaysia: Premier League,1,164,44,0.2683,-207.78,-12.67,3.491,0.2415,0,4,"{'2011-12': -18.71, '2012-13': -16.26, '2013-14': -2.09, '2014-15': -17.78}"
England: Southern Premier League,6,1650,452,0.2739,-2099.26,-12.72,3.36,0.2798,1,6,"{'2009-10': -37.52, '2010-11': -8.51, '2011-12': -7.24, '2012-13': 4.25, '2013-14': -12.22, '2014-15': -15.4}"
Greece: B Ethniki,3,221,55,0.2489,-281.42,-12.73,3.702,0.264,0,2,"{'2006-07': -21.68, '2007-08': -5.34}"
Wales: Premier,3,1054,282,0.2676,-1344.32,-12.75,3.387,0.285,3,8,"{'2005-06': 9.28, '2006-07': -15.44, '2007-08': -13.56, '2008-09': -23.11, '2009-10': -41.05, '2011-12': -13.38, '2012-13': 0.91, '2013-14': 0.07}"
Germany: Regionalliga South,4,1153,316,0.2741,-1481.97,-12.85,3.343,0.2656,1,8,"{'2004-05': 6.32, '2005-06': -13.76, '2006-07': -3.82, '2007-08': -12.35, '2008-09': -27.36, '2009-10': -31.14, '2010-11': -7.59, '2011-12': -0.24}"
England: Blue Square Premier,5,914,246,0.2691,-1176.5,-12.87,3.414,0.2585,0,3,"{'2007-08': -8.6, '2008-09': -22.22, '2009-10': -8.13}"
Belgium: Jupiler League,1,1628,438,0.269,-2096.42,-12.88,3.438,0.2688,1,11,"{'2004-05': -0.6, '2005-06': -9.52, '2006-07': -36.0, '2007-08': -23.74, '2008-09': -2.46, '2009-10': -16.28, '2010-11': -31.02, '2011-12': -10.76, '2012-13': -1.53, '2013-14': 8.97, '2014-15': -11.05}"
South Korea: National League,2,339,91,0.2684,-439.5,-12.96,3.356,0.2495,1,5,"{'2010-11': 15.35, '2011-12': -22.24, '2012-13': -6.21, '2013-14': -5.21, '2014-15': -20.58}"
Germany: Oberliga Niederrhein,3,588,164,0.2789,-763.32,-12.98,3.288,0.2741,0,3,"{'2012-13': -6.42, '2013-14': -18.41, '2014-15': -14.4}"
Czech Republic: CFL,3,533,146,0.2739,-702.51,-13.18,3.407,0.2796,1,6,"{'2009-10': -19.13, '2010-11': -22.03, '2011-12': -9.52, '2012-13': 15.37, '2013-14': -9.57, '2014-15': -23.79}"
Germany: Oberliga Bayern Nord,3,529,139,0.2628,-697.98,-13.19,3.394,0.2879,0,3,"{'2012-13': -0.95, '2013-14': -11.85, '2014-15': -25.81}"
France: National,3,1822,481,0.264,-2403.07,-13.19,3.448,0.2525,1,9,"{'2005-06': -14.96, '2006-07': -7.04, '2007-08': 11.3, '2008-09': -15.52, '2009-10': -20.63, '2011-12': -6.02, '2012-13': -23.08, '2013-14': -29.19, '2014-15': -17.96}"
Norway: Tippeligaen,1,1293,347,0.2684,-1726.2,-13.35,3.445,0.2693,3,11,"{'2004-05': -39.97, '2005-06': -11.16, '2006-07': -16.4, '2007-08': -2.16, '2008-09': 4.6, '2009-10': -35.47, '2010-11': 4.0, '2011-12': -33.25, '2012-13': 3.74, '2013-14': -20.84, '2014-15': -21.05}"
Luxembourg: National Division,3,261,71,0.272,-351.87,-13.48,3.347,0.2805,1,4,"{'2011-12': -0.91, '2012-13': 14.28, '2013-14': -36.78, '2014-15': -29.6}"
Israel: Ligat ha'Al,3,1171,313,0.2673,-1578.5,-13.48,3.326,0.2514,0,10,"{'2005-06': -35.3, '2006-07': -12.35, '2007-08': -21.96, '2008-09': -7.74, '2009-10': -20.31, '2010-11': -8.25, '2011-12': -11.41, '2012-13': -4.52, '2013-14': -18.74, '2014-15': -2.14}"
Norway: Division 2 - Group 2,3,591,162,0.2741,-808.29,-13.68,3.342,0.2798,1,7,"{'2008-09': 0.85, '2009-10': -10.25, '2010-11': -9.83, '2011-12': -23.49, '2012-13': -26.8, '2013-14': -0.08, '2014-15': -18.95}"
Italy: Lega Pro C1/A,3,497,127,0.2555,-682.96,-13.74,3.482,0.2473,0,3,"{'2011-12': -2.98, '2012-13': -15.7, '2013-14': -24.93}"
Northern Ireland: IFA Premiership,3,1132,310,0.2739,-1557.0,-13.75,3.344,0.2642,0,10,"{'2005-06': -6.95, '2006-07': -9.35, '2007-08': -13.35, '2008-09': -27.21, '2009-10': -6.09, '2010-11': -16.73, '2011-12': -9.56, '2012-13': -30.89, '2013-14': -2.94, '2014-15': -13.85}"
Ecuador: Serie A,1,1075,285,0.2651,-1489.52,-13.86,3.477,0.262,2,9,"{'2006-07': -29.29, '2007-08': -27.25, '2008-09': 11.54, '2009-10': -22.04, '2010-11': -17.98, '2011-12': 5.96, '2012-13': -15.52, '2013-14': -17.52, '2014-15': -23.52}"
Germany: Regionalliga Nordost,3,426,118,0.277,-594.02,-13.94,3.369,0.2758,1,3,"{'2012-13': -38.98, '2013-14': 5.14, '2014-15': -12.78}"
Spain: Segunda Division B - Group 2,2,1276,331,0.2594,-1780.82,-13.96,3.483,0.2572,1,7,"{'2008-09': -1.06, '2009-10': -16.75, '2010-11': -24.94, '2011-12': -25.14, '2012-13': -18.53, '2013-14': -13.91, '2014-15': 8.84}"
Croatia: 1. HNL,1,674,180,0.2671,-941.61,-13.97,3.448,0.2725,2,10,"{'2004-05': -64.13, '2005-06': 10.78, '2006-07': -15.66, '2007-08': -35.26, '2008-09': -10.72, '2009-10': -25.9, '2011-12': -7.02, '2012-13': -8.23, '2013-14': -28.28, '2014-15': 2.56}"
Sweden: Division 2 - Norrland,3,365,96,0.263,-512.21,-14.03,3.42,0.2781,0,7,"{'2008-09': -5.56, '2009-10': -19.3, '2010-11': -9.42, '2011-12': -24.54, '2012-13': -7.28, '2013-14': -8.66, '2014-15': -17.23}"
Turkey: TFF 2. Lig Red Group,3,650,170,0.2615,-914.07,-14.06,3.442,0.2412,0,5,"{'2010-11': -18.73, '2011-12': -8.35, '2012-13': -7.17, '2013-14': -17.79, '2014-15': -15.94}"
France: Ligue 1,1,1812,468,0.2583,-2549.45,-14.07,3.551,0.2539,1,10,"{'2004-05': -50.5, '2005-06': -20.03, '2006-07': -22.71, '2007-08': -1.23, '2008-09': -19.08, '2009-10': -10.62, '2011-12': -10.17, '2012-13': -19.07, '2013-14': -14.93, '2014-15': 3.71}"
Denmark: 1st Division,3,941,252,0.2678,-1329.61,-14.13,3.418,0.2637,0,9,"{'2004-05': -12.26, '2005-06': -4.14, '2006-07': -5.42, '2007-08': -25.03, '2008-09': -52.3, '2009-10': -13.22, '2010-11': -11.25, '2011-12': -3.75, '2012-13': -1.33}"
Poland: Division 2,3,153,43,0.281,-220.46,-14.41,3.18,0.225,0,1,{'2014-15': -14.41}
Greece: Super League,1,974,251,0.2577,-1404.11,-14.42,3.566,0.2599,2,10,"{'2004-05': -38.97, '2005-06': -33.43, '2006-07': 6.14, '2007-08': -4.96, '2008-09': -22.98, '2009-10': -7.03, '2011-12': 3.3, '2012-13': -31.9, '2013-14': -17.07, '2014-15': -8.0}"
Switzerland: Super League,1,1002,262,0.2615,-1474.11,-14.71,3.449,0.2804,2,11,"{'2004-05': -15.89, '2005-06': -38.26, '2006-07': -17.84, '2007-08': -12.8, '2008-09': -32.41, '2009-10': 15.12, '2010-11': -21.67, '2011-12': 17.41, '2012-13': -19.39, '2013-14': -2.03, '2014-15': -32.08}"
Germany: Oberliga Rheinland-Pfalz/Saar,3,535,148,0.2766,-791.2,-14.79,3.252,0.2822,0,3,"{'2012-13': -10.79, '2013-14': -23.86, '2014-15': -9.49}"
Mexico: Liga de Ascenso,3,805,207,0.2571,-1198.46,-14.89,3.403,0.2474,1,6,"{'2009-10': 9.99, '2010-11': -11.55, '2011-12': -6.81, '2012-13': -5.26, '2013-14': -28.88, '2014-15': -28.73}"
Slovakia: Corgon Liga,3,831,215,0.2587,-1241.57,-14.94,3.469,0.2662,2,9,"{'2005-06': -16.66, '2006-07': -36.3, '2007-08': -44.94, '2008-09': -11.25, '2009-10': -21.8, '2010-11': 9.39, '2011-12': -22.04, '2012-13': -6.68, '2013-14': 11.8}"
Italy: Serie A,1,1671,417,0.2496,-2496.27,-14.94,3.58,0.2552,0,10,"{'2004-05': -15.47, '2005-06': -15.08, '2006-07': -13.73, '2007-08': -9.34, '2008-09': -11.49, '2009-10': -21.94, '2011-12': -6.98, '2012-13': -21.24, '2013-14': -26.1, '2014-15': -8.79}"
Germany: Oberliga Westfalen,3,541,149,0.2754,-811.52,-15.0,3.298,0.2842,0,3,"{'2012-13': -19.16, '2013-14': -18.47, '2014-15': -7.92}"
Moldova: Divizia Nationala,3,242,63,0.2603,-364.2,-15.05,3.44,0.2694,1,7,"{'2008-09': -7.46, '2009-10': -36.61, '2010-11': -0.88, '2011-12': -1.18, '2012-13': 17.7, '2013-14': -55.44, '2014-15': -48.2}"
Cyprus: First Division,3,683,183,0.2679,-1038.58,-15.21,3.424,0.2553,0,9,"{'2006-07': -5.58, '2007-08': -7.87, '2008-09': -20.74, '2009-10': -30.6, '2010-11': -14.06, '2011-12': -13.76, '2012-13': -20.51, '2013-14': -21.13, '2014-15': -1.48}"
Austria: tipp3-Bundesliga,1,268,70,0.2612,-410.86,-15.33,3.465,0.2778,0,3,"{'2011-12': -36.68, '2012-13': -11.72, '2013-14': -2.3}"
Ukraine: Premier League,1,770,196,0.2545,-1181.54,-15.34,3.508,0.2543,1,10,"{'2005-06': 53.56, '2006-07': -19.98, '2007-08': -18.97, '2008-09': -26.8, '2009-10': -10.64, '2010-11': -3.77, '2011-12': -33.4, '2012-13': -24.43, '2013-14': -22.77, '2014-15': -25.66}"
England: The Skrill Premier,3,339,92,0.2714,-520.57,-15.36,3.347,0.2667,0,1,{'2013-14': -15.36}
Vietnam: V-League,3,288,75,0.2604,-444.56,-15.44,3.368,0.2475,1,6,"{'2009-10': -38.84, '2010-11': 24.83, '2011-12': -57.64, '2012-13': -9.44, '2013-14': -6.8, '2014-15': -15.76}"
Turkey: TFF 3. Lig Group 1,3,243,64,0.2634,-377.18,-15.52,3.371,0.2251,0,5,"{'2010-11': -30.61, '2011-12': -2.88, '2012-13': -7.59, '2013-14': -5.44, '2014-15': -55.18}"
Germany: 3. Liga,3,1556,407,0.2616,-2420.94,-15.56,3.397,0.2653,1,7,"{'2008-09': -30.3, '2009-10': -7.94, '2010-11': -23.74, '2011-12': -19.08, '2012-13': -25.47, '2013-14': 0.77, '2014-15': -2.95}"
Uzbekistan: Professional Football League,3,144,36,0.25,-225.62,-15.67,3.628,0.2719,0,5,"{'2010-11': -31.39, '2011-12': -12.03, '2012-13': -22.91, '2013-14': -5.79, '2014-15': -6.62}"
Mexico: Primera Division,1,2642,695,0.2631,-4161.0,-15.75,3.396,0.2668,2,11,"{'2004-05': -18.9, '2005-06': 0.22, '2006-07': -34.9, '2007-08': -16.09, '2008-09': 5.02, '2009-10': -21.65, '2010-11': -7.72, '2011-12': -13.38, '2012-13': -9.96, '2013-14': -28.74, '2014-15': -13.16}"
Austria: ADEG Erste Liga,3,286,75,0.2622,-452.11,-15.81,3.438,0.2728,0,4,"{'2004-05': -100.0, '2005-06': -20.72, '2006-07': -3.85, '2007-08': -5.86}"
Norway: Division 2 - Group 3,3,684,188,0.2749,-1086.67,-15.89,3.307,0.2668,0,7,"{'2008-09': -34.93, '2009-10': -4.0, '2010-11': -4.87, '2011-12': -25.25, '2012-13': -23.0, '2013-14': -7.68, '2014-15': -22.87}"
Kazakhstan: Premier League,1,440,112,0.2545,-700.38,-15.92,3.523,0.2661,1,6,"{'2009-10': -9.78, '2010-11': 4.58, '2011-12': -26.36, '2012-13': -27.11, '2013-14': -2.94, '2014-15': -26.19}"
Ireland: Premier League,1,880,221,0.2511,-1401.25,-15.92,3.523,0.2665,1,11,"{'2004-05': -3.01, '2005-06': -27.38, '2006-07': -26.19, '2007-08': -7.12, '2008-09': -1.15, '2009-10': -17.5, '2010-11': -38.23, '2011-12': 3.23, '2012-13': -10.3, '2013-14': -23.88, '2014-15': -17.98}"
Serbia: Super Liga,1,687,175,0.2547,-1110.52,-16.16,3.503,0.252,0,9,"{'2006-07': -52.68, '2007-08': -31.34, '2008-09': -20.4, '2009-10': -5.37, '2010-11': -18.72, '2011-12': -15.27, '2012-13': -28.77, '2013-14': -6.73, '2014-15': -0.13}"
Norway: Division 2 - Group 1,3,672,186,0.2768,-1090.53,-16.23,3.266,0.2691,1,7,"{'2008-09': -45.78, '2009-10': -21.27, '2010-11': -31.57, '2011-12': -11.55, '2012-13': 13.43, '2013-14': -4.86, '2014-15': -27.73}"
India: I-League,3,494,126,0.2551,-806.37,-16.32,3.333,0.2541,1,6,"{'2009-10': -24.6, '2010-11': -24.24, '2011-12': -14.16, '2012-13': -31.46, '2013-14': 14.59, '2014-15': -21.18}"
United Arab Emirates: UAE League,3,479,128,0.2672,-781.74,-16.32,3.382,0.257,0,6,"{'2009-10': -14.61, '2010-11': -10.39, '2011-12': -8.55, '2012-13': -14.57, '2013-14': -22.98, '2014-15': -17.25}"
Denmark: 2nd Division East,3,1050,278,0.2648,-1727.96,-16.46,3.36,0.267,2,9,"{'2006-07': 11.86, '2007-08': -13.8, '2008-09': -23.03, '2009-10': -7.33, '2010-11': -47.64, '2011-12': 3.98, '2012-13': -8.51, '2013-14': -17.38, '2014-15': -28.48}"
Finland: Kakkonen West,3,173,45,0.2601,-285.66,-16.51,3.411,0.2617,0,4,"{'2011-12': -36.75, '2012-13': -3.54, '2013-14': -20.76, '2014-15': -15.32}"
Israel: Leumit League,3,928,240,0.2586,-1532.84,-16.52,3.368,0.2539,0,6,"{'2009-10': -19.08, '2010-11': -26.79, '2011-12': -4.2, '2012-13': -21.09, '2013-14': -9.43, '2014-15': -19.88}"
Colombia: Liga Postobon,1,1658,418,0.2521,-2747.59,-16.57,3.553,0.2589,1,9,"{'2006-07': -29.08, '2007-08': 6.33, '2008-09': -8.77, '2009-10': -25.07, '2010-11': -29.12, '2011-12': -21.66, '2012-13': -7.59, '2013-14': -16.41, '2014-15': -29.97}"
Turkey: TFF 2. Lig White Group,3,625,157,0.2512,-1038.99,-16.62,3.422,0.2412,1,5,"{'2010-11': -34.74, '2011-12': -12.38, '2012-13': -31.66, '2013-14': -14.28, '2014-15': 13.61}"
Italy: Serie C2/A,3,402,98,0.2438,-668.36,-16.63,3.567,0.2298,0,3,"{'2008-09': -12.65, '2009-10': -4.02, '2010-11': -37.82}"
Iraq: Super League,3,139,35,0.2518,-231.27,-16.64,3.438,0.2563,1,5,"{'2009-10': -86.1, '2010-11': -29.53, '2011-12': -13.71, '2012-13': -2.2, '2013-14': 57.64}"
Belgium: Belgium Third Division Group A,3,560,142,0.2536,-933.05,-16.66,3.406,0.2701,1,4,"{'2011-12': 4.95, '2012-13': -27.57, '2013-14': -22.36, '2014-15': -5.5}"
El Salvador: Primera Division,1,358,92,0.257,-598.61,-16.72,3.348,0.2483,1,5,"{'2009-10': -86.67, '2010-11': -21.95, '2011-12': -27.4, '2012-13': -18.49, '2014-15': 30.49}"
Georgia: Umaglesi Liga,3,312,81,0.2596,-522.25,-16.74,3.489,0.2815,2,6,"{'2009-10': -24.5, '2010-11': -40.01, '2011-12': -28.21, '2012-13': 20.57, '2013-14': 7.56, '2014-15': -19.74}"
Germany: Oberliga Bayern,3,180,45,0.25,-301.7,-16.76,3.347,0.2917,0,1,{'2011-12': -16.76}
Germany: Oberliga Hamburg,3,687,180,0.262,-1152.93,-16.78,3.369,0.2824,1,4,"{'2011-12': 8.87, '2012-13': -32.92, '2013-14': -16.9, '2014-15': -22.03}"
Italy: Lega Pro - Group A,3,207,53,0.256,-348.05,-16.81,3.437,0.2345,0,1,{'2014-15': -16.81}
Belgium: Proximus League,3,150,37,0.2467,-253.55,-16.9,3.485,0.2764,0,1,{'2014-15': -16.9}
Italy: Lega Pro - Group B,3,211,54,0.2559,-356.74,-16.91,3.311,0.2506,0,1,{'2014-15': -16.91}
Qatar: Premier League,1,301,79,0.2625,-509.36,-16.92,3.343,0.2472,0,4,"{'2011-12': -21.45, '2012-13': -6.29, '2013-14': -31.61, '2014-15': -7.27}"
Argentina: Primera B Metropolitana,2,479,119,0.2484,-812.36,-16.96,3.391,0.2417,1,4,"{'2010-11': -18.2, '2012-13': 0.37, '2013-14': -8.2, '2014-15': -28.05}"
South Korea: K-League,3,554,143,0.2581,-945.21,-17.06,3.386,0.2519,1,5,"{'2008-09': -35.08, '2009-10': -15.81, '2010-11': 16.38, '2011-12': -31.22, '2012-13': -24.79}"
Italy: Serie B,2,2415,604,0.2501,-4135.05,-17.12,3.529,0.2448,0,10,"{'2004-05': -20.64, '2005-06': -23.18, '2006-07': -20.28, '2007-08': -16.57, '2008-09': -11.89, '2009-10': -8.61, '2011-12': -17.21, '2012-13': -24.65, '2013-14': -8.59, '2014-15': -22.21}"
Argentina: Primera B Nacional,2,1431,357,0.2495,-2458.42,-17.18,3.455,0.2511,1,7,"{'2008-09': 39.78, '2009-10': -8.25, '2010-11': -10.82, '2011-12': -26.61, '2012-13': -16.99, '2013-14': -21.12, '2014-15': -25.1}"
England: Blue Square South,3,434,112,0.2581,-752.94,-17.35,3.342,0.2735,0,2,"{'2008-09': -17.89, '2009-10': -16.98}"
Iran: Persian Gulf Pro League,3,128,32,0.25,-223.38,-17.45,3.406,0.2323,0,1,{'2014-15': -17.45}
England: Blue Square North,3,457,115,0.2516,-797.99,-17.46,3.317,0.2591,0,2,"{'2008-09': -20.18, '2009-10': -15.42}"
China: Super League,3,772,195,0.2526,-1354.96,-17.55,3.419,0.2453,0,7,"{'2008-09': -20.6, '2009-10': -5.16, '2010-11': -19.48, '2011-12': -37.11, '2012-13': -22.44, '2013-14': -11.11, '2014-15': -2.54}"
Spain: Segunda Division B - Group 4,2,1190,292,0.2454,-2090.89,-17.57,3.501,0.2672,0,7,"{'2008-09': -20.71, '2009-10': -13.87, '2010-11': -19.86, '2011-12': -15.15, '2012-13': -19.23, '2013-14': -13.09, '2014-15': -23.35}"
Czech Republic: Gambrinus liga,3,972,255,0.2623,-1707.65,-17.57,3.446,0.2546,1,9,"{'2004-05': -9.45, '2005-06': -35.25, '2006-07': -28.32, '2007-08': -25.97, '2008-09': -0.36, '2009-10': -7.71, '2011-12': 3.81, '2012-13': -18.96, '2013-14': -29.97}"
Austria: T-Mobile Bundesliga,1,564,140,0.2482,-992.22,-17.59,3.451,0.2686,1,7,"{'2004-05': -23.27, '2005-06': -18.5, '2006-07': -9.09, '2007-08': -18.66, '2008-09': -30.53, '2009-10': -37.07, '2010-11': 5.95}"
Slovakia: 2. liga,3,613,152,0.248,-1082.28,-17.66,3.529,0.2724,1,7,"{'2007-08': -15.91, '2008-09': -32.31, '2009-10': -19.82, '2010-11': -13.8, '2011-12': -47.32, '2012-13': -6.04, '2013-14': 12.45}"
Italy: Serie C1/A,3,921,224,0.2432,-1634.6,-17.75,3.623,0.2486,0,6,"{'2005-06': -31.99, '2006-07': -7.71, '2007-08': -21.78, '2008-09': -5.64, '2009-10': -28.61, '2010-11': -14.6}"
Austria: Regionalliga Central,3,770,202,0.2623,-1378.52,-17.9,3.377,0.2845,0,7,"{'2008-09': -32.71, '2009-10': -12.97, '2010-11': -9.52, '2011-12': -21.02, '2012-13': -26.28, '2013-14': -26.08, '2014-15': -1.4}"
Bahrain: Premier League,1,210,55,0.2619,-377.4,-17.97,3.326,0.2685,1,6,"{'2009-10': -6.18, '2010-11': -50.93, '2011-12': 3.24, '2012-13': -38.56, '2013-14': -41.54, '2014-15': -0.97}"
Romania: Liga I,1,1151,293,0.2546,-2090.67,-18.16,3.46,0.2519,0,10,"{'2005-06': -38.38, '2006-07': -16.81, '2007-08': -16.94, '2008-09': -18.12, '2009-10': -11.49, '2010-11': -13.03, '2011-12': -13.46, '2012-13': -19.59, '2013-14': -22.27, '2014-15': -18.08}"
France: Ligue 2,2,2160,526,0.2435,-3938.39,-18.23,3.593,0.2571,1,10,"{'2004-05': -34.86, '2005-06': -31.7, '2006-07': -24.66, '2007-08': -16.52, '2008-09': 1.2, '2009-10': -18.22, '2011-12': -12.25, '2012-13': -14.18, '2013-14': -18.31, '2014-15': -22.83}"
Thailand: Thai Premier League,1,653,167,0.2557,-1192.84,-18.27,3.39,0.2427,0,5,"{'2010-11': -19.98, '2011-12': -8.43, '2012-13': -32.94, '2013-14': -8.03, '2014-15': -24.42}"
Greece: Football League - Group 2,3,133,31,0.2331,-245.46,-18.46,3.683,0.263,0,2,"{'2013-14': -17.17, '2014-15': -19.69}"
Bolivia: Liga de Futbol Prof,3,672,165,0.2455,-1246.75,-18.55,3.599,0.2887,0,7,"{'2008-09': -15.16, '2009-10': -11.34, '2010-11': -8.55, '2011-12': -3.37, '2012-13': -20.22, '2013-14': -32.83, '2014-15': -33.62}"
Costa Rica: Primera Division,1,713,176,0.2468,-1333.92,-18.71,3.424,0.2521,0,5,"{'2010-11': -6.94, '2011-12': -14.6, '2012-13': -15.03, '2013-14': -34.28, '2014-15': -18.7}"
USA: USL First Division,3,172,41,0.2384,-323.34,-18.8,3.495,0.256,0,3,"{'2008-09': -29.83, '2009-10': -13.36, '2010-11': -23.6}"
USA: MLS,1,1729,428,0.2475,-3260.12,-18.86,3.496,0.2607,0,11,"{'2004-05': -60.36, '2005-06': -33.95, '2006-07': -9.79, '2007-08': -19.79, '2008-09': -27.09, '2009-10': -18.53, '2010-11': -12.67, '2011-12': -20.33, '2012-13': -17.97, '2013-14': -6.27, '2014-15': -13.78}"
Portugal: Segunda Liga,2,922,234,0.2538,-1747.21,-18.95,3.394,0.2522,0,3,"{'2012-13': -20.76, '2013-14': -20.0, '2014-15': -16.22}"
Portugal: Liga de Honra,3,990,246,0.2485,-1893.11,-19.12,3.415,0.2422,0,7,"{'2005-06': -31.33, '2006-07': -29.57, '2007-08': -11.77, '2008-09': -6.47, '2009-10': -12.06, '2010-11': -26.9, '2011-12': -17.69}"
Poland: Division 1,3,1200,304,0.2533,-2296.39,-19.14,3.407,0.2591,0,7,"{'2008-09': -18.8, '2009-10': -19.21, '2010-11': -42.56, '2011-12': -12.27, '2012-13': -18.97, '2013-14': -12.35, '2014-15': -12.76}"
Poland: 1. Liga,2,307,76,0.2476,-588.48,-19.17,3.492,0.2657,1,3,"{'2005-06': 6.53, '2006-07': -21.71, '2007-08': -21.59}"
Russia: Division 2 - East,3,232,56,0.2414,-447.53,-19.29,3.528,0.2705,2,5,"{'2010-11': 27.6, '2011-12': -32.8, '2012-13': -46.54, '2013-14': 9.79, '2014-15': -5.85}"
Saudi Arabia: Division 1,3,227,54,0.2379,-439.59,-19.37,3.447,0.2655,0,3,"{'2012-13': -24.24, '2013-14': -18.63, '2014-15': -17.06}"
China: Jia League,3,314,76,0.242,-608.68,-19.38,3.421,0.2418,1,4,"{'2011-12': 48.0, '2012-13': -29.33, '2013-14': -28.0, '2014-15': -20.45}"
Spain: Segunda Division B - Group 1,2,1238,302,0.2439,-2426.71,-19.6,3.48,0.2558,0,7,"{'2008-09': -33.67, '2009-10': -26.03, '2010-11': -14.93, '2011-12': -4.62, '2012-13': -19.71, '2013-14': -35.74, '2014-15': -16.47}"
Australia: Brisbane Premier League,1,225,56,0.2489,-441.92,-19.64,3.5,0.279,1,4,"{'2011-12': -20.27, '2012-13': -26.18, '2013-14': 5.53, '2014-15': -28.58}"
Colombia: Torneo Postobon,3,449,108,0.2405,-885.61,-19.72,3.516,0.2654,0,4,"{'2011-12': -46.58, '2012-13': -2.93, '2013-14': -22.62, '2014-15': -27.35}"
Turkey: TFF 2. Lig Group 2,3,117,29,0.2479,-230.79,-19.73,3.411,0.2538,0,2,"{'2008-09': -30.32, '2009-10': -11.25}"
Poland: Orange Ekstraklasa,1,372,92,0.2473,-759.87,-20.43,3.464,0.2657,1,4,"{'2004-05': -21.57, '2005-06': 1.43, '2006-07': -27.6, '2007-08': -35.85}"
South Korea: K League Classic,1,152,35,0.2303,-312.1,-20.53,3.473,0.246,0,2,"{'2012-13': -22.77, '2013-14': -19.33}"
Germany: Junioren Bundesliga West,1,330,84,0.2545,-678.72,-20.57,3.383,0.2799,1,6,"{'2009-10': 10.08, '2010-11': -14.2, '2011-12': -16.14, '2012-13': -10.18, '2013-14': -40.64, '2014-15': -38.42}"
Italy: Lega Pro C2/A,3,585,135,0.2308,-1209.53,-20.68,3.485,0.2517,0,3,"{'2011-12': -25.05, '2012-13': -14.26, '2013-14': -20.43}"
Italy: Serie C1/B,3,855,197,0.2304,-1826.75,-21.37,3.652,0.2403,0,6,"{'2005-06': -30.29, '2006-07': -17.4, '2007-08': -47.02, '2008-09': -22.31, '2009-10': -7.88, '2010-11': -12.4}"
Paraguay: Primera Division,1,777,183,0.2355,-1662.17,-21.39,3.387,0.2429,1,7,"{'2008-09': 22.62, '2009-10': -56.55, '2010-11': -22.91, '2011-12': -28.04, '2012-13': -12.69, '2013-14': -16.95, '2014-15': -23.07}"
Greece: Beta Ethniki,3,379,88,0.2322,-819.28,-21.62,3.697,0.2669,0,3,"{'2008-09': -20.31, '2009-10': -20.39, '2010-11': -24.7}"
Hungary: OTP Bank Liga,1,497,120,0.2414,-1093.69,-22.01,3.348,0.2582,0,4,"{'2011-12': -34.63, '2012-13': -12.65, '2013-14': -9.58, '2014-15': -29.9}"
Saudi Arabia: Saudi Professional League,3,455,112,0.2462,-1007.21,-22.14,3.319,0.2483,0,6,"{'2009-10': -13.76, '2010-11': -28.23, '2011-12': -22.67, '2012-13': -32.36, '2013-14': -12.77, '2014-15': -15.9}"
Turkey: TFF 3. Lig Group 2,3,243,58,0.2387,-543.67,-22.37,3.452,0.2523,1,5,"{'2010-11': 24.27, '2011-12': -30.53, '2012-13': -38.73, '2013-14': -13.56, '2014-15': -26.88}"
Turkey: TFF 3. Lig Group 3,3,252,60,0.2381,-569.06,-22.58,3.358,0.223,1,5,"{'2010-11': -38.89, '2011-12': 23.38, '2012-13': -7.42, '2013-14': -33.36, '2014-15': -22.27}"
Faroe Islands: Premier League,1,292,66,0.226,-671.27,-22.99,3.52,0.2795,0,5,"{'2010-11': -23.19, '2011-12': -10.34, '2012-13': -39.05, '2013-14': -10.17, '2014-15': -36.51}"
Bulgaria: A PFG,3,612,144,0.2353,-1407.89,-23.0,3.492,0.2658,3,10,"{'2005-06': 3.61, '2006-07': -20.45, '2007-08': -40.32, '2008-09': -41.46, '2009-10': -12.24, '2010-11': -34.62, '2011-12': -36.4, '2012-13': 4.35, '2013-14': -41.59, '2014-15': 2.93}"
Italy: Lega Pro C1/B,3,489,114,0.2331,-1129.77,-23.1,3.511,0.2444,0,3,"{'2011-12': -17.87, '2012-13': -44.0, '2013-14': -10.55}"
Italy: Serie C2/B,3,421,93,0.2209,-978.39,-23.24,3.637,0.2295,0,3,"{'2008-09': -33.27, '2009-10': -12.48, '2010-11': -27.06}"
Italy: Lega Pro C2/B,3,568,131,0.2306,-1338.63,-23.57,3.501,0.2517,0,3,"{'2011-12': -24.66, '2012-13': -23.72, '2013-14': -22.02}"
Spain: Segunda Division B - Group 3,2,1262,289,0.229,-3019.85,-23.93,3.478,0.2535,0,7,"{'2008-09': -45.48, '2009-10': -33.36, '2010-11': -13.87, '2011-12': -9.98, '2012-13': -47.07, '2013-14': -31.38, '2014-15': -2.29}"
Azerbaijan: Premier League,1,403,96,0.2382,-968.38,-24.03,3.425,0.2667,0,6,"{'2009-10': -32.58, '2010-11': -28.08, '2011-12': -17.62, '2012-13': -7.17, '2013-14': -35.37, '2014-15': -39.53}"
Belgium: Belgacom League,3,327,75,0.2294,-786.73,-24.06,3.479,0.2655,0,2,"{'2012-13': -27.8, '2013-14': -19.54}"
Czech Republic: MSFL,3,295,69,0.2339,-716.75,-24.3,3.319,0.2491,0,5,"{'2009-10': -17.06, '2010-11': -44.08, '2012-13': -28.25, '2013-14': -27.09, '2014-15': -4.98}"
Iran: Pro League,3,746,176,0.2359,-1850.41,-24.8,3.397,0.2344,0,5,"{'2009-10': -22.87, '2010-11': -23.0, '2011-12': -17.09, '2012-13': -33.89, '2013-14': -29.83}"
FYR of Macedonia: First League,3,357,82,0.2297,-886.53,-24.83,3.527,0.2631,0,7,"{'2008-09': -20.96, '2009-10': -17.98, '2010-11': -8.34, '2011-12': -49.6, '2012-13': -14.85, '2013-14': -28.06, '2014-15': -16.36}"
Venezuela: Primera Division,1,1132,253,0.2235,-2827.33,-24.98,3.509,0.267,0,7,"{'2008-09': -20.22, '2009-10': -29.64, '2010-11': -27.73, '2011-12': -43.05, '2012-13': -4.73, '2013-14': -39.62, '2014-15': -11.35}"
Poland: Division 2 East,3,140,34,0.2429,-354.06,-25.29,3.207,0.2414,0,2,"{'2010-11': -15.47, '2011-12': -26.3}"
Poland: Division 2 - West,3,293,67,0.2287,-751.44,-25.65,3.299,0.2642,0,2,"{'2012-13': -19.37, '2013-14': -31.55}"
Greece: Football League - Group 1,3,124,28,0.2258,-320.71,-25.86,3.476,0.2195,0,2,"{'2013-14': -25.82, '2014-15': -25.91}"
Algeria: Division 1,3,551,117,0.2123,-1435.43,-26.05,3.668,0.2655,0,5,"{'2010-11': -25.07, '2011-12': -10.78, '2012-13': -33.4, '2013-14': -42.93, '2014-15': -15.59}"
England: The Skrill North,3,291,69,0.2371,-769.15,-26.43,3.333,0.2678,0,1,{'2013-14': -26.43}
Brazil: Campeonato Gaucho,3,132,29,0.2197,-349.59,-26.48,3.442,0.2488,0,2,"{'2013-14': -35.56, '2014-15': -17.51}"
Honduras: Liga Nacional,3,540,118,0.2185,-1430.42,-26.49,3.46,0.2446,1,6,"{'2009-10': 6.43, '2010-11': -40.09, '2011-12': -24.91, '2012-13': -46.82, '2013-14': -20.41, '2014-15': -17.46}"
Germany: Oberliga Bremen,3,129,29,0.2248,-363.54,-28.18,3.338,0.3281,1,2,"{'2013-14': 2.92, '2014-15': -44.76}"
Germany: Oberliga NRW,3,125,28,0.224,-360.11,-28.81,3.45,0.2902,0,1,{'2011-12': -28.81}
Bosnia and Herzegovina: Premier League,1,433,87,0.2009,-1310.21,-30.26,3.765,0.2766,1,8,"{'2007-08': 18.61, '2008-09': -18.48, '2009-10': -52.6, '2010-11': -16.52, '2011-12': -23.27, '2012-13': -10.77, '2013-14': -52.32, '2014-15': -39.82}"
Tunisia: Ligue Professionnelle 1,3,279,56,0.2007,-855.95,-30.68,3.573,0.2405,1,6,"{'2009-10': 25.17, '2010-11': -39.31, '2011-12': -28.59, '2012-13': -25.64, '2013-14': -22.94, '2014-15': -47.86}"
Romania: Division 2/Serie B,2,387,82,0.2119,-1213.2,-31.35,3.566,0.2667,1,5,"{'2007-08': 46.41, '2008-09': -50.08, '2009-10': -14.03, '2010-11': -35.64, '2011-12': -50.25}"
Italy: Serie C2/C,3,333,67,0.2012,-1048.57,-31.49,3.624,0.2632,0,3,"{'2008-09': -53.63, '2009-10': -14.81, '2010-11': -31.59}"
Russia: Division 2 - Ural-Povolzhye,3,247,48,0.1943,-789.53,-31.96,3.52,0.2557,0,4,"{'2011-12': -12.33, '2012-13': -33.47, '2013-14': -53.27, '2014-15': -40.18}"
Indonesia: Super Liga,1,327,66,0.2018,-1056.11,-32.3,3.56,0.2652,0,4,"{'2011-12': -34.1, '2012-13': -16.82, '2013-14': -32.38, '2014-15': -75.11}"
Italy: Lega Pro - Group C,3,201,42,0.209,-651.52,-32.41,3.422,0.2391,0,1,{'2014-15': -32.41}
Yemen: Division 1,3,201,40,0.199,-654.38,-32.56,3.544,0.2583,0,3,"{'2012-13': -37.0, '2013-14': -44.62, '2014-15': -5.49}"
Romania: Division 2/Serie 2,3,204,41,0.201,-671.3,-32.91,3.437,0.2313,0,3,"{'2012-13': -16.48, '2013-14': -26.74, '2014-15': -62.23}"
Morocco: Botola,3,452,92,0.2035,-1526.12,-33.76,3.459,0.249,0,5,"{'2009-10': -7.05, '2010-11': -16.96, '2011-12': -29.37, '2012-13': -52.61, '2013-14': -41.64}"
Albania: Super League,3,177,36,0.2034,-605.75,-34.22,3.547,0.2419,1,5,"{'2009-10': -58.53, '2010-11': -36.81, '2011-12': 11.22, '2012-13': -31.31, '2013-14': -71.38}"
Kuwait: Premier League,1,200,40,0.2,-708.63,-35.43,3.414,0.2597,0,4,"{'2011-12': -38.42, '2012-13': -28.5, '2013-14': -31.04, '2014-15': -43.69}"
South Korea: K-League Classic,3,192,37,0.1927,-680.7,-35.45,3.465,0.2444,0,2,"{'2013-14': -30.92, '2014-15': -36.46}"
Egypt: Premier League,1,707,145,0.2051,-2517.59,-35.61,3.438,0.2428,0,7,"{'2008-09': -35.3, '2009-10': -52.15, '2010-11': -36.1, '2011-12': -51.6, '2012-13': -22.79, '2013-14': -43.87, '2014-15': -15.88}"
Jordan: Premier League,1,241,48,0.1992,-974.53,-40.44,3.334,0.2462,0,4,"{'2011-12': -37.56, '2012-13': -52.44, '2013-14': -14.99, '2014-15': -57.82}"
Guatemala: Liga Nacional,3,844,142,0.1682,-3431.35,-40.66,3.786,0.2881,0,7,"{'2008-09': -43.19, '2009-10': -41.17, '2010-11': -42.17, '2011-12': -48.91, '2012-13': -39.76, '2013-14': -27.98, '2014-15': -39.51}"
Iran: Division 1,3,529,94,0.1777,-2239.43,-42.33,3.378,0.2324,0,4,"{'2011-12': -46.39, '2012-13': -39.21, '2013-14': -38.06, '2014-15': -50.45}"
Ghana: Premier League,1,195,28,0.1436,-917.71,-47.06,3.779,0.2772,0,3,"{'2012-13': -54.36, '2013-14': -33.28, '2014-15': -73.18}"
