date,tour,series,surface,odds,model_prob,edge,won,pnl
2024-01-01,WTA,WTA250,Hard,2.96,0.3994592010974884,0.06162136325965056,0,-10.0
2024-01-01,WTA,WTA250,Hard,1.47,0.7491479992866517,0.06887589044311426,1,4.699999999999999
2024-01-01,WTA,WTA250,Hard,2.24,0.527917993068695,0.08148942164012363,1,12.400000000000002
2024-01-01,WTA,WTA250,Hard,1.84,0.6225400447845459,0.07906178391498075,1,8.4
2024-01-01,WTA,WTA250,Hard,2.04,0.7366721630096436,0.24647608457827103,1,10.4
2024-01-02,WTA,WTA250,Hard,2.28,0.6564888238906861,0.21789233266261587,0,-10.0
2024-01-02,WTA,WTA250,Hard,2.02,0.6746572017669678,0.1796076968164727,1,10.2
2024-01-02,WTA,WTA250,Hard,1.66,0.7340464025735856,0.13163676401936864,1,6.6
2024-01-03,WTA,WTA250,Hard,1.61,0.7628156900405884,0.14169767761822816,1,6.100000000000001
2024-01-03,WTA,WTA250,Hard,1.7,0.6560070037841796,0.06777170966653256,1,7.0
2024-01-04,WTA,WTA250,Hard,1.7,0.757301864027977,0.16906656991032987,1,7.0
2024-01-04,WTA,WTA250,Hard,1.46,0.7500865817070007,0.06515507485768568,1,4.6
2024-01-04,WTA,WTA250,Hard,2.04,0.5918922662734986,0.10169618784212603,0,-10.0
2024-01-05,WTA,WTA250,Hard,2.86,0.4949304163455963,0.14528006669524662,0,-10.0
2024-01-05,WTA,WTA250,Hard,1.88,0.5822460889816284,0.05033119536460717,1,8.799999999999999
2024-01-01,WTA,WTA500,Hard,3.42,0.418397045135498,0.1259993843167846,0,-10.0
2024-01-01,WTA,WTA500,Hard,2.79,0.5232250154018402,0.16480207633373983,1,17.9
2024-01-02,WTA,WTA500,Hard,2.18,0.5840120673179626,0.12529647098768742,1,11.8
2024-01-02,WTA,WTA500,Hard,2.51,0.4925155580043793,0.09410918350238723,0,-10.0
2024-01-02,WTA,WTA500,Hard,2.47,0.5326803803443909,0.12782208074924922,1,14.700000000000003
2024-01-03,WTA,WTA500,Hard,1.53,0.7304690599441528,0.07687428870232271,1,5.300000000000001
2024-01-03,WTA,WTA500,Hard,2.4,0.5532562971115113,0.13658963044484457,1,14.0
2024-01-03,WTA,WTA500,Hard,2.0,0.5663686394691467,0.06636863946914673,0,-10.0
2024-01-03,WTA,WTA500,Hard,1.62,0.7134806454181671,0.09619669480088322,1,6.200000000000001
2024-01-03,WTA,WTA500,Hard,1.99,0.6831736385822296,0.18066107576815926,0,-10.0
2024-01-03,WTA,WTA500,Hard,1.99,0.693032419681549,0.19051985686747874,1,9.9
2024-01-04,WTA,WTA500,Hard,2.77,0.4889032125473023,0.12789238222239252,0,-10.0
2024-01-04,WTA,WTA500,Hard,1.54,0.714755380153656,0.06540473080300668,1,5.4
2024-01-05,WTA,WTA500,Hard,1.89,0.6171256303787231,0.08802510127819396,0,-10.0
2024-01-08,WTA,WTA500,Hard,1.66,0.6987017750740051,0.09629213651978819,0,-10.0
2024-01-08,WTA,WTA500,Hard,1.75,0.686068993806839,0.11464042237826755,0,-10.0
2024-01-08,WTA,WTA500,Hard,3.35,0.38620178699493407,0.08769432430836693,1,23.5
2024-01-09,WTA,WTA500,Hard,1.41,0.7649503231048584,0.05573046494883005,1,4.1
2024-01-10,WTA,WTA500,Hard,2.02,0.5931656062602997,0.09811610130980464,1,10.2
2024-01-10,WTA,WTA500,Hard,2.01,0.6058216035366059,0.10830916572566052,0,-10.0
2024-01-10,WTA,WTA500,Hard,2.52,0.44882838726043706,0.05200299043504025,0,-10.0
2024-01-10,WTA,WTA500,Hard,1.67,0.6962278485298157,0.09742545332023478,1,6.699999999999999
2024-01-10,WTA,WTA500,Hard,2.47,0.47024875283241274,0.06539045323727105,1,14.700000000000003
2024-01-12,WTA,WTA500,Hard,1.84,0.6542369246482849,0.11075866377871968,1,8.4
2024-01-08,WTA,WTA250,Hard,2.32,0.4914427816867828,0.060408298928162074,1,13.2
2024-01-08,WTA,WTA250,Hard,1.98,0.5664808511734009,0.061430346122895774,0,-10.0
2024-01-09,WTA,WTA250,Hard,1.73,0.6413235664367676,0.06328888435584268,0,-10.0
2024-01-10,WTA,WTA250,Hard,1.82,0.6993127256631851,0.14986217621263576,0,-10.0
2024-01-10,WTA,WTA250,Hard,2.42,0.4650241434574127,0.05180100296154494,0,-10.0
2024-01-10,WTA,WTA250,Hard,1.53,0.7071253657341003,0.05353059449227027,0,-10.0
2024-01-11,WTA,WTA250,Hard,2.02,0.6857910990715027,0.19074159412100766,0,-10.0
2024-01-11,WTA,WTA250,Hard,2.27,0.5171768069267273,0.07664817256549383,1,12.7
2024-01-12,WTA,WTA250,Hard,3.1,0.4282629609107971,0.10568231574950676,0,-10.0
2024-01-13,WTA,WTA250,Hard,1.74,0.6428135693073272,0.06810092562916636,0,-10.0
2024-01-14,WTA,Grand Slam,Hard,2.61,0.4709233283996582,0.08778156594755093,0,-10.0
2024-01-14,WTA,Grand Slam,Hard,1.27,0.8377951383590698,0.050393563555920284,1,2.7
2024-01-14,WTA,Grand Slam,Hard,2.47,0.5804731726646424,0.1756148730695007,1,14.700000000000003
2024-01-14,WTA,Grand Slam,Hard,2.06,0.5940142750740052,0.10857738187012167,1,10.600000000000001
2024-01-14,WTA,Grand Slam,Hard,2.26,0.5783005058765411,0.13582262977034643,0,-10.0
2024-01-14,WTA,Grand Slam,Hard,3.06,0.476724112033844,0.14992672641292898,1,20.6
2024-01-14,WTA,Grand Slam,Hard,1.41,0.7595587611198426,0.05033890296381416,0,-10.0
2024-01-14,WTA,Grand Slam,Hard,1.65,0.6706739366054535,0.06461333054484741,0,-10.0
2024-01-14,WTA,Grand Slam,Hard,2.52,0.7023104429244995,0.3054850460991027,0,-10.0
2024-01-15,WTA,Grand Slam,Hard,2.29,0.6870305418968201,0.2503493191893965,1,12.9
2024-01-15,WTA,Grand Slam,Hard,2.66,0.49339890480041504,0.11745905517635491,0,-10.0
2024-01-15,WTA,Grand Slam,Hard,2.97,0.48709961771965027,0.1503992810193136,0,-10.0
2024-01-15,WTA,Grand Slam,Hard,3.35,0.44880080223083496,0.15029333954426782,0,-10.0
2024-01-15,WTA,Grand Slam,Hard,2.16,0.7598494410514831,0.2968864780885202,1,11.600000000000001
2024-01-16,WTA,Grand Slam,Hard,1.77,0.6533937692642212,0.08842201785179182,1,7.7
2024-01-16,WTA,Grand Slam,Hard,3.19,0.3959262728691101,0.08244664904465865,0,-10.0
2024-01-16,WTA,Grand Slam,Hard,2.18,0.5363015174865723,0.07758592115629709,1,11.8
2024-01-16,WTA,Grand Slam,Hard,2.26,0.5698005795478821,0.1273227034416874,0,-10.0
2024-01-16,WTA,Grand Slam,Hard,3.4,0.6268124401569366,0.33269479309811306,0,-10.0
2024-01-16,WTA,Grand Slam,Hard,1.81,0.6668861508369446,0.11439996299164068,0,-10.0
2024-01-17,WTA,Grand Slam,Hard,2.05,0.6358834266662597,0.1480785486174792,0,-10.0
2024-01-17,WTA,Grand Slam,Hard,2.01,0.5795345067977905,0.08202206898684516,1,10.099999999999998
2024-01-17,WTA,Grand Slam,Hard,3.49,0.5784637093544006,0.29193075806500235,0,-10.0
2024-01-18,WTA,Grand Slam,Hard,2.94,0.40899208188056946,0.06885602745880076,0,-10.0
2024-01-18,WTA,Grand Slam,Hard,1.38,0.8245579019188881,0.09992022075946771,1,3.799999999999999
2024-01-18,WTA,Grand Slam,Hard,2.79,0.4427450716495514,0.08432213258145105,1,17.9
2024-01-18,WTA,Grand Slam,Hard,2.11,0.682002067565918,0.20806841827681843,0,-10.0
2024-01-19,WTA,Grand Slam,Hard,1.59,0.7152697205543518,0.08633890294428892,0,-10.0
2024-01-20,WTA,Grand Slam,Hard,1.46,0.7811408519744873,0.09620934512517232,0,-10.0
2024-01-21,WTA,Grand Slam,Hard,1.2,0.8876270055770874,0.05429367224375403,1,1.9999999999999996
2024-01-21,WTA,Grand Slam,Hard,1.5,0.8078194975852966,0.14115283091862996,1,5.0
2024-01-21,WTA,Grand Slam,Hard,2.47,0.7028126299381257,0.29795433034298396,1,14.700000000000003
2024-01-22,WTA,Grand Slam,Hard,2.6,0.43837982416152954,0.05376443954614496,1,16.0
2024-01-22,WTA,Grand Slam,Hard,2.33,0.595363199710846,0.16617865035462276,0,-10.0
2024-01-24,WTA,Grand Slam,Hard,1.55,0.7589817941188812,0.1138205037963006,0,-10.0
2024-01-24,WTA,Grand Slam,Hard,1.62,0.7012547373771667,0.08397078675988279,1,6.200000000000001
2024-01-25,WTA,Grand Slam,Hard,2.72,0.5348370015621186,0.16718994273858917,0,-10.0
2024-01-25,WTA,Grand Slam,Hard,1.46,0.8844207271933555,0.19948922034404049,1,4.6
2024-01-29,WTA,WTA250,Hard,2.25,0.49910091757774355,0.05465647313329913,1,12.5
2024-01-29,WTA,WTA250,Hard,3.34,0.4582112550735474,0.15881005746875693,1,23.4
2024-01-29,WTA,WTA250,Hard,1.94,0.5806286334991455,0.06516471597337226,1,9.399999999999999
2024-01-30,WTA,WTA250,Hard,3.22,0.5360512375831604,0.22549223137198032,0,-10.0
2024-01-30,WTA,WTA250,Hard,1.68,0.6649642586708069,0.06972616343271165,1,6.799999999999999
2024-01-30,WTA,WTA250,Hard,2.3,0.6355606436729431,0.20077803497729085,1,12.999999999999998
2024-02-01,WTA,WTA250,Hard,2.14,0.6069529533386231,0.13966323371245487,0,-10.0
2024-02-01,WTA,WTA250,Hard,2.64,0.49716446995735164,0.11837659116947286,0,-10.0
2024-02-01,WTA,WTA250,Hard,2.56,0.4744912564754486,0.0838662564754486,1,15.600000000000001
2024-02-02,WTA,WTA250,Hard,3.5,0.4133678555488587,0.127653569834573,0,-10.0
2024-02-02,WTA,WTA250,Hard,2.46,0.4693065881729126,0.0628025231322622,0,-10.0
2024-02-03,WTA,WTA250,Hard,1.89,0.6265992939472198,0.09749876484669062,0,-10.0
2024-02-04,WTA,WTA250,Hard,1.92,0.5866321444511413,0.06579881111780794,0,-10.0
2024-01-30,WTA,WTA500,Hard,2.78,0.5355903089046479,0.1758780786888205,0,-10.0
2024-01-30,WTA,WTA500,Hard,1.54,0.7184941232204437,0.06914347386979436,1,5.4
2024-01-30,WTA,WTA500,Hard,2.21,0.6596487641334534,0.20716007635064798,1,12.1
2024-01-31,WTA,WTA500,Hard,1.83,0.6619721412658691,0.11552405383417519,1,8.3
2024-01-31,WTA,WTA500,Hard,1.98,0.6389104127883911,0.13385990773788603,0,-10.0
2024-02-01,WTA,WTA500,Hard,3.09,0.40463680028915405,0.08101220481989835,0,-10.0
2024-02-01,WTA,WTA500,Hard,1.7,0.7543044090270996,0.16606911490945253,1,7.0
2024-02-02,WTA,WTA500,Hard,2.54,0.47677102088928225,0.08307023348770748,0,-10.0
2024-02-02,WTA,WTA500,Hard,2.03,0.5702044606208801,0.07759362318245644,0,-10.0
2024-02-03,WTA,WTA500,Hard,2.66,0.4641161262989044,0.08817627667484429,0,-10.0
2024-02-03,WTA,WTA500,Hard,1.83,0.6497990012168884,0.10335091378519445,1,8.3
2024-02-05,WTA,WTA500,Hard,2.24,0.5305101037025451,0.08408153227397375,0,-10.0
2024-02-05,WTA,WTA500,Hard,1.72,0.7061006307601929,0.12470528192298358,0,-10.0
2024-02-06,WTA,WTA500,Hard,3.35,0.42979553937911985,0.1312880766925527,1,23.5
2024-02-06,WTA,WTA500,Hard,1.66,0.6875882506370544,0.0851786120828375,1,6.6
2024-02-06,WTA,WTA500,Hard,2.08,0.5584488391876221,0.07767960841839139,1,10.8
2024-02-07,WTA,WTA500,Hard,1.45,0.7790809869766235,0.08942581456283039,1,4.5
2024-02-07,WTA,WTA500,Hard,1.9,0.8097034454345703,0.2833876559608861,1,9.0
2024-02-09,WTA,WTA500,Hard,1.91,0.6337905645370483,0.11023035511296453,0,-10.0
2024-02-09,WTA,WTA500,Hard,1.81,0.6427395343780518,0.09025334653274786,1,8.100000000000001
2024-02-06,WTA,WTA250,Hard,2.08,0.6151486992835998,0.1343794685143691,0,-10.0
2024-02-06,WTA,WTA250,Hard,3.36,0.5751049280166626,0.27748588039761496,0,-10.0
2024-02-07,WTA,WTA250,Hard,2.24,0.5982973098754882,0.15186873844691684,1,12.400000000000002
2024-02-08,WTA,WTA250,Hard,2.14,0.7326342910528183,0.2653445714266501,0,-10.0
2024-02-08,WTA,WTA250,Hard,3.47,0.40407010316848757,0.11588566512814175,1,24.700000000000003
2024-02-08,WTA,WTA250,Hard,2.07,0.5813519716262817,0.09826018418666815,0,-10.0
2024-02-09,WTA,WTA250,Hard,1.73,0.7053362905979157,0.1273016085169908,1,7.3
2024-02-09,WTA,WTA250,Hard,2.2,0.5125697612762451,0.058024306730790565,0,-10.0
2024-02-11,WTA,WTA250,Hard,2.8,0.4074930787086487,0.05035022156579155,0,-10.0
2024-02-11,WTA,WTA1000,Hard,2.7,0.6355606436729431,0.2651902733025727,0,-10.0
2024-02-11,WTA,WTA1000,Hard,1.55,0.7597378134727478,0.1145765231501672,0,-10.0
2024-02-12,WTA,WTA1000,Hard,2.37,0.49227949380874636,0.07033856553870421,0,-10.0
2024-02-12,WTA,WTA1000,Hard,2.78,0.6581700205802917,0.29845779036446435,1,17.799999999999997
2024-02-12,WTA,WTA1000,Hard,1.81,0.6703171253204345,0.11783093747513063,1,8.100000000000001
2024-02-12,WTA,WTA1000,Hard,2.11,0.6562682390213013,0.18233458973220174,1,11.099999999999998
2024-02-12,WTA,WTA1000,Hard,2.66,0.44387067556381227,0.06793082593975214,0,-10.0
2024-02-12,WTA,WTA1000,Hard,2.05,0.6899766683578491,0.20217179030906857,0,-10.0
2024-02-12,WTA,WTA1000,Hard,1.44,0.7829515397548675,0.08850709531042311,1,4.3999999999999995
2024-02-12,WTA,WTA1000,Hard,1.72,0.7521550178527832,0.17075966901557382,0,-10.0
2024-02-12,WTA,WTA1000,Hard,3.26,0.39240831732749937,0.08565985106983065,1,22.599999999999998
2024-02-13,WTA,WTA1000,Hard,2.06,0.5780198514461518,0.09258295824226825,0,-10.0
2024-02-13,WTA,WTA1000,Hard,2.58,0.4423102498054504,0.05471335058064425,0,-10.0
2024-02-13,WTA,WTA1000,Hard,1.45,0.7793464064598083,0.0896912340460152,1,4.5
2024-02-13,WTA,WTA1000,Hard,2.67,0.6627096772193909,0.28817784201339836,0,-10.0
2024-02-14,WTA,WTA1000,Hard,2.04,0.5669387102127075,0.07674263178133495,0,-10.0
2024-02-14,WTA,WTA1000,Hard,2.4,0.47813267111778257,0.061466004451115885,0,-10.0
2024-02-15,WTA,WTA1000,Hard,2.16,0.548784339427948,0.08582137646498511,1,11.600000000000001
2024-02-15,WTA,WTA1000,Hard,2.13,0.5989405274391174,0.12945695936400003,1,11.299999999999999
2024-02-18,WTA,WTA1000,Hard,2.63,0.4563453316688537,0.07611719478672441,1,16.299999999999997
2024-02-18,WTA,WTA1000,Hard,2.65,0.44701101183891295,0.06965252127287519,1,16.5
2024-02-18,WTA,WTA1000,Hard,1.69,0.6829139411449432,0.09119796481358222,0,-10.0
2024-02-19,WTA,WTA1000,Hard,2.88,0.4461068868637085,0.09888466464148626,0,-10.0
2024-02-20,WTA,WTA1000,Hard,3.39,0.49716446995735164,0.20217921921988852,1,23.900000000000002
2024-02-20,WTA,WTA1000,Hard,1.63,0.6913784980773926,0.07788156556205517,1,6.299999999999999
2024-02-21,WTA,WTA1000,Hard,2.57,0.5198410987854004,0.13073604041964165,1,15.7
2024-02-21,WTA,WTA1000,Hard,1.45,0.784479022026062,0.09482384961226886,1,4.5
2024-02-22,WTA,WTA1000,Hard,1.35,0.8096770167350769,0.06893627599433616,0,-10.0
2024-02-24,WTA,WTA1000,Hard,2.97,0.5505484104156494,0.21384807371531273,1,19.700000000000003
2024-02-26,WTA,WTA250,Hard,2.83,0.41719808578491213,0.06384119532554816,0,-10.0
2024-02-27,WTA,WTA250,Hard,2.69,0.5550160050392151,0.1832687931433043,1,16.9
2024-02-27,WTA,WTA250,Hard,2.26,0.5616201758384705,0.11914229973227575,0,-10.0
2024-02-27,WTA,WTA250,Hard,1.79,0.7613959968090057,0.20273677893191078,1,7.9
2024-02-27,WTA,WTA250,Hard,2.75,0.4828231930732727,0.11918682943690906,0,-10.0
2024-02-27,WTA,WTA250,Hard,2.15,0.5251610815525055,0.06004480248273808,1,11.5
2024-02-27,WTA,WTA250,Hard,2.6,0.6695415616035462,0.2849261769881616,0,-10.0
2024-02-28,WTA,WTA250,Hard,3.14,0.4172927975654602,0.09882145998584241,1,21.400000000000002
2024-03-01,WTA,WTA250,Hard,1.45,0.824036693572998,0.13438152115920488,0,-10.0
2024-03-01,WTA,WTA250,Hard,2.23,0.5572549283504487,0.10882443507690603,1,12.3
2024-03-01,WTA,WTA250,Hard,2.65,0.4693065881729126,0.09194809760687483,1,16.5
2024-03-02,WTA,WTA250,Hard,3.07,0.7758097410202026,0.4500768419974013,1,20.7
2024-03-02,WTA,WTA250,Hard,2.12,0.5736097097396851,0.10191159653213794,0,-10.0
2024-03-03,WTA,WTA250,Hard,2.92,0.47677102088928225,0.13430526746462473,0,-10.0
2024-03-03,WTA,WTA250,Hard,2.64,0.492578786611557,0.11379090782367823,1,16.400000000000002
2024-02-26,WTA,WTA500,Hard,2.2,0.6186651051044464,0.16411965055899186,0,-10.0
2024-02-27,WTA,WTA500,Hard,1.85,0.6058216035366059,0.0652810629960654,0,-10.0
2024-02-27,WTA,WTA500,Hard,2.14,0.5338866591453553,0.06659693951918705,1,11.400000000000002
2024-02-27,WTA,WTA500,Hard,2.48,0.47787509560585023,0.0746492891542373,0,-10.0
2024-02-28,WTA,WTA500,Hard,2.27,0.6457497179508209,0.20522108358958746,1,12.7
2024-02-28,WTA,WTA500,Hard,2.33,0.6013674259185791,0.17218287656235587,0,-10.0
2024-02-29,WTA,WTA500,Hard,1.67,0.6497990012168884,0.05099660600730749,0,-10.0
2024-02-29,WTA,WTA500,Hard,1.35,0.8469564944505692,0.1062157537098285,1,3.500000000000001
2024-03-01,WTA,WTA500,Hard,2.88,0.42979553937911985,0.08257331715689764,0,-10.0
2024-03-06,WTA,WTA1000,Hard,2.68,0.4741882801055908,0.10105395174738185,0,-10.0
2024-03-06,WTA,WTA1000,Hard,1.48,0.7294409275054932,0.053765251829817506,0,-10.0
2024-03-06,WTA,WTA1000,Hard,1.82,0.6103264212608337,0.06087587181028431,0,-10.0
2024-03-07,WTA,WTA1000,Hard,2.19,0.5634213924407959,0.10680038787458584,1,11.899999999999999
2024-03-07,WTA,WTA1000,Hard,2.49,0.5177345395088195,0.11612811380600835,1,14.900000000000002
2024-03-07,WTA,WTA1000,Hard,3.45,0.4687978684902191,0.17894279602645097,1,24.5
2024-03-07,WTA,WTA1000,Hard,1.4,0.7723044395446778,0.058018725258963455,1,3.999999999999999
2024-03-07,WTA,WTA1000,Hard,2.44,0.47677102088928225,0.06693495531551175,1,14.399999999999999
2024-03-07,WTA,WTA1000,Hard,2.2,0.6300615549087525,0.17551610036329796,0,-10.0
2024-03-08,WTA,WTA1000,Hard,1.43,0.878456997871399,0.1791562985706996,1,4.299999999999999
2024-03-08,WTA,WTA1000,Hard,2.17,0.5399904787540436,0.079160985666486,1,11.7
2024-03-08,WTA,WTA1000,Hard,1.26,0.8787409543991089,0.08509016074831532,0,-10.0
2024-03-08,WTA,WTA1000,Hard,1.48,0.7520299196243286,0.07635424394865298,0,-10.0
2024-03-08,WTA,WTA1000,Hard,1.86,0.7085086584091187,0.1708742498069682,0,-10.0
2024-03-09,WTA,WTA1000,Hard,2.21,0.5142781436443329,0.061789455861527454,1,12.1
2024-03-09,WTA,WTA1000,Hard,1.52,0.7798657506704331,0.12197101382832776,0,-10.0
2024-03-09,WTA,WTA1000,Hard,2.11,0.5358197510242462,0.06188610173514664,0,-10.0
2024-03-09,WTA,WTA1000,Hard,1.51,0.7177668929100036,0.05551523728086449,1,5.1
2024-03-09,WTA,WTA1000,Hard,2.36,0.6638663411140442,0.24013752755472212,0,-10.0
2024-03-09,WTA,WTA1000,Hard,1.49,0.7359837681055069,0.06484282850819145,1,4.9
2024-03-09,WTA,WTA1000,Hard,1.73,0.6554531931877137,0.07741851110678877,0,-10.0
2024-03-09,WTA,WTA1000,Hard,1.92,0.7105131983757019,0.18967986504236856,0,-10.0
2024-03-10,WTA,WTA1000,Hard,1.73,0.7098304390907287,0.13179575700980384,0,-10.0
2024-03-10,WTA,WTA1000,Hard,2.33,0.5261180639266968,0.09693351457047361,1,13.3
2024-03-10,WTA,WTA1000,Hard,1.59,0.7890377879142761,0.16010697030421328,0,-10.0
2024-03-11,WTA,WTA1000,Hard,2.42,0.552118843793869,0.13889570329800122,0,-10.0
2024-03-11,WTA,WTA1000,Hard,1.2,0.9048849701881408,0.07155163685480748,1,1.9999999999999996
2024-03-11,WTA,WTA1000,Hard,1.8,0.6780069708824158,0.12245141532686021,1,8.0
2024-03-11,WTA,WTA1000,Hard,2.25,0.658973228931427,0.21452878448698254,1,12.5
2024-03-12,WTA,WTA1000,Hard,2.24,0.5134932100772858,0.06706463864871437,1,12.400000000000002
2024-03-14,WTA,WTA1000,Hard,1.54,0.7099151104688645,0.06056446111821512,0,-10.0
2024-03-14,WTA,WTA1000,Hard,1.66,0.671154397726059,0.06874475917184208,1,6.6
2024-03-19,WTA,WTA1000,Hard,2.03,0.6232294023036957,0.130618564865272,0,-10.0
2024-03-19,WTA,WTA1000,Hard,2.47,0.5008990824222564,0.09604078282711476,0,-10.0
2024-03-19,WTA,WTA1000,Hard,2.6,0.45223363637924197,0.06761825176385738,0,-10.0
2024-03-19,WTA,WTA1000,Hard,2.35,0.5795345067977905,0.15400259190417348,0,-10.0
2024-03-19,WTA,WTA1000,Hard,2.39,0.4925155580043793,0.07410551616337513,0,-10.0
2024-03-19,WTA,WTA1000,Hard,2.65,0.4522088408470154,0.07485035028097764,0,-10.0
2024-03-19,WTA,WTA1000,Hard,3.05,0.40827953815460205,0.08041068569558563,0,-10.0
2024-03-19,WTA,WTA1000,Hard,2.75,0.4453835070133209,0.08174714337695727,0,-10.0
2024-03-20,WTA,WTA1000,Hard,2.5,0.4655413508415222,0.06554135084152218,1,15.0
2024-03-20,WTA,WTA1000,Hard,2.05,0.5570820808410645,0.06927720279228394,1,10.499999999999998
2024-03-20,WTA,WTA1000,Hard,2.97,0.5540627837181091,0.21736244701777246,1,19.700000000000003
2024-03-20,WTA,WTA1000,Hard,3.1,0.4373543381690979,0.1147736930078076,0,-10.0
2024-03-20,WTA,WTA1000,Hard,1.64,0.7485246181488037,0.13876852058782807,1,6.399999999999999
2024-03-20,WTA,WTA1000,Hard,2.0,0.6121534705162048,0.11215347051620483,1,10.0
2024-03-20,WTA,WTA1000,Hard,2.43,0.5314832031726837,0.11996056942782779,0,-10.0
2024-03-20,WTA,WTA1000,Hard,2.72,0.4698706448078156,0.10222358598428621,1,17.200000000000003
2024-03-20,WTA,WTA1000,Hard,1.93,0.6283492505550384,0.11021453552913163,0,-10.0
2024-03-20,WTA,WTA1000,Hard,2.54,0.6049525022506714,0.21125171484909666,0,-10.0
2024-03-20,WTA,WTA1000,Hard,2.62,0.4459401488304138,0.0642607595174367,0,-10.0
2024-03-21,WTA,WTA1000,Hard,1.56,0.6966585397720337,0.05563289874639277,0,-10.0
2024-03-21,WTA,WTA1000,Hard,3.11,0.4785735309123993,0.15703012255227067,1,21.099999999999998
2024-03-21,WTA,WTA1000,Hard,1.48,0.7500272512435913,0.0743515755679156,0,-10.0
2024-03-21,WTA,WTA1000,Hard,2.09,0.6075916826725006,0.12912278315096948,1,10.899999999999999
2024-03-21,WTA,WTA1000,Hard,1.82,0.6502364575862885,0.10078590813573907,1,8.200000000000001
2024-03-21,WTA,WTA1000,Hard,1.35,0.797593867778778,0.056853127038037354,1,3.500000000000001
2024-03-21,WTA,WTA1000,Hard,1.48,0.7707771062850952,0.09510143060941956,1,4.8
2024-03-22,WTA,WTA1000,Hard,1.95,0.5681241035461426,0.05530359072562974,1,9.5
2024-03-22,WTA,WTA1000,Hard,1.28,0.8397311687469482,0.0584811687469482,1,2.8000000000000003
2024-03-23,WTA,WTA1000,Hard,1.47,0.8151580482721329,0.1348859394285955,1,4.699999999999999
2024-03-23,WTA,WTA1000,Hard,1.56,0.7001218140125275,0.05909617298688652,1,5.6000000000000005
2024-03-23,WTA,WTA1000,Hard,1.39,0.784479022026062,0.06505456159440726,1,3.899999999999999
2024-03-23,WTA,WTA1000,Hard,1.41,0.7633980363607407,0.05417817820471227,1,4.1
2024-03-23,WTA,WTA1000,Hard,1.84,0.6331145823001861,0.08963632143062095,0,-10.0
2024-03-23,WTA,WTA1000,Hard,1.92,0.7067908585071564,0.18595752517382302,0,-10.0
2024-03-23,WTA,WTA1000,Hard,1.44,0.7888237714767456,0.09437932703230123,0,-10.0
2024-03-23,WTA,WTA1000,Hard,1.72,0.6391781806945801,0.057782831857370764,0,-10.0
2024-03-24,WTA,WTA1000,Hard,1.64,0.6779957771301269,0.06823967956915133,1,6.399999999999999
2024-03-24,WTA,WTA1000,Hard,1.94,0.6323124825954437,0.11684856506967045,0,-10.0
2024-03-24,WTA,WTA1000,Hard,1.8,0.6097494065761566,0.054193851020601036,0,-10.0
2024-03-24,WTA,WTA1000,Hard,2.29,0.527917993068695,0.09123677036127142,0,-10.0
2024-03-24,WTA,WTA1000,Hard,2.85,0.47989233732223513,0.129015144339779,1,18.5
2024-03-25,WTA,WTA1000,Hard,1.99,0.6350872337818145,0.13257467096774422,1,9.9
2024-03-25,WTA,WTA1000,Hard,2.3,0.49197742342948914,0.05719481473383692,0,-10.0
2024-03-27,WTA,WTA1000,Hard,2.8,0.46395455598831176,0.1068116988454546,0,-10.0
2024-03-29,WTA,WTA1000,Hard,2.33,0.6126208126544952,0.183436263298272,0,-10.0
2024-03-30,WTA,WTA1000,Hard,1.6,0.8185256242752075,0.19352562427520748,0,-10.0
2024-04-02,WTA,WTA250,Clay,1.99,0.5838418841362,0.08132932132212967,1,9.9
2024-04-02,WTA,WTA250,Clay,1.73,0.6677517294883728,0.0897170474074479,1,7.3
2024-04-02,WTA,WTA250,Clay,2.63,0.4827396869659424,0.10251155008381307,1,16.299999999999997
2024-04-02,WTA,WTA250,Clay,2.28,0.5581105351448059,0.1195140439167357,0,-10.0
2024-04-03,WTA,WTA250,Clay,2.34,0.5775581479072571,0.15020772055682974,1,13.399999999999999
2024-04-03,WTA,WTA250,Clay,3.0,0.4675568640232086,0.1342235306898753,1,20.0
2024-04-04,WTA,WTA250,Clay,2.2,0.5222962200641632,0.06775076551870868,1,12.000000000000002
2024-04-05,WTA,WTA250,Clay,2.47,0.476430082321167,0.07157178272602532,1,14.700000000000003
2024-04-01,WTA,WTA500,Clay,2.26,0.4955104351043701,0.05303255899817538,0,-10.0
2024-04-01,WTA,WTA500,Clay,2.75,0.48838000893592837,0.12474364529956472,0,-10.0
2024-04-01,WTA,WTA500,Clay,1.75,0.6428609907627105,0.07143241933413913,1,7.5
2024-04-01,WTA,WTA500,Clay,2.31,0.6210016369819641,0.1881012040815312,0,-10.0
2024-04-02,WTA,WTA500,Clay,1.78,0.7254526019096375,0.16365484910064865,1,7.800000000000001
2024-04-02,WTA,WTA500,Clay,2.95,0.4793068528175354,0.14032380197007777,0,-10.0
2024-04-02,WTA,WTA500,Clay,2.52,0.5478760719299316,0.1510506751045348,0,-10.0
2024-04-02,WTA,WTA500,Clay,2.17,0.5488028347492218,0.08797334166166415,0,-10.0
2024-04-02,WTA,WTA500,Clay,2.55,0.5188272058963775,0.12667034315127945,0,-10.0
2024-04-02,WTA,WTA500,Clay,1.56,0.819669497013092,0.17864385598745103,1,5.6000000000000005
2024-04-03,WTA,WTA500,Clay,2.37,0.5992018699645996,0.17726094169455742,1,13.700000000000001
2024-04-04,WTA,WTA500,Clay,1.68,0.7469972848892212,0.151759189651126,1,6.799999999999999
2024-04-04,WTA,WTA500,Clay,1.75,0.6404963552951812,0.06906778386660983,0,-10.0
2024-04-04,WTA,WTA500,Clay,2.88,0.49548322558403013,0.14826100336180792,0,-10.0
2024-04-04,WTA,WTA500,Clay,2.21,0.6154146432876587,0.16292595550485328,0,-10.0
2024-04-05,WTA,WTA500,Clay,2.82,0.465531986951828,0.11092205787381382,1,18.2
2024-04-05,WTA,WTA500,Clay,3.15,0.4489005863666534,0.13144026890633598,0,-10.0
2024-04-06,WTA,WTA500,Clay,2.75,0.42580659985542296,0.062170236219059316,0,-10.0
2024-04-07,WTA,WTA500,Clay,3.19,0.47477394342422485,0.16129431959977342,0,-10.0
2024-04-16,WTA,WTA250,Clay,1.56,0.7160057902336121,0.07498014920797114,1,5.6000000000000005
2024-04-16,WTA,WTA250,Clay,1.95,0.7485246181488037,0.23570410532829078,1,9.5
2024-04-16,WTA,WTA250,Clay,1.68,0.6456486463546753,0.050410551116580105,1,6.799999999999999
2024-04-17,WTA,WTA250,Clay,2.59,0.5661514818668365,0.1800510957664504,0,-10.0
2024-04-17,WTA,WTA250,Clay,2.95,0.46055306792259215,0.12157001707513454,1,19.5
2024-04-17,WTA,WTA250,Clay,2.81,0.472082006931305,0.11621012081030851,0,-10.0
2024-04-18,WTA,WTA250,Clay,1.69,0.7772826552391052,0.18556667890774425,1,6.8999999999999995
2024-04-20,WTA,WTA250,Clay,1.88,0.6327490448951721,0.10083415127815087,0,-10.0
2024-04-20,WTA,WTA250,Clay,3.03,0.39240831732749937,0.06237531402716934,1,20.299999999999997
2024-04-17,WTA,WTA500,Clay,2.12,0.5256438374519348,0.05394572424438765,1,11.200000000000001
2024-04-17,WTA,WTA500,Clay,2.9,0.49910091757774355,0.15427333137084698,0,-10.0
2024-04-18,WTA,WTA500,Clay,2.14,0.5597498059272766,0.09246008630110841,0,-10.0
2024-04-18,WTA,WTA500,Clay,1.55,0.7740483522415161,0.1288870619189355,0,-10.0
2024-04-19,WTA,WTA500,Clay,1.53,0.7178435832262039,0.06424881198437382,0,-10.0
2024-04-20,WTA,WTA500,Clay,2.84,0.43983962535858157,0.0877269493022435,1,18.4
2024-04-23,WTA,WTA1000,Clay,1.97,0.6102879345417023,0.10267372134373276,1,9.7
2024-04-23,WTA,WTA1000,Clay,1.68,0.730793571472168,0.1355554762340727,0,-10.0
2024-04-23,WTA,WTA1000,Clay,2.72,0.5317363023757935,0.16408924355226412,1,17.200000000000003
2024-04-23,WTA,WTA1000,Clay,3.07,0.4258679032325745,0.10013500420977317,0,-10.0
2024-04-24,WTA,WTA1000,Clay,2.83,0.5232289791107178,0.16987208865135378,1,18.3
2024-04-24,WTA,WTA1000,Clay,1.59,0.7684556245803833,0.13952480697032044,0,-10.0
2024-04-24,WTA,WTA1000,Clay,2.44,0.5372919082641602,0.12745584269038968,0,-10.0
2024-04-24,WTA,WTA1000,Clay,2.35,0.5667716264724731,0.14123971157885612,1,13.5
2024-04-24,WTA,WTA1000,Clay,2.11,0.5811944723129272,0.10726082302382767,1,11.099999999999998
2024-04-24,WTA,WTA1000,Clay,3.08,0.5256438374519348,0.2009685127766101,0,-10.0
2024-04-24,WTA,WTA1000,Clay,2.35,0.49631339907646177,0.07078148418284474,1,13.5
2024-04-24,WTA,WTA1000,Clay,2.69,0.48635746240615846,0.11461025051024765,0,-10.0
2024-04-24,WTA,WTA1000,Clay,3.16,0.39849454164505005,0.08203884544251844,1,21.6
2024-04-24,WTA,WTA1000,Clay,2.05,0.6502788305282593,0.16247395247947877,1,10.499999999999998
2024-04-24,WTA,WTA1000,Clay,3.04,0.4315014898777008,0.10255412145664816,0,-10.0
2024-04-24,WTA,WTA1000,Clay,2.49,0.4991753280162812,0.09756890231346999,0,-10.0
2024-04-24,WTA,WTA1000,Clay,2.09,0.6668861508369446,0.18841725131541343,0,-10.0
2024-04-24,WTA,WTA1000,Clay,2.07,0.5732909202575683,0.09019913281795477,0,-10.0
2024-04-25,WTA,WTA1000,Clay,1.72,0.7254568219184876,0.14406147308127826,1,7.199999999999999
2024-04-25,WTA,WTA1000,Clay,1.59,0.7693173855543136,0.14038656794425075,1,5.9
2024-04-25,WTA,WTA1000,Clay,2.26,0.604428744316101,0.16195086820990634,1,12.599999999999998
2024-04-25,WTA,WTA1000,Clay,1.44,0.7984563946723938,0.1040119502279494,0,-10.0
2024-04-26,WTA,WTA1000,Clay,1.44,0.7707771062850952,0.0763326618406508,0,-10.0
2024-04-26,WTA,WTA1000,Clay,1.44,0.8252397030591965,0.13079525861475205,0,-10.0
2024-04-26,WTA,WTA1000,Clay,1.6,0.7627669095993042,0.13776690959930415,0,-10.0
2024-04-27,WTA,WTA1000,Clay,3.06,0.40463680028915405,0.07783941466823902,1,20.6
2024-04-27,WTA,WTA1000,Clay,1.43,0.785313093662262,0.0860123943615626,1,4.299999999999999
2024-04-27,WTA,WTA1000,Clay,2.22,0.5584488391876221,0.10799838873717171,1,12.200000000000003
2024-04-28,WTA,WTA1000,Clay,1.84,0.6304543018341064,0.08697604096454126,0,-10.0
2024-04-28,WTA,WTA1000,Clay,1.99,0.5572099268436432,0.054697364029572926,1,9.9
2024-04-28,WTA,WTA1000,Clay,2.23,0.5045168578624726,0.05608636458892996,0,-10.0
2024-04-29,WTA,WTA1000,Clay,2.63,0.4415511608123779,0.06132302393024858,1,16.299999999999997
2024-04-29,WTA,WTA1000,Clay,3.47,0.3865949273109436,0.09841048927059776,1,24.700000000000003
2024-05-01,WTA,WTA1000,Clay,2.69,0.5822921872138977,0.21054497531798694,0,-10.0
2024-05-07,WTA,WTA1000,Clay,2.78,0.49716446995735164,0.13745223974152426,1,17.799999999999997
2024-05-07,WTA,WTA1000,Clay,1.82,0.6188572227954865,0.06940667334493711,0,-10.0
2024-05-07,WTA,WTA1000,Clay,2.25,0.5312439501285553,0.08679950568411088,0,-10.0
2024-05-08,WTA,WTA1000,Clay,2.11,0.6281369745731353,0.1542033252840358,1,11.099999999999998
2024-05-08,WTA,WTA1000,Clay,2.74,0.4417146921157837,0.07675118846614865,1,17.400000000000002
2024-05-08,WTA,WTA1000,Clay,2.42,0.5587396144866943,0.1455164739908265,0,-10.0
2024-05-08,WTA,WTA1000,Clay,1.81,0.6321979284286499,0.07971174058334596,0,-10.0
2024-05-08,WTA,WTA1000,Clay,2.71,0.4562845349311829,0.0872808448942825,0,-10.0
2024-05-08,WTA,WTA1000,Clay,2.61,0.5142781436443329,0.1311363811922256,0,-10.0
2024-05-09,WTA,WTA1000,Clay,2.47,0.4741882801055908,0.06932998051044909,0,-10.0
2024-05-09,WTA,WTA1000,Clay,2.57,0.44147523641586306,0.0523701780501043,0,-10.0
2024-05-09,WTA,WTA1000,Clay,2.95,0.5609120905399323,0.22192903969247468,0,-10.0
2024-05-09,WTA,WTA1000,Clay,1.74,0.6479421496391297,0.07322950596096878,0,-10.0
2024-05-09,WTA,WTA1000,Clay,1.31,0.8537081241607666,0.09034934553481244,1,3.1000000000000005
2024-05-09,WTA,WTA1000,Clay,1.43,0.7520299196243286,0.052729220323629256,1,4.299999999999999
2024-05-09,WTA,WTA1000,Clay,2.01,0.7486362457275391,0.2511238079165937,1,10.099999999999998
2024-05-10,WTA,WTA1000,Clay,3.34,0.4448731660842895,0.14547196847949906,0,-10.0
2024-05-10,WTA,WTA1000,Clay,2.04,0.54118732213974,0.05099124370836744,1,10.4
2024-05-10,WTA,WTA1000,Clay,1.35,0.8155418515205384,0.07480111077979767,1,3.500000000000001
2024-05-10,WTA,WTA1000,Clay,1.82,0.6693026542663574,0.11985210481580799,0,-10.0
2024-05-11,WTA,WTA1000,Clay,2.17,0.5414163768291473,0.08058688374158973,0,-10.0
2024-05-11,WTA,WTA1000,Clay,1.85,0.6090893268585205,0.06854878631798,0,-10.0
2024-05-12,WTA,WTA1000,Clay,1.56,0.7086592435836792,0.06763360255803819,0,-10.0
2024-05-13,WTA,WTA1000,Clay,1.92,0.6687483787536621,0.14791504542032874,1,9.2
2024-05-14,WTA,WTA1000,Clay,2.17,0.5267536699771881,0.06592417688963048,0,-10.0
2024-05-20,WTA,WTA250,Clay,2.58,0.6186116755008697,0.23101477627606354,0,-10.0
2024-05-20,WTA,WTA250,Clay,1.52,0.7249075949192048,0.06701285807709945,1,5.2
2024-05-20,WTA,WTA250,Clay,2.29,0.5482887506484986,0.11160752794107498,1,12.9
2024-05-20,WTA,WTA250,Clay,2.76,0.5316590428352356,0.16934020225552537,0,-10.0
2024-05-21,WTA,WTA250,Clay,1.95,0.5905771911144256,0.07775667829391275,0,-10.0
2024-05-21,WTA,WTA250,Clay,3.4,0.49024140238761904,0.1961237553287955,0,-10.0
2024-05-21,WTA,WTA250,Clay,2.79,0.4693065881729126,0.11088364910481224,0,-10.0
2024-05-22,WTA,WTA250,Clay,2.62,0.5363015174865723,0.15462212817359522,0,-10.0
2024-05-22,WTA,WTA250,Clay,1.94,0.5985196709632874,0.08305575343751415,1,9.399999999999999
2024-05-22,WTA,WTA250,Clay,2.09,0.5590921521186829,0.08062325259715175,0,-10.0
2024-05-22,WTA,WTA250,Clay,1.64,0.6787560462951661,0.06899994873419046,1,6.399999999999999
2024-05-23,WTA,WTA250,Clay,2.14,0.5896608471870423,0.12237112756087404,0,-10.0
2024-05-23,WTA,WTA250,Clay,3.22,0.38900079727172854,0.07844179106054844,1,22.200000000000003
2024-05-24,WTA,WTA250,Clay,3.48,0.48442795872688293,0.1970716368878025,0,-10.0
2024-05-25,WTA,WTA250,Clay,3.13,0.51517453789711,0.1956857200057362,1,21.299999999999997
2024-05-19,WTA,WTA500,Clay,2.08,0.5410639047622681,0.06029467399303734,0,-10.0
2024-05-20,WTA,WTA500,Clay,2.41,0.46864917278289797,0.05371141344679842,1,14.100000000000001
2024-05-20,WTA,WTA500,Clay,1.6,0.7094195127487183,0.08441951274871828,1,6.000000000000001
2024-05-22,WTA,WTA500,Clay,1.95,0.5702044606208801,0.05738394780036726,1,9.5
2024-05-22,WTA,WTA500,Clay,1.38,0.7809737205505372,0.056336039391116755,1,3.799999999999999
2024-05-26,WTA,Grand Slam,Clay,2.28,0.5203288614749908,0.0817323702469206,0,-10.0
2024-05-26,WTA,Grand Slam,Clay,3.25,0.48709961771965027,0.17940731002734256,0,-10.0
2024-05-26,WTA,Grand Slam,Clay,2.31,0.5371086835861206,0.10420825068568773,1,13.100000000000001
2024-05-26,WTA,Grand Slam,Clay,3.23,0.4327059864997864,0.12310846327997216,0,-10.0
2024-05-26,WTA,Grand Slam,Clay,2.74,0.5341798007488251,0.16921629709919006,0,-10.0
2024-05-26,WTA,Grand Slam,Clay,2.15,0.5913250267505645,0.1262087476807971,1,11.5
2024-05-27,WTA,Grand Slam,Clay,2.45,0.49865212440490725,0.09048885909878485,0,-10.0
2024-05-27,WTA,Grand Slam,Clay,2.4,0.4738819360733032,0.057215269406636515,0,-10.0
2024-05-27,WTA,Grand Slam,Clay,1.5,0.7198562622070312,0.05318959554036462,0,-10.0
2024-05-27,WTA,Grand Slam,Clay,2.22,0.5036866009235382,0.05323615047308783,0,-10.0
2024-05-27,WTA,Grand Slam,Clay,2.39,0.5008990824222564,0.08248904058125228,0,-10.0
2024-05-28,WTA,Grand Slam,Clay,3.3,0.4003022491931915,0.09727194616288848,0,-10.0
2024-05-28,WTA,Grand Slam,Clay,2.42,0.548119866847992,0.13489672635212419,1,14.2
2024-05-28,WTA,Grand Slam,Clay,2.16,0.5161040306091309,0.053141067646167994,0,-10.0
2024-05-29,WTA,Grand Slam,Clay,1.58,0.6955413222312927,0.0626299298262295,0,-10.0
2024-05-30,WTA,Grand Slam,Clay,2.07,0.5585147917270661,0.07542300428745252,0,-10.0
2024-05-30,WTA,Grand Slam,Clay,2.94,0.42244238853454585,0.08230633411277716,0,-10.0
2024-05-30,WTA,Grand Slam,Clay,1.53,0.7463759362697602,0.0927811650279301,1,5.300000000000001
2024-05-30,WTA,Grand Slam,Clay,3.03,0.4449839949607849,0.11495099166045486,0,-10.0
2024-05-30,WTA,Grand Slam,Clay,3.37,0.4028667211532593,0.10613081610874892,0,-10.0
2024-05-31,WTA,Grand Slam,Clay,2.07,0.6662901341915131,0.1831983467518995,0,-10.0
2024-05-31,WTA,Grand Slam,Clay,2.96,0.4216475248336792,0.08380968699584135,0,-10.0
2024-05-31,WTA,Grand Slam,Clay,1.68,0.6754284262657165,0.0801903310276213,1,6.799999999999999
2024-06-01,WTA,Grand Slam,Clay,2.63,0.5702044606208801,0.18997632373875084,1,16.299999999999997
2024-06-01,WTA,Grand Slam,Clay,3.07,0.42979553937911985,0.10406264035631851,0,-10.0
2024-06-01,WTA,Grand Slam,Clay,1.46,0.824036693572998,0.139105186723683,1,4.6
2024-06-02,WTA,Grand Slam,Clay,1.59,0.7363296270370483,0.10739880942698543,1,5.9
2024-06-03,WTA,Grand Slam,Clay,3.36,0.3506407499313354,0.05302170231228781,0,-10.0
2024-06-06,WTA,Grand Slam,Clay,1.98,0.595363199710846,0.09031269466034086,1,9.8
2024-06-11,WTA,WTA250,Grass,1.74,0.6373637318611145,0.06265108818295362,0,-10.0
2024-06-11,WTA,WTA250,Grass,2.71,0.4914427816867828,0.12243909164988243,0,-10.0
2024-06-11,WTA,WTA250,Grass,2.17,0.5181421220302582,0.057312628942700616,0,-10.0
2024-06-11,WTA,WTA250,Grass,2.48,0.5038812518119812,0.10065544536036825,1,14.8
2024-06-12,WTA,WTA250,Grass,1.55,0.824036693572998,0.1788754032504174,1,5.5
2024-06-12,WTA,WTA250,Grass,1.95,0.699792331457138,0.18697181863662515,0,-10.0
2024-06-12,WTA,WTA250,Grass,2.26,0.6254827320575714,0.18300485595137672,0,-10.0
2024-06-13,WTA,WTA250,Grass,2.0,0.5510631322860717,0.05106313228607173,0,-10.0
2024-06-15,WTA,WTA250,Grass,1.52,0.772050803899765,0.11415606705765968,1,5.2
2024-06-15,WTA,WTA250,Grass,3.0,0.4827396869659424,0.14940635363260907,0,-10.0
2024-06-10,WTA,WTA250,Grass,2.87,0.451747190952301,0.10331513520317209,0,-10.0
2024-06-10,WTA,WTA250,Grass,1.72,0.6344836115837097,0.05308826274650036,0,-10.0
2024-06-10,WTA,WTA250,Grass,3.35,0.36910594701766963,0.0705984843311025,0,-10.0
2024-06-11,WTA,WTA250,Grass,3.13,0.40407010316848757,0.08458128527711378,0,-10.0
2024-06-11,WTA,WTA250,Grass,1.97,0.615333753824234,0.10771954062626454,0,-10.0
2024-06-11,WTA,WTA250,Grass,2.64,0.5101966500282288,0.13140877124035,0,-10.0
2024-06-11,WTA,WTA250,Grass,1.58,0.7196212917566299,0.0867098993515667,0,-10.0
2024-06-12,WTA,WTA250,Grass,2.41,0.4767937123775482,0.06185595304144864,0,-10.0
2024-06-13,WTA,WTA250,Grass,3.32,0.42687087059020995,0.1256660513131015,0,-10.0
2024-06-14,WTA,WTA250,Grass,3.13,0.4139596164226532,0.09447079853127943,1,21.299999999999997
2024-06-15,WTA,WTA250,Grass,3.12,0.4133678555488587,0.0928550350360382,1,21.200000000000003
2024-06-16,WTA,WTA250,Grass,2.14,0.5959298968315124,0.1286401772053442,1,11.400000000000002
2024-06-17,WTA,WTA500,Grass,1.91,0.607345700263977,0.08378549083989328,0,-10.0
2024-06-18,WTA,WTA500,Grass,2.73,0.567458552122116,0.20115818582174977,1,17.3
2024-06-18,WTA,WTA500,Grass,2.08,0.7076853394508362,0.2269161086816055,1,10.8
2024-06-18,WTA,WTA500,Grass,2.08,0.538169527053833,0.057400296284602303,0,-10.0
2024-06-20,WTA,WTA500,Grass,1.87,0.5992018699645996,0.0644425116758296,0,-10.0
2024-06-20,WTA,WTA500,Grass,1.63,0.7379348039627075,0.12443787144737006,1,6.299999999999999
2024-06-20,WTA,WTA500,Grass,2.91,0.4295639276504517,0.0859213159666029,0,-10.0
2024-06-21,WTA,WTA500,Grass,1.4,0.8088689327239991,0.09458321843828477,0,-10.0
2024-06-22,WTA,WTA500,Grass,1.78,0.6265966296195984,0.06479887681060958,1,7.800000000000001
2024-06-22,WTA,WTA500,Grass,2.4,0.53796226978302,0.12129560311635329,1,14.0
2024-06-23,WTA,WTA500,Grass,2.9,0.41630038022995,0.0714727940230534,1,19.0
2024-06-17,WTA,WTA250,Grass,3.06,0.49670504927635195,0.1699076636554369,1,20.6
2024-06-17,WTA,WTA250,Grass,2.05,0.5442097604274749,0.0564048823786944,1,10.499999999999998
2024-06-17,WTA,WTA250,Grass,2.88,0.4219200015068054,0.07469777928458321,0,-10.0
2024-06-18,WTA,WTA250,Grass,2.32,0.5702044606208801,0.13916997786225943,0,-10.0
2024-06-18,WTA,WTA250,Grass,1.3,0.9155068047344684,0.14627603550369928,1,3.0000000000000004
2024-06-19,WTA,WTA250,Grass,2.62,0.5309112131595611,0.14923182384658407,0,-10.0
2024-06-19,WTA,WTA250,Grass,1.87,0.607345700263977,0.07258634197520708,0,-10.0
2024-06-19,WTA,WTA250,Grass,3.2,0.3748130798339844,0.062313079833984375,0,-10.0
2024-06-19,WTA,WTA250,Grass,3.43,0.47123962044715884,0.1796944309427857,0,-10.0
2024-06-20,WTA,WTA250,Grass,1.62,0.6927976787090302,0.07551372809174628,1,6.200000000000001
2024-06-21,WTA,WTA250,Grass,2.32,0.48635746240615846,0.05532297964753774,0,-10.0
2024-06-22,WTA,WTA250,Grass,2.57,0.44097201228141786,0.0518669539156591,1,15.7
2024-06-23,WTA,WTA250,Grass,2.39,0.5083149790763855,0.08990493723538129,0,-10.0
2024-06-24,WTA,WTA250,Grass,3.28,0.42912440896034243,0.12424636017985463,0,-10.0
2024-06-24,WTA,WTA250,Grass,2.47,0.7189593762159348,0.31410107662079306,1,14.700000000000003
2024-06-25,WTA,WTA250,Grass,2.57,0.4755541443824768,0.08644908601671802,0,-10.0
2024-06-25,WTA,WTA250,Grass,1.47,0.7634229898452759,0.08315088100173851,0,-10.0
2024-06-26,WTA,WTA250,Grass,1.65,0.6641125798225402,0.05805197376193416,0,-10.0
2024-06-27,WTA,WTA250,Grass,2.63,0.46139330267906187,0.08116516579693256,1,16.299999999999997
2024-06-24,WTA,WTA500,Grass,2.79,0.4103496909141541,0.05192675184605372,1,17.9
2024-06-25,WTA,WTA500,Grass,2.87,0.5335431456565857,0.18511108990745678,0,-10.0
2024-06-25,WTA,WTA500,Grass,1.93,0.7254364252090454,0.2073017101831386,1,9.299999999999999
2024-06-26,WTA,WTA500,Grass,1.78,0.7996920824050904,0.23789432959610157,0,-10.0
2024-06-26,WTA,WTA500,Grass,2.92,0.40463680028915405,0.06217104686449654,0,-10.0
2024-06-27,WTA,WTA500,Grass,3.41,0.3775207877159119,0.08426565575110256,0,-10.0
2024-06-27,WTA,WTA500,Grass,2.32,0.5857743144035339,0.15473983164491317,1,13.2
2024-06-29,WTA,WTA500,Grass,1.92,0.6349714756011963,0.1141381422678629,1,9.2
2024-07-01,WTA,Grand Slam,Grass,3.01,0.46611334085464473,0.13388742723338226,0,-10.0
2024-07-01,WTA,Grand Slam,Grass,2.29,0.4949938118457794,0.0583125891383558,0,-10.0
2024-07-01,WTA,Grand Slam,Grass,2.1,0.6619721412658691,0.18578166507539295,1,11.0
2024-07-01,WTA,Grand Slam,Grass,2.24,0.5306797444820404,0.08425117305346896,1,12.400000000000002
2024-07-01,WTA,Grand Slam,Grass,2.06,0.5798947811126709,0.0944578879087874,1,10.600000000000001
2024-07-01,WTA,Grand Slam,Grass,2.19,0.6029666781425476,0.1463456735763375,0,-10.0
2024-07-01,WTA,Grand Slam,Grass,1.89,0.7860637247562409,0.2569631956557117,0,-10.0
2024-07-02,WTA,Grand Slam,Grass,1.49,0.7355903387069702,0.06444939910965475,1,4.9
2024-07-02,WTA,Grand Slam,Grass,2.61,0.5028355300426484,0.11969376759054107,0,-10.0
2024-07-02,WTA,Grand Slam,Grass,1.49,0.7524519443511963,0.08131100475388087,1,4.9
2024-07-02,WTA,Grand Slam,Grass,2.55,0.4487239122390747,0.05656704949397662,0,-10.0
2024-07-03,WTA,Grand Slam,Grass,2.22,0.7420151948928833,0.29156474444243285,1,12.200000000000003
2024-07-03,WTA,Grand Slam,Grass,1.58,0.7454002887010575,0.11248889629599423,1,5.800000000000001
2024-07-03,WTA,Grand Slam,Grass,3.47,0.3803076922893524,0.09212325424900658,0,-10.0
2024-07-03,WTA,Grand Slam,Grass,2.26,0.643067193031311,0.20058931692511628,0,-10.0
2024-07-03,WTA,Grand Slam,Grass,1.82,0.6628511250019073,0.11340057555135796,0,-10.0
2024-07-03,WTA,Grand Slam,Grass,2.62,0.6132605314254761,0.23158114211249903,0,-10.0
2024-07-03,WTA,Grand Slam,Grass,2.16,0.6302992105484009,0.16733624758543797,1,11.600000000000001
2024-07-03,WTA,Grand Slam,Grass,3.14,0.3809615015983582,0.06249016401874036,1,21.400000000000002
2024-07-03,WTA,Grand Slam,Grass,1.9,0.66363405585289,0.13731826637920586,1,9.0
2024-07-04,WTA,Grand Slam,Grass,1.62,0.8259228706359864,0.20863892001870243,1,6.200000000000001
2024-07-04,WTA,Grand Slam,Grass,2.16,0.5550160050392151,0.0920530420762522,0,-10.0
2024-07-04,WTA,Grand Slam,Grass,2.64,0.558078134059906,0.17929025527202724,0,-10.0
2024-07-04,WTA,Grand Slam,Grass,1.6,0.7758097410202026,0.15080974102020261,1,6.000000000000001
2024-07-04,WTA,Grand Slam,Grass,1.63,0.7414401054382325,0.12794317292289503,0,-10.0
2024-07-04,WTA,Grand Slam,Grass,1.63,0.6718875348567963,0.058390602341458875,0,-10.0
2024-07-05,WTA,Grand Slam,Grass,1.74,0.6934544175863266,0.11874177390816576,1,7.4
2024-07-05,WTA,Grand Slam,Grass,1.9,0.5936559975147248,0.06734020804104057,0,-10.0
2024-07-05,WTA,Grand Slam,Grass,2.22,0.6687411427497864,0.21829069229933595,0,-10.0
2024-07-06,WTA,Grand Slam,Grass,3.03,0.3994592010974884,0.06942619779715836,0,-10.0
2024-07-06,WTA,Grand Slam,Grass,2.84,0.4708056926727295,0.11869301661639142,0,-10.0
2024-07-06,WTA,Grand Slam,Grass,2.63,0.4546811878681183,0.07445305098598898,1,16.299999999999997
2024-07-06,WTA,Grand Slam,Grass,2.5,0.4607935190200806,0.060793519020080566,0,-10.0
2024-07-07,WTA,Grand Slam,Grass,2.97,0.5268413305282593,0.19014099382792266,1,19.700000000000003
2024-07-08,WTA,Grand Slam,Grass,2.88,0.491196084022522,0.1439738618002998,1,18.799999999999997
2024-07-09,WTA,Grand Slam,Grass,2.36,0.624834680557251,0.20110586699792893,1,13.599999999999998
2024-07-10,WTA,Grand Slam,Grass,2.83,0.4874302387237549,0.13407334826439093,1,18.3
2024-07-13,WTA,Grand Slam,Grass,2.13,0.5318897545337677,0.06240618645865037,0,-10.0
2024-07-15,WTA,WTA250,Clay,2.06,0.6835651457309723,0.19812825252708877,1,10.600000000000001
2024-07-15,WTA,WTA250,Clay,2.26,0.5264748573303223,0.08399698122412758,0,-10.0
2024-07-15,WTA,WTA250,Clay,1.94,0.6775827705860138,0.16211885306024054,1,9.399999999999999
2024-07-15,WTA,WTA250,Clay,2.58,0.4515198826789856,0.0639229834541794,1,15.8
2024-07-16,WTA,WTA250,Clay,2.54,0.48280966877937315,0.08910888137779838,1,15.4
2024-07-16,WTA,WTA250,Clay,3.13,0.40463680028915405,0.08514798239778026,0,-10.0
2024-07-16,WTA,WTA250,Clay,2.09,0.624834680557251,0.14636578103571984,1,10.899999999999999
2024-07-16,WTA,WTA250,Clay,2.52,0.477327823638916,0.08050242681351921,1,15.2
2024-07-17,WTA,WTA250,Clay,2.25,0.4970151424407959,0.0525706979963515,0,-10.0
2024-07-18,WTA,WTA250,Clay,1.61,0.6880836486816406,0.06696563625928043,0,-10.0
2024-07-19,WTA,WTA250,Clay,2.28,0.6590925097465515,0.22049601851848133,0,-10.0
2024-07-16,WTA,WTA250,Clay,2.68,0.6237264394760131,0.2505921111178042,0,-10.0
2024-07-16,WTA,WTA250,Clay,2.66,0.48482546210289,0.10888561247882989,1,16.6
2024-07-17,WTA,WTA250,Clay,1.75,0.6654229462146759,0.0939943747861045,1,7.5
2024-07-18,WTA,WTA250,Clay,2.96,0.4900920748710632,0.15225423703322538,1,19.6
2024-07-19,WTA,WTA250,Clay,3.3,0.4159417271614074,0.11291142413110439,0,-10.0
2024-07-19,WTA,WTA250,Clay,1.37,0.8073209285736084,0.0773939212743383,1,3.700000000000001
2024-07-20,WTA,WTA250,Clay,2.1,0.6765999495983124,0.20040947340783621,1,11.0
2024-07-21,WTA,WTA250,Clay,2.3,0.5142781436443329,0.07949553494868067,0,-10.0
2024-07-21,WTA,WTA250,Clay,2.59,0.4593806803226471,0.07328029422226101,0,-10.0
2024-07-21,WTA,WTA250,Clay,1.76,0.6748845517635346,0.10670273358171634,0,-10.0
2024-07-22,WTA,WTA250,Clay,2.28,0.5136425375938416,0.07504604636577139,1,12.799999999999997
2024-07-22,WTA,WTA250,Clay,2.69,0.4655471444129944,0.09379993251708357,0,-10.0
2024-07-22,WTA,WTA250,Clay,1.64,0.6822071492671966,0.07245105170622101,1,6.399999999999999
2024-07-23,WTA,WTA250,Clay,1.84,0.6397733092308044,0.09629504836123925,1,8.4
2024-07-23,WTA,WTA250,Clay,3.2,0.46611334085464473,0.15361334085464473,0,-10.0
2024-07-23,WTA,WTA250,Clay,2.39,0.4874302387237549,0.06902019688275074,0,-10.0
2024-07-23,WTA,WTA250,Clay,1.72,0.6598301827907562,0.07843483395354689,1,7.199999999999999
2024-07-24,WTA,WTA250,Clay,2.8,0.5590747356414795,0.20193187849862232,0,-10.0
2024-07-25,WTA,WTA250,Clay,2.06,0.5844664454460144,0.09902955224213095,0,-10.0
2024-07-22,WTA,WTA250,Clay,2.03,0.5907354950904846,0.09812465765206091,1,10.299999999999997
2024-07-22,WTA,WTA250,Clay,2.12,0.839317262172699,0.36761914896515185,1,11.200000000000001
2024-07-22,WTA,WTA250,Clay,2.63,0.5001736938953399,0.11994555701321064,0,-10.0
2024-07-23,WTA,WTA250,Clay,1.58,0.7571469783782959,0.1242355859732327,1,5.800000000000001
2024-07-25,WTA,WTA250,Clay,3.26,0.7071253657341003,0.4003768994764316,0,-10.0
2024-07-25,WTA,WTA250,Clay,3.21,0.45218428373336794,0.14065780398258915,1,22.1
2024-07-26,WTA,WTA250,Clay,1.69,0.654592901468277,0.062876925136916,1,6.8999999999999995
2024-07-29,WTA,WTA500,Hard,1.9,0.6166908502578735,0.09037506078418933,1,9.0
2024-07-29,WTA,WTA500,Hard,2.43,0.4957720160484314,0.08424938230357548,0,-10.0
2024-07-30,WTA,WTA500,Hard,2.75,0.5376530528068543,0.17401668917049062,0,-10.0
2024-07-30,WTA,WTA500,Hard,2.47,0.6691665351390839,0.26430823554394217,0,-10.0
2024-07-30,WTA,WTA500,Hard,1.38,0.7758097410202026,0.051172059860782215,1,3.799999999999999
2024-07-31,WTA,WTA500,Hard,1.98,0.6006408929824829,0.09559038793197783,0,-10.0
2024-08-01,WTA,WTA500,Hard,1.97,0.7152697205543518,0.20765550735638227,0,-10.0
2024-08-02,WTA,WTA500,Hard,2.76,0.6308940529823304,0.26857521240262017,1,17.599999999999998
2024-08-04,WTA,WTA500,Hard,2.64,0.5306934118270874,0.15190553303920862,0,-10.0
2024-08-07,WTA,WTA1000,Hard,1.66,0.6569285750389099,0.05451893648469297,0,-10.0
2024-08-07,WTA,WTA1000,Hard,1.68,0.6835750222206116,0.08833692698251638,1,6.799999999999999
2024-08-07,WTA,WTA1000,Hard,2.13,0.5358838737010956,0.0664003056259782,1,11.299999999999999
2024-08-07,WTA,WTA1000,Hard,2.52,0.5001736938953399,0.10334829706994314,0,-10.0
2024-08-07,WTA,WTA1000,Hard,1.98,0.6048214912414551,0.09977098619095004,0,-10.0
2024-08-07,WTA,WTA1000,Hard,1.51,0.736539563536644,0.07428790790750484,1,5.1
2024-08-08,WTA,WTA1000,Hard,2.35,0.5252141714096069,0.09968225651598989,1,13.5
2024-08-08,WTA,WTA1000,Hard,2.06,0.5702044606208801,0.08476756741699665,0,-10.0
2024-08-08,WTA,WTA1000,Hard,2.0,0.5870248913764954,0.08702489137649538,0,-10.0
2024-08-08,WTA,WTA1000,Hard,2.67,0.5267160117626191,0.15218417655662653,1,16.7
2024-08-09,WTA,WTA1000,Hard,2.99,0.42401095628738406,0.089562795752267,1,19.900000000000002
2024-08-09,WTA,WTA1000,Hard,1.56,0.7074248671531678,0.0663992261275268,0,-10.0
2024-08-09,WTA,WTA1000,Hard,2.3,0.5099079251289368,0.07512531643328457,0,-10.0
2024-08-09,WTA,WTA1000,Hard,1.25,0.8781326234340667,0.07813262343406668,1,2.5
2024-08-11,WTA,WTA1000,Hard,1.65,0.7203905582427979,0.11432995218219177,0,-10.0
2024-08-12,WTA,WTA1000,Hard,1.49,0.7304690599441528,0.05932812034683732,1,4.9
2024-08-13,WTA,WTA1000,Hard,2.11,0.5367468297481537,0.06281318045905415,0,-10.0
2024-08-13,WTA,WTA1000,Hard,1.58,0.7758097410202026,0.1428983486151394,0,-10.0
2024-08-14,WTA,WTA1000,Hard,3.34,0.47435616254806523,0.17495496494327478,0,-10.0
2024-08-14,WTA,WTA1000,Hard,3.0,0.44383161067962645,0.11049827734629314,0,-10.0
2024-08-14,WTA,WTA1000,Hard,2.21,0.5232289791107178,0.07074029132791232,0,-10.0
2024-08-15,WTA,WTA1000,Hard,2.64,0.5248388409614563,0.1460509621735775,0,-10.0
2024-08-15,WTA,WTA1000,Hard,1.35,0.7974753856658936,0.0567346449251529,0,-10.0
2024-08-15,WTA,WTA1000,Hard,1.55,0.8686350375413895,0.22347374721880886,0,-10.0
2024-08-15,WTA,WTA1000,Hard,1.6,0.7075891375541687,0.08258913755416875,1,6.000000000000001
2024-08-15,WTA,WTA1000,Hard,1.71,0.6754561066627502,0.09066078502532338,0,-10.0
2024-08-15,WTA,WTA1000,Hard,3.27,0.5001736938953399,0.19436329634182314,0,-10.0
2024-08-16,WTA,WTA1000,Hard,2.7,0.4287603378295899,0.05838996745921954,0,-10.0
2024-08-16,WTA,WTA1000,Hard,2.29,0.61439089179039,0.17770966908296637,1,12.9
2024-08-16,WTA,WTA1000,Hard,2.17,0.613789564371109,0.15296007128355138,0,-10.0
2024-08-18,WTA,WTA1000,Hard,3.12,0.44160119295120237,0.12108837243838189,0,-10.0
2024-08-18,WTA,WTA1000,Hard,1.52,0.7536814451217652,0.09578670827965985,0,-10.0
2024-08-18,WTA,WTA1000,Hard,1.88,0.6275499105453491,0.09563501692832788,1,8.799999999999999
2024-08-19,WTA,WTA250,Hard,2.94,0.40017046928405764,0.06003441486228894,0,-10.0
2024-08-19,WTA,WTA250,Hard,2.61,0.436949634552002,0.05380787209989468,0,-10.0
2024-08-20,WTA,WTA250,Hard,2.17,0.5290766716003418,0.06824717851278417,1,11.7
2024-08-20,WTA,WTA250,Hard,2.51,0.5088041961193085,0.11039782161731643,1,15.099999999999998
2024-08-20,WTA,WTA250,Hard,2.15,0.5959298968315124,0.130813617761745,0,-10.0
2024-08-21,WTA,WTA250,Hard,3.24,0.36910594701766963,0.060463971709027675,0,-10.0
2024-08-22,WTA,WTA250,Hard,3.01,0.4693065881729126,0.13708067455165013,0,-10.0
2024-08-22,WTA,WTA250,Hard,2.43,0.5321651041507721,0.12064247040591619,1,14.3
2024-08-19,WTA,WTA500,Hard,1.7,0.6463133573532105,0.058078063235563415,0,-10.0
2024-08-22,WTA,WTA500,Hard,1.64,0.7094195127487183,0.09966341518774269,1,6.399999999999999
2024-08-22,WTA,WTA500,Hard,1.51,0.7564556390047074,0.09420398337556823,1,5.1
2024-08-22,WTA,WTA500,Hard,1.84,0.6321979284286499,0.08871966755908467,1,8.4
2024-08-23,WTA,WTA500,Hard,2.72,0.46719242334365846,0.09954536452012908,1,17.200000000000003
2024-08-24,WTA,WTA500,Hard,1.67,0.6646069288253784,0.06580453361579752,0,-10.0
2024-08-25,WTA,WTA500,Hard,2.91,0.7122284591197967,0.3685858474359479,0,-10.0
2024-08-26,WTA,Grand Slam,Hard,2.62,0.4408483743667603,0.05916898505378321,1,16.200000000000003
2024-08-26,WTA,Grand Slam,Hard,1.52,0.7167929649353028,0.05889822809319745,1,5.2
2024-08-26,WTA,Grand Slam,Hard,2.61,0.47435616254806523,0.09121440009595794,1,16.099999999999998
2024-08-26,WTA,Grand Slam,Hard,1.67,0.6654229462146759,0.06662055100509501,0,-10.0
2024-08-26,WTA,Grand Slam,Hard,2.66,0.7175583839416504,0.34161853431759026,0,-10.0
2024-08-26,WTA,Grand Slam,Hard,3.38,0.5206066370010376,0.2247486488353571,0,-10.0
2024-08-26,WTA,Grand Slam,Hard,1.38,0.7809067964553833,0.0562691152959629,1,3.799999999999999
2024-08-27,WTA,Grand Slam,Hard,2.72,0.4253528356552124,0.05770577683168304,0,-10.0
2024-08-27,WTA,Grand Slam,Hard,2.51,0.47677102088928225,0.07836464638729018,1,15.099999999999998
2024-08-27,WTA,Grand Slam,Hard,2.26,0.6009177565574646,0.1584398804512699,0,-10.0
2024-08-27,WTA,Grand Slam,Hard,1.51,0.7932491183280945,0.1309974626989554,0,-10.0
2024-08-27,WTA,Grand Slam,Hard,2.18,0.5134932100772858,0.05477761374701057,1,11.8
2024-08-27,WTA,Grand Slam,Hard,2.32,0.49348087310791017,0.06244639034928945,1,13.2
2024-08-27,WTA,Grand Slam,Hard,2.86,0.40079813003540044,0.051147780385050745,0,-10.0
2024-08-28,WTA,Grand Slam,Hard,1.52,0.8282787203788757,0.17038398353677042,1,5.2
2024-08-28,WTA,Grand Slam,Hard,2.19,0.5290766716003418,0.0724556670341317,0,-10.0
2024-08-28,WTA,Grand Slam,Hard,1.32,0.8848697878420353,0.12729403026627772,1,3.2000000000000006
2024-08-30,WTA,Grand Slam,Hard,2.13,0.597862720489502,0.12837915241438458,1,11.299999999999999
2024-08-30,WTA,Grand Slam,Hard,2.87,0.4201135814189911,0.07168152566986219,0,-10.0
2024-08-30,WTA,Grand Slam,Hard,2.39,0.47009108662605287,0.0516810447850487,0,-10.0
2024-08-31,WTA,Grand Slam,Hard,1.66,0.7283480435609817,0.1259384050067648,1,6.6
2024-08-31,WTA,Grand Slam,Hard,1.59,0.7249075949192048,0.09597677730914189,1,5.9
2024-09-01,WTA,Grand Slam,Hard,2.57,0.4849985897541046,0.09589353138834583,1,15.7
2024-09-02,WTA,Grand Slam,Hard,2.35,0.7758097410202026,0.3502778261265856,0,-10.0
2024-09-02,WTA,Grand Slam,Hard,2.03,0.6497990012168884,0.15718816377846467,1,10.299999999999997
2024-09-03,WTA,Grand Slam,Hard,2.05,0.5707268476486206,0.08292196959984005,1,10.499999999999998
2024-09-04,WTA,Grand Slam,Hard,3.38,0.5843644738197327,0.2885064856540522,0,-10.0
2024-09-06,WTA,Grand Slam,Hard,1.63,0.755586376786232,0.14208944427089454,1,6.299999999999999
2024-09-09,WTA,WTA500,Hard,2.04,0.6287614345550537,0.1385653561236812,0,-10.0
2024-09-09,WTA,WTA500,Hard,3.47,0.3756214439868927,0.08743700594654685,0,-10.0
2024-09-10,WTA,WTA500,Hard,2.81,0.42083436250686646,0.06496247638587,0,-10.0
2024-09-11,WTA,WTA500,Hard,3.49,0.362533175945282,0.07600022465588374,0,-10.0
2024-09-11,WTA,WTA500,Hard,3.42,0.5096707224845887,0.21727306166587523,0,-10.0
2024-09-11,WTA,WTA500,Hard,1.8,0.6087248921394348,0.053169336583879234,0,-10.0
2024-09-12,WTA,WTA500,Hard,1.55,0.7543044090270996,0.10914311870451898,1,5.5
2024-09-13,WTA,WTA500,Hard,2.51,0.5674192547798157,0.16901288027782363,1,15.099999999999998
2024-09-13,WTA,WTA500,Hard,2.75,0.5485359907150269,0.18489962707866325,0,-10.0
2024-09-13,WTA,WTA500,Hard,2.17,0.5458097815513611,0.08498028846380346,1,11.7
2024-09-15,WTA,WTA500,Hard,1.72,0.7040589213371277,0.12266357249991833,0,-10.0
2024-09-15,WTA,WTA500,Hard,2.08,0.5746471643447876,0.09387793357555685,0,-10.0
2024-09-16,WTA,WTA500,Hard,1.66,0.7075410902500152,0.1051314516957983,1,6.6
2024-09-09,WTA,WTA250,Hard,3.21,0.4161581158638,0.10463163611302123,0,-10.0
2024-09-09,WTA,WTA250,Hard,2.42,0.46864917278289797,0.05542603228703019,0,-10.0
2024-09-09,WTA,WTA250,Hard,2.16,0.5306934118270874,0.06773044886412449,0,-10.0
2024-09-10,WTA,WTA250,Hard,2.59,0.6460593104362488,0.25995892433586265,0,-10.0
2024-09-10,WTA,WTA250,Hard,2.92,0.49365156292915346,0.15118580950449595,0,-10.0
2024-09-10,WTA,WTA250,Hard,2.29,0.6304543018341064,0.19377307912668285,1,12.9
2024-09-10,WTA,WTA250,Hard,2.52,0.5218767344951629,0.12505133766976612,0,-10.0
2024-09-10,WTA,WTA250,Hard,2.06,0.5538931131362915,0.06845621993240802,0,-10.0
2024-09-11,WTA,WTA250,Hard,2.74,0.47677102088928225,0.11180751723964721,0,-10.0
2024-09-11,WTA,WTA250,Hard,1.74,0.6927801072597504,0.11806746358158948,0,-10.0
2024-09-12,WTA,WTA250,Hard,2.53,0.6063935220241546,0.21113660502810716,0,-10.0
2024-09-13,WTA,WTA250,Hard,2.56,0.4693065881729126,0.0786815881729126,1,15.600000000000001
2024-09-14,WTA,WTA250,Hard,3.35,0.43881380558013916,0.14030634289357202,1,23.5
2024-09-14,WTA,WTA250,Hard,1.94,0.6606995642185212,0.1452356466927479,0,-10.0
2024-09-15,WTA,WTA250,Hard,2.62,0.5960977077484131,0.21441831843543602,0,-10.0
2024-09-16,WTA,WTA250,Hard,2.72,0.4201747179031372,0.052527659079607825,0,-10.0
2024-09-16,WTA,WTA250,Hard,2.82,0.5108313739299775,0.15622144485196326,1,18.2
2024-09-17,WTA,WTA250,Hard,2.07,0.5727957606315612,0.08970397319194767,0,-10.0
2024-09-17,WTA,WTA250,Hard,3.19,0.374437940120697,0.06095831629624554,1,21.9
2024-09-17,WTA,WTA250,Hard,2.48,0.8027230262756347,0.3994972198240218,1,14.8
2024-09-18,WTA,WTA250,Hard,2.94,0.4605891227722168,0.12045306835044811,1,19.4
2024-09-20,WTA,WTA250,Hard,3.22,0.395638644695282,0.08507963848410188,1,22.200000000000003
2024-09-20,WTA,WTA250,Hard,1.8,0.6247295618057251,0.06917400625016956,0,-10.0
2024-09-16,WTA,WTA500,Hard,2.06,0.5711127400398255,0.08567584683594198,1,10.600000000000001
2024-09-17,WTA,WTA500,Hard,2.16,0.5207908630371094,0.05782790007414651,1,11.600000000000001
2024-09-17,WTA,WTA500,Hard,2.52,0.48635746240615846,0.08953206558076165,0,-10.0
2024-09-19,WTA,WTA500,Hard,2.69,0.5363015174865723,0.16455430559066148,0,-10.0
2024-09-21,WTA,WTA500,Hard,1.98,0.6687807023525238,0.16373019730201877,1,9.8
2024-09-25,WTA,WTA1000,Hard,2.28,0.5210521280765533,0.08245563684848312,0,-10.0
2024-09-25,WTA,WTA1000,Hard,2.35,0.6606995642185212,0.23516764932490414,0,-10.0
2024-09-25,WTA,WTA1000,Hard,2.6,0.4870158314704895,0.10240044685510491,0,-10.0
2024-09-25,WTA,WTA1000,Hard,2.74,0.4693065881729126,0.10434308452327756,0,-10.0
2024-09-25,WTA,WTA1000,Hard,2.05,0.5922192931175232,0.10441441506874266,0,-10.0
2024-09-25,WTA,WTA1000,Hard,2.14,0.5678025960922242,0.10051287646605594,1,11.400000000000002
2024-09-26,WTA,WTA1000,Hard,1.32,0.8180373281240463,0.06046157054828871,1,3.2000000000000006
2024-09-26,WTA,WTA1000,Hard,2.38,0.47642428874969484,0.05625622152280407,0,-10.0
2024-09-26,WTA,WTA1000,Hard,3.19,0.6049525022506714,0.29147287842622,1,21.9
2024-09-26,WTA,WTA1000,Hard,1.98,0.5790934801101685,0.0740429750596634,1,9.8
2024-09-26,WTA,WTA1000,Hard,2.18,0.5584488391876221,0.09973324285734692,0,-10.0
2024-09-27,WTA,WTA1000,Hard,1.63,0.7001519680023194,0.08665503548698195,0,-10.0
2024-09-27,WTA,WTA1000,Hard,1.32,0.824036693572998,0.06646093599724046,1,3.2000000000000006
2024-09-27,WTA,WTA1000,Hard,2.23,0.5136425375938416,0.06521204432029898,1,12.3
2024-09-27,WTA,WTA1000,Hard,3.04,0.394992870092392,0.06604550167133932,0,-10.0
2024-09-27,WTA,WTA1000,Hard,2.43,0.5530051469802857,0.14148251323542976,0,-10.0
2024-09-28,WTA,WTA1000,Hard,1.55,0.7282488286495209,0.08308753832694027,1,5.5
2024-09-28,WTA,WTA1000,Hard,2.53,0.5001141488552093,0.10485723185916185,0,-10.0
2024-09-29,WTA,WTA1000,Hard,1.33,0.8894996687769889,0.13761996952886868,1,3.3000000000000007
2024-09-29,WTA,WTA1000,Hard,1.95,0.6239176750183105,0.11109716219779764,0,-10.0
2024-09-29,WTA,WTA1000,Hard,1.75,0.6838406324386597,0.11241206101008827,0,-10.0
2024-09-30,WTA,WTA1000,Hard,2.22,0.5892378389835358,0.13878738853308537,0,-10.0
2024-09-30,WTA,WTA1000,Hard,2.52,0.507421213388443,0.11059581656304623,0,-10.0
2024-10-01,WTA,WTA1000,Hard,1.55,0.8192555904388428,0.17409430011626215,0,-10.0
2024-10-01,WTA,WTA1000,Hard,1.55,0.7602237582206726,0.11506246789809194,0,-10.0
2024-10-01,WTA,WTA1000,Hard,1.59,0.8007484078407288,0.1718175902306659,1,5.9
2024-10-04,WTA,WTA1000,Hard,1.47,0.8189488261938095,0.1386767173502721,0,-10.0
2024-10-05,WTA,WTA1000,Hard,2.0,0.6132678747177124,0.11326787471771238,1,10.0
2024-10-05,WTA,WTA1000,Hard,2.26,0.7091385245323181,0.26666064842612336,0,-10.0
2024-10-06,WTA,WTA1000,Hard,2.4,0.7141711592674256,0.2975044926007589,1,14.0
2024-10-07,WTA,WTA1000,Hard,2.49,0.5584488391876221,0.15684241348481093,1,14.900000000000002
2024-10-07,WTA,WTA1000,Hard,2.07,0.5338866591453553,0.050794871705741707,0,-10.0
2024-10-07,WTA,WTA1000,Hard,2.17,0.5633670210838317,0.10253752799627414,0,-10.0
2024-10-07,WTA,WTA1000,Hard,3.2,0.37946684956550597,0.06696684956550597,0,-10.0
2024-10-08,WTA,WTA1000,Hard,1.69,0.7152697205543518,0.12355374422299081,1,6.8999999999999995
2024-10-08,WTA,WTA1000,Hard,2.4,0.49982630610466006,0.08315963943799337,1,14.0
2024-10-08,WTA,WTA1000,Hard,2.75,0.41769230365753174,0.05405594002116809,1,17.5
2024-10-08,WTA,WTA1000,Hard,1.38,0.7886595606803894,0.06402187952096905,0,-10.0
2024-10-08,WTA,WTA1000,Hard,1.35,0.8438233837485314,0.10308264300779069,1,3.500000000000001
2024-10-08,WTA,WTA1000,Hard,2.09,0.5373573124408721,0.05888841291934099,0,-10.0
2024-10-08,WTA,WTA1000,Hard,2.39,0.544722580909729,0.12631253906872486,1,13.900000000000002
2024-10-08,WTA,WTA1000,Hard,3.34,0.373309600353241,0.07390840274845056,0,-10.0
2024-10-09,WTA,WTA1000,Hard,1.45,0.7969896525144577,0.1073344801006646,0,-10.0
2024-10-09,WTA,WTA1000,Hard,1.56,0.6987017750740051,0.057676134048364136,1,5.6000000000000005
2024-10-09,WTA,WTA1000,Hard,2.88,0.41365863084793086,0.06643640862570865,0,-10.0
2024-10-10,WTA,WTA1000,Hard,3.41,0.4293468177318573,0.13609168576704794,0,-10.0
2024-10-10,WTA,WTA1000,Hard,3.15,0.40463680028915405,0.08717648282883661,1,21.5
2024-10-11,WTA,WTA1000,Hard,2.07,0.5840475142002106,0.10095572676059705,0,-10.0
2024-10-11,WTA,WTA1000,Hard,3.09,0.38170814514160156,0.05808354967234586,0,-10.0
2024-10-14,WTA,WTA500,Hard,2.89,0.4178677976131439,0.0718470363674692,0,-10.0
2024-10-16,WTA,WTA500,Hard,2.04,0.6619721412658691,0.1717760628344966,1,10.4
2024-10-18,WTA,WTA500,Hard,3.37,0.49910091757774355,0.2023650125332332,0,-10.0
2024-10-18,WTA,WTA500,Hard,2.74,0.5282265782356262,0.1632630745859912,0,-10.0
2024-10-20,WTA,WTA500,Hard,2.89,0.49191907048225403,0.14589830923657932,1,18.900000000000002
2024-10-14,WTA,WTA250,Hard,3.42,0.38485130071640017,0.09245363989768673,0,-10.0
2024-10-15,WTA,WTA250,Hard,2.61,0.49982630610466006,0.11668454365255276,1,16.099999999999998
2024-10-15,WTA,WTA250,Hard,2.53,0.4506163835525513,0.05535946655650381,1,15.299999999999997
2024-10-15,WTA,WTA250,Hard,2.14,0.5466324806213378,0.07934276099516963,1,11.400000000000002
2024-10-15,WTA,WTA250,Hard,2.26,0.527917993068695,0.08544011696250031,1,12.599999999999998
2024-10-17,WTA,WTA250,Hard,2.07,0.5686060607433319,0.0855142733037183,1,10.7
2024-10-18,WTA,WTA250,Hard,2.59,0.5567090094089509,0.17060862330856474,1,15.899999999999999
2024-10-20,WTA,WTA250,Hard,2.42,0.4641161262989044,0.05089298580303664,0,-10.0
2024-10-21,WTA,WTA250,Hard,1.47,0.7932491183280945,0.11297700948455713,0,-10.0
2024-10-22,WTA,WTA250,Hard,2.25,0.5788759827613831,0.13443153831693866,0,-10.0
2024-10-22,WTA,WTA250,Hard,1.62,0.7911261796951294,0.17384222907784552,1,6.200000000000001
2024-10-22,WTA,WTA250,Hard,1.69,0.6854136824607849,0.09369770612942396,0,-10.0
2024-10-23,WTA,WTA250,Hard,1.88,0.6153555512428284,0.0834406576258071,0,-10.0
2024-10-23,WTA,WTA250,Hard,1.96,0.6407778918743133,0.13057381024166026,0,-10.0
2024-10-24,WTA,WTA250,Hard,3.37,0.35223096013069155,0.05549505508618119,1,23.700000000000003
2024-10-24,WTA,WTA250,Hard,2.18,0.5499612212181091,0.09124562488783389,1,11.8
2024-10-25,WTA,WTA250,Hard,2.95,0.6085563421249389,0.2695732912774813,0,-10.0
2024-10-25,WTA,WTA250,Hard,2.68,0.6703171253204345,0.2971827969622256,1,16.8
2024-10-27,WTA,WTA250,Hard,2.38,0.5194520831108094,0.09928401588391861,0,-10.0
2024-10-21,WTA,WTA500,Hard,3.09,0.4075029373168946,0.08387834184763887,1,20.9
2024-10-21,WTA,WTA500,Hard,1.31,0.8554951667785644,0.09213638815261027,0,-10.0
2024-10-23,WTA,WTA500,Hard,1.59,0.6811598777770996,0.05222906016703677,0,-10.0
2024-10-23,WTA,WTA500,Hard,1.38,0.817745816707611,0.09310813554819064,0,-10.0
2024-10-25,WTA,WTA500,Hard,1.62,0.7008597016334533,0.08357575101616943,1,6.200000000000001
2024-10-25,WTA,WTA500,Hard,1.4,0.7932491183280945,0.07896340404238023,0,-10.0
2024-10-29,WTA,WTA250,Hard,3.05,0.4126697540283203,0.08480090156930387,0,-10.0
2024-11-01,WTA,WTA250,Hard,2.41,0.595363199710846,0.1804254403747464,1,14.100000000000001
2024-11-01,WTA,WTA250,Hard,3.07,0.40490148067474363,0.0791685816519423,0,-10.0
2024-11-02,WTA,WTA250,Hard,2.75,0.4641161262989044,0.10047976266254077,0,-10.0
2024-11-02,WTA,WTA250,Hard,2.02,0.5702044606208801,0.0751549556703851,1,10.2
2024-10-28,WTA,WTA250,Hard,2.02,0.5550160050392151,0.059966500088720065,0,-10.0
2024-10-28,WTA,WTA250,Hard,1.47,0.7758097410202026,0.09553763217666522,1,4.699999999999999
2024-10-29,WTA,WTA250,Hard,2.2,0.5131638467311859,0.05861839218573134,1,12.000000000000002
2024-10-29,WTA,WTA250,Hard,2.72,0.5103562235832214,0.14270916475969203,0,-10.0
2024-10-29,WTA,WTA250,Hard,1.99,0.7134806454181671,0.21096808260409683,1,9.9
2024-10-31,WTA,WTA250,Hard,2.34,0.6500772833824158,0.22272685603198838,0,-10.0
2024-11-01,WTA,WTA250,Hard,2.88,0.4693065881729126,0.12208436595069039,0,-10.0
2024-10-28,WTA,WTA250,Hard,2.96,0.4627080917358398,0.12487025389800199,1,19.6
2024-10-28,WTA,WTA250,Hard,2.47,0.5474929988384247,0.14263469924328304,0,-10.0
2024-10-29,WTA,WTA250,Hard,2.5,0.741974875330925,0.34197487533092497,0,-10.0
2024-10-29,WTA,WTA250,Hard,2.02,0.6090893268585205,0.11403982190802542,1,10.2
2024-10-29,WTA,WTA250,Hard,2.04,0.6535934925079345,0.163397414076562,0,-10.0
2024-10-31,WTA,WTA250,Hard,2.42,0.4830093801021576,0.06978623960628982,1,14.2
2024-10-31,WTA,WTA250,Hard,2.23,0.5133746087551116,0.06494411548156903,0,-10.0
2024-11-01,WTA,WTA250,Hard,2.54,0.47677102088928225,0.08307023348770748,0,-10.0
2024-11-01,WTA,WTA250,Hard,1.74,0.6706739366054535,0.09596129292729261,0,-10.0
2024-11-01,WTA,WTA250,Hard,2.6,0.4615114152431488,0.07689603062776423,0,-10.0
2024-11-02,WTA,WTA250,Hard,1.58,0.7242139726877213,0.09130258028265803,1,5.800000000000001
2024-11-03,WTA,WTA250,Hard,2.9,0.6249994814395905,0.2801718952326939,1,19.0
2024-11-03,WTA,WTA250,Hard,2.7,0.46611334085464473,0.09574297048427438,0,-10.0
2024-11-04,WTA,WTA250,Hard,2.49,0.47677102088928225,0.07516459518647106,1,14.900000000000002
2024-11-03,WTA,Tour Championships,Hard,2.47,0.5015376806259155,0.09667938103077384,0,-10.0
2024-11-04,WTA,Tour Championships,Hard,2.29,0.5189492881298066,0.08226806542238296,0,-10.0
2024-11-07,WTA,Tour Championships,Hard,1.28,0.8413042008876801,0.0600542008876801,0,-10.0
2024-11-08,WTA,Tour Championships,Hard,1.4,0.7885583519935608,0.07427263770784653,1,3.999999999999999
2024-11-08,WTA,Tour Championships,Hard,1.5,0.7254923701286315,0.05882570346196492,0,-10.0
2024-11-09,WTA,Tour Championships,Hard,2.31,0.5296226859092712,0.0967222530088383,0,-10.0
2024-12-29,WTA,WTA250,Hard,1.95,0.5838418841362,0.07102137131568709,0,-10.0
2024-12-30,WTA,WTA250,Hard,1.84,0.6154655337333679,0.07198727286380269,0,-10.0
2024-12-30,WTA,WTA250,Hard,2.29,0.5306934118270874,0.0940121891196638,0,-10.0
2024-12-30,WTA,WTA250,Hard,1.99,0.5661530733108521,0.06364051049678177,1,9.9
2024-12-30,WTA,WTA250,Hard,2.26,0.5306934118270874,0.08821553572089269,1,12.599999999999998
2024-12-31,WTA,WTA250,Hard,1.52,0.7758097410202026,0.1179150041780973,1,5.2
2024-12-31,WTA,WTA250,Hard,2.69,0.4449839949607849,0.07323678306487408,0,-10.0
2024-12-31,WTA,WTA250,Hard,3.17,0.4133678555488587,0.09791044229964735,1,21.7
2024-12-29,WTA,WTA500,Hard,3.48,0.5063484370708465,0.2189921152317661,0,-10.0
2024-12-29,WTA,WTA500,Hard,2.17,0.5550160050392151,0.0941865119516575,0,-10.0
2024-12-29,WTA,WTA500,Hard,2.19,0.6355606436729431,0.178939639106733,1,11.899999999999999
2024-12-30,WTA,WTA500,Hard,2.99,0.5232289791107178,0.1887808185756007,0,-10.0
2024-12-30,WTA,WTA500,Hard,1.92,0.6497990012168884,0.128965667883555,1,9.2
2024-12-31,WTA,WTA500,Hard,2.8,0.41615791320800777,0.05901505606515062,0,-10.0
2024-12-31,WTA,WTA500,Hard,2.34,0.6075916826725006,0.18024125532207325,0,-10.0
