date,tour,series,surface,round,pick,odds,model_prob,implied_prob,edge,won,pnl
2022-01-04,WTA,WTA250,Hard,1st Round,pA,2.06,0.5929035663604736,0.4854368932038835,0.10746667315659009,0,-10.0
2022-01-05,WTA,WTA250,Hard,1st Round,pB,2.98,0.45276926755905156,0.33557046979865773,0.11719879776039382,0,-10.0
2022-01-06,WTA,WTA250,Hard,2nd Round,pA,2.12,0.5804701566696167,0.4716981132075471,0.10877204346206953,1,11.200000000000001
2022-01-06,WTA,WTA250,Hard,2nd Round,pB,1.34,0.807379075884819,0.7462686567164178,0.06111041916840121,1,3.400000000000001
2022-01-07,WTA,WTA250,Hard,Quarterfinals,pA,1.58,0.7464751601219177,0.6329113924050632,0.1135637677168545,1,5.800000000000001
2022-01-08,WTA,WTA250,Hard,Semifinals,pA,1.23,0.8984511017799377,0.8130081300813008,0.0854429716986369,1,2.3
2022-01-09,WTA,WTA250,Hard,The Final,pB,1.29,0.9647414233535528,0.7751937984496123,0.1895476249039405,1,2.9000000000000004
2022-01-04,WTA,WTA250,Hard,1st Round,pB,1.57,0.9771831754595042,0.6369426751592356,0.34024050030026853,1,5.700000000000001
2022-01-04,WTA,WTA250,Hard,1st Round,pA,2.42,0.5660660743713379,0.4132231404958678,0.15284293387547015,0,-10.0
2022-01-04,WTA,WTA250,Hard,1st Round,pB,1.28,0.9979166666045785,0.78125,0.21666666660457845,1,2.8000000000000003
2022-01-04,WTA,WTA250,Hard,1st Round,pB,1.95,0.5843333184719086,0.5128205128205129,0.07151280565139573,1,9.5
2022-01-04,WTA,WTA250,Hard,1st Round,pB,1.66,0.9858788277953863,0.6024096385542169,0.38346918924116935,1,6.6
2022-01-04,WTA,WTA250,Hard,1st Round,pA,1.33,0.9665626525878906,0.7518796992481203,0.2146829533397704,1,3.3000000000000007
2022-01-05,WTA,WTA250,Hard,1st Round,pA,1.4,1.0,0.7142857142857143,0.2857142857142857,1,3.999999999999999
2022-01-05,WTA,WTA250,Hard,1st Round,pA,1.52,0.9858916878700257,0.6578947368421053,0.32799695102792037,1,5.2
2022-01-05,WTA,WTA250,Hard,1st Round,pA,2.4,0.9604109287261963,0.4166666666666667,0.5437442620595296,1,14.0
2022-01-05,WTA,WTA250,Hard,1st Round,pA,1.65,0.9495040655136109,0.6060606060606061,0.3434434594530048,1,6.499999999999999
2022-01-05,WTA,WTA250,Hard,1st Round,pB,2.07,0.98778358977288,0.48309178743961356,0.5046918023332665,1,10.7
2022-01-06,WTA,WTA250,Hard,2nd Round,pA,1.68,0.9713781476020813,0.5952380952380952,0.37614005236398607,1,6.799999999999999
2022-01-06,WTA,WTA250,Hard,2nd Round,pA,1.7,0.9712750673294067,0.5882352941176471,0.38303977321175964,1,7.0
2022-01-06,WTA,WTA250,Hard,2nd Round,pA,1.61,0.9448886752128601,0.6211180124223602,0.32377066279049993,1,6.100000000000001
2022-01-06,WTA,WTA250,Hard,2nd Round,pB,1.57,0.7124951422214508,0.6369426751592356,0.07555246706221519,0,-10.0
2022-01-06,WTA,WTA250,Hard,2nd Round,pB,1.82,0.8667281255125999,0.5494505494505494,0.31727757606205054,1,8.200000000000001
2022-01-06,WTA,WTA250,Hard,2nd Round,pB,1.5,0.8369204327464104,0.6666666666666666,0.17025376607974374,1,5.0
2022-01-07,WTA,WTA250,Hard,Quarterfinals,pA,2.49,0.5679450511932373,0.4016064257028112,0.16633862549042616,0,-10.0
2022-01-07,WTA,WTA250,Hard,Quarterfinals,pB,3.49,0.4070964336395264,0.28653295128939826,0.12056348235012815,0,-10.0
2022-01-07,WTA,WTA250,Hard,Quarterfinals,pB,2.79,0.41475890874862675,0.35842293906810035,0.0563359696805264,1,17.9
2022-01-09,WTA,WTA250,Hard,The Final,pB,2.95,0.47250823378562923,0.3389830508474576,0.13352518293817162,0,-10.0
2022-02-21,WTA,WTA250,Hard,1st Round,pB,1.87,0.6927488774061203,0.53475935828877,0.15798951911735037,1,8.700000000000001
2022-02-21,WTA,WTA250,Hard,1st Round,pB,2.9,0.9509967625141144,0.3448275862068966,0.6061691763072178,1,19.0
2022-02-21,WTA,WTA250,Hard,1st Round,pA,1.57,0.9633461594581604,0.6369426751592356,0.32640348429892474,1,5.700000000000001
2022-02-21,WTA,WTA250,Hard,1st Round,pA,1.59,0.9974025964736939,0.6289308176100629,0.368471778863631,1,5.9
2022-02-21,WTA,WTA250,Hard,1st Round,pA,2.05,0.9858916878700257,0.48780487804878053,0.49808680982124515,1,10.499999999999998
2022-02-22,WTA,WTA250,Hard,1st Round,pB,1.59,0.9771831754595042,0.6289308176100629,0.3482523578494413,1,5.9
2022-02-22,WTA,WTA250,Hard,1st Round,pA,1.38,0.997183096408844,0.7246376811594204,0.27254541524942355,1,3.799999999999999
2022-02-22,WTA,WTA250,Hard,1st Round,pB,2.51,0.992975490167737,0.39840637450199207,0.5945691156657449,1,15.099999999999998
2022-02-23,WTA,WTA250,Hard,1st Round,pA,1.63,0.9916071653366089,0.6134969325153374,0.37811023282127143,1,6.299999999999999
2022-02-23,WTA,WTA250,Hard,1st Round,pA,1.24,0.9859328389167785,0.8064516129032259,0.17948122601355265,1,2.4
2022-02-23,WTA,WTA250,Hard,2nd Round,pA,1.45,0.8157620906829834,0.6896551724137931,0.1261069182691903,1,4.5
2022-02-23,WTA,WTA250,Hard,2nd Round,pB,1.77,0.9613960716873408,0.5649717514124294,0.39642432027491137,1,7.7
2022-02-24,WTA,WTA250,Hard,2nd Round,pA,1.53,0.9859328389167785,0.6535947712418301,0.33233806767494845,1,5.300000000000001
2022-02-24,WTA,WTA250,Hard,2nd Round,pA,2.36,0.5090125679969788,0.42372881355932207,0.08528375443765673,1,13.599999999999998
2022-02-24,WTA,WTA250,Hard,2nd Round,pB,3.12,0.39152182340621944,0.3205128205128205,0.07100900289339895,0,-10.0
2022-02-24,WTA,WTA250,Hard,2nd Round,pA,1.32,0.9916071653366089,0.7575757575757576,0.2340314077608513,1,3.2000000000000006
2022-02-25,WTA,WTA250,Hard,2nd Round,pB,1.93,0.5836216807365417,0.5181347150259068,0.06548696571063495,0,-10.0
2022-02-25,WTA,WTA250,Hard,2nd Round,pB,1.69,0.9675076151266694,0.591715976331361,0.3757916387953084,1,6.8999999999999995
2022-02-25,WTA,WTA250,Hard,Quarterfinals,pA,2.45,0.5302509605884552,0.4081632653061224,0.12208769528233282,0,-10.0
2022-02-25,WTA,WTA250,Hard,Quarterfinals,pB,2.04,0.9498062863945961,0.49019607843137253,0.45961020796322355,1,10.4
2022-02-26,WTA,WTA250,Hard,Quarterfinals,pA,1.59,0.7329938650131226,0.6289308176100629,0.10406304740305972,1,5.9
2022-02-28,WTA,WTA250,Hard,1st Round,pA,1.22,0.9978723406791687,0.819672131147541,0.17820020953162774,1,2.1999999999999997
2022-02-28,WTA,WTA250,Hard,1st Round,pA,1.4,1.0,0.7142857142857143,0.2857142857142857,1,3.999999999999999
2022-02-28,WTA,WTA250,Hard,1st Round,pA,1.47,0.9893811106681824,0.6802721088435374,0.30910900182464496,1,4.699999999999999
2022-02-28,WTA,WTA250,Hard,1st Round,pB,2.81,0.9430831804871559,0.35587188612099646,0.5872112943661594,1,18.1
2022-03-01,WTA,WTA250,Hard,1st Round,pA,2.85,0.4064620673656464,0.3508771929824561,0.055584874383190264,0,-10.0
2022-03-01,WTA,WTA250,Hard,1st Round,pA,2.45,0.4590145289897919,0.4081632653061224,0.05085126368366949,0,-10.0
2022-03-01,WTA,WTA250,Hard,1st Round,pA,3.29,0.48286995887756345,0.303951367781155,0.17891859109640845,0,-10.0
2022-03-02,WTA,WTA250,Hard,2nd Round,pA,2.79,0.5929035663604736,0.35842293906810035,0.23448062729237323,1,17.9
2022-03-02,WTA,WTA250,Hard,2nd Round,pB,3.19,0.45806950330734253,0.31347962382445144,0.1445898794828911,0,-10.0
2022-03-03,WTA,WTA250,Hard,2nd Round,pB,2.43,0.47775959968566895,0.4115226337448559,0.06623696594081302,1,14.3
2022-03-03,WTA,WTA250,Hard,2nd Round,pB,3.08,0.47775959968566895,0.3246753246753247,0.15308427501034427,0,-10.0
2022-03-04,WTA,WTA250,Hard,Quarterfinals,pA,2.97,0.4064620673656464,0.33670033670033667,0.06976173066530972,0,-10.0
2022-03-04,WTA,WTA250,Hard,Quarterfinals,pA,2.05,0.6084781765937806,0.48780487804878053,0.12067329854500003,0,-10.0
2022-03-04,WTA,WTA250,Hard,Quarterfinals,pB,2.75,0.43393392562866206,0.36363636363636365,0.07029756199229842,1,17.5
2022-03-05,WTA,WTA250,Hard,Semifinals,pB,2.1,0.7573299169540405,0.47619047619047616,0.28113944076356434,0,-10.0
2022-03-06,WTA,WTA250,Hard,The Final,pB,2.07,0.6382441699504853,0.48309178743961356,0.1551523825108717,1,10.7
2022-02-28,WTA,WTA250,Hard,1st Round,pB,1.6,0.9803779806941748,0.625,0.3553779806941748,1,6.000000000000001
2022-02-28,WTA,WTA250,Hard,1st Round,pA,2.14,0.9831422686576843,0.4672897196261682,0.515852549031516,1,11.400000000000002
2022-02-28,WTA,WTA250,Hard,1st Round,pA,2.07,0.9950554370880127,0.48309178743961356,0.5119636496483991,1,10.7
2022-03-01,WTA,WTA250,Hard,1st Round,pB,3.18,0.36728627681732173,0.31446540880503143,0.0528208680122903,0,-10.0
2022-03-01,WTA,WTA250,Hard,1st Round,pB,3.42,0.41587215662002563,0.29239766081871343,0.1234744958013122,0,-10.0
2022-03-01,WTA,WTA250,Hard,1st Round,pA,3.32,0.5348427772521973,0.30120481927710846,0.23363795797508885,0,-10.0
2022-03-03,WTA,WTA250,Hard,2nd Round,pB,3.0,0.39152182340621944,0.3333333333333333,0.05818849007288612,0,-10.0
2022-03-04,WTA,WTA250,Hard,Quarterfinals,pB,2.71,0.43393392562866206,0.36900369003690037,0.0649302355917617,1,17.1
2022-03-05,WTA,WTA250,Hard,Quarterfinals,pB,2.36,0.5541813313961029,0.42372881355932207,0.13045251783678086,1,13.599999999999998
2022-03-06,WTA,WTA250,Hard,The Final,pA,3.28,0.4064620673656464,0.3048780487804878,0.10158401858515859,0,-10.0
2022-04-04,WTA,WTA250,Clay,1st Round,pB,1.7,0.9910707281902432,0.5882352941176471,0.40283543407259614,1,7.0
2022-04-04,WTA,WTA250,Clay,1st Round,pB,2.61,0.5396824836730957,0.3831417624521073,0.1565407212209884,0,-10.0
2022-04-04,WTA,WTA250,Clay,1st Round,pB,2.55,0.9769524205476046,0.3921568627450981,0.5847955578025065,1,15.499999999999998
2022-04-04,WTA,WTA250,Clay,1st Round,pA,1.39,0.9893811106681824,0.7194244604316548,0.2699566502365276,1,3.899999999999999
2022-04-04,WTA,WTA250,Clay,1st Round,pB,1.53,0.9669438615441323,0.6535947712418301,0.3133490903023022,1,5.300000000000001
2022-04-05,WTA,WTA250,Clay,1st Round,pB,2.15,0.9909783950075507,0.46511627906976744,0.5258621159377832,1,11.5
2022-04-05,WTA,WTA250,Clay,1st Round,pB,2.56,0.9640843827277422,0.390625,0.5734593827277422,1,15.600000000000001
2022-04-05,WTA,WTA250,Clay,1st Round,pB,1.98,0.98778358977288,0.5050505050505051,0.48273308472237497,1,9.8
2022-04-05,WTA,WTA250,Clay,1st Round,pB,1.4,0.9646693237125874,0.7142857142857143,0.2503836094268731,1,3.999999999999999
2022-04-06,WTA,WTA250,Clay,2nd Round,pB,1.84,0.9755784941837191,0.5434782608695652,0.4321002333141539,1,8.4
2022-04-06,WTA,WTA250,Clay,2nd Round,pB,3.09,0.412192165851593,0.3236245954692557,0.08856757038233731,0,-10.0
2022-04-07,WTA,WTA250,Clay,2nd Round,pB,2.35,0.5676840424537659,0.425531914893617,0.1421521275601489,1,13.5
2022-04-07,WTA,WTA250,Clay,2nd Round,pB,1.28,0.9088286235928535,0.78125,0.12757862359285355,1,2.8000000000000003
2022-04-08,WTA,WTA250,Clay,Quarterfinals,pB,3.38,0.5265602767467499,0.2958579881656805,0.2307022885810694,0,-10.0
2022-04-08,WTA,WTA250,Clay,Quarterfinals,pB,2.77,0.5714160978794098,0.36101083032490977,0.21040526755450006,0,-10.0
2022-04-09,WTA,WTA250,Clay,Semifinals,pB,1.86,0.6048026859760285,0.5376344086021505,0.06716827737387798,0,-10.0
2022-04-10,WTA,WTA250,Clay,The Final,pB,1.46,0.8193544968962669,0.684931506849315,0.1344229900469519,1,4.6
2022-04-19,WTA,WTA250,Clay,1st Round,pB,2.07,0.9775755893439054,0.48309178743961356,0.49448380190429186,1,10.7
2022-04-19,WTA,WTA250,Clay,1st Round,pA,1.42,0.9656004786491394,0.7042253521126761,0.26137512653646333,1,4.199999999999999
2022-04-19,WTA,WTA250,Clay,1st Round,pB,1.21,1.0,0.8264462809917356,0.17355371900826444,1,2.0999999999999996
2022-04-19,WTA,WTA250,Clay,1st Round,pA,1.28,0.9694978833198548,0.78125,0.18824788331985476,1,2.8000000000000003
2022-04-19,WTA,WTA250,Clay,1st Round,pB,1.79,0.9340015172958374,0.5586592178770949,0.3753422994187424,1,7.9
2022-04-20,WTA,WTA250,Clay,1st Round,pA,2.46,0.9694978833198548,0.4065040650406504,0.5629938182792044,1,14.6
2022-04-20,WTA,WTA250,Clay,1st Round,pB,3.03,0.9403200209140777,0.33003300330033003,0.6102870176137477,1,20.299999999999997
2022-04-20,WTA,WTA250,Clay,1st Round,pB,1.72,0.9118048138916492,0.5813953488372093,0.3304094650544399,1,7.199999999999999
2022-04-20,WTA,WTA250,Clay,1st Round,pB,2.37,0.4997151076793671,0.42194092827004215,0.07777417940932496,1,13.700000000000001
2022-04-20,WTA,WTA250,Clay,2nd Round,pA,1.4,0.967685317993164,0.7142857142857143,0.25339960370744974,1,3.999999999999999
2022-04-21,WTA,WTA250,Clay,2nd Round,pA,1.68,0.8157620906829834,0.5952380952380952,0.2205239954448882,1,6.799999999999999
2022-04-21,WTA,WTA250,Clay,2nd Round,pB,2.87,0.41587215662002563,0.3484320557491289,0.06744010087089675,0,-10.0
2022-04-21,WTA,WTA250,Clay,2nd Round,pA,1.62,0.7047141551971435,0.6172839506172839,0.08743020457985962,1,6.200000000000001
2022-04-21,WTA,WTA250,Clay,2nd Round,pA,1.6,0.8747177600860596,0.625,0.24971776008605961,0,-10.0
2022-04-23,WTA,WTA250,Clay,Semifinals,pB,1.73,0.7480262964963913,0.5780346820809249,0.1699916144154664,0,-10.0
2022-04-23,WTA,WTA250,Clay,Semifinals,pA,2.15,0.917238974571228,0.46511627906976744,0.4521226955014606,0,-10.0
2022-05-15,WTA,WTA250,Clay,1st Round,pA,1.78,0.7919525742530823,0.5617977528089888,0.2301548214440935,1,7.800000000000001
2022-05-16,WTA,WTA250,Clay,1st Round,pB,3.14,0.3930977940559387,0.3184713375796178,0.07462645647632088,0,-10.0
2022-05-16,WTA,WTA250,Clay,1st Round,pB,3.23,0.4162177801132202,0.30959752321981426,0.10662025689340593,0,-10.0
2022-05-16,WTA,WTA250,Clay,1st Round,pA,1.89,0.9495040655136109,0.5291005291005292,0.4204035364130817,1,8.899999999999999
2022-05-17,WTA,WTA250,Clay,1st Round,pB,2.3,0.9737576153129339,0.4347826086956522,0.5389750066172817,1,12.999999999999998
2022-05-17,WTA,WTA250,Clay,1st Round,pB,3.33,0.4223269104957581,0.3003003003003003,0.1220266101954578,0,-10.0
2022-05-17,WTA,WTA250,Clay,1st Round,pB,1.74,0.995916666649282,0.5747126436781609,0.42120402297112114,1,7.4
2022-05-17,WTA,WTA250,Clay,2nd Round,pA,3.16,0.9858916878700257,0.3164556962025316,0.6694359916674941,1,21.6
2022-05-17,WTA,WTA250,Clay,2nd Round,pA,1.44,0.8747177600860596,0.6944444444444444,0.1802733156416152,1,4.3999999999999995
2022-05-18,WTA,WTA250,Clay,2nd Round,pA,1.42,0.8157620906829834,0.7042253521126761,0.11153673857030733,1,4.199999999999999
2022-05-18,WTA,WTA250,Clay,2nd Round,pA,1.69,0.9832942843437195,0.591715976331361,0.3915783080123585,1,6.8999999999999995
2022-05-18,WTA,WTA250,Clay,2nd Round,pA,1.86,0.7059332489967346,0.5376344086021505,0.1682988403945841,1,8.600000000000001
2022-05-18,WTA,WTA250,Clay,2nd Round,pB,3.43,0.9149794176220893,0.29154518950437314,0.6234342281177162,1,24.3
2022-05-18,WTA,WTA250,Clay,2nd Round,pB,1.6,0.9842798378318548,0.625,0.3592798378318548,1,6.000000000000001
2022-05-19,WTA,WTA250,Clay,Quarterfinals,pA,1.87,0.6234497785568237,0.53475935828877,0.08869042026805374,0,-10.0
2022-05-19,WTA,WTA250,Clay,Quarterfinals,pA,1.89,0.9978723406791687,0.5291005291005292,0.46877181157863956,1,8.899999999999999
2022-05-20,WTA,WTA250,Clay,Semifinals,pA,2.14,0.5476481556892395,0.4672897196261682,0.0803584360630713,0,-10.0
2022-05-15,WTA,WTA250,Clay,1st Round,pB,1.79,0.9794272150844335,0.5586592178770949,0.4207679972073386,1,7.9
2022-05-16,WTA,WTA250,Clay,1st Round,pA,2.52,0.9857396721839905,0.3968253968253968,0.5889142753585936,1,15.2
2022-05-16,WTA,WTA250,Clay,1st Round,pB,2.15,0.9341513276100158,0.46511627906976744,0.4690350485402484,1,11.5
2022-05-16,WTA,WTA250,Clay,1st Round,pB,1.2,0.9979166666045785,0.8333333333333334,0.16458333327124508,1,1.9999999999999996
2022-05-16,WTA,WTA250,Clay,1st Round,pB,1.85,0.9695582205429674,0.5405405405405405,0.4290176800024269,1,8.5
2022-05-16,WTA,WTA250,Clay,1st Round,pB,1.37,0.9885238774120808,0.7299270072992701,0.25859687011281074,1,3.700000000000001
2022-05-17,WTA,WTA250,Clay,1st Round,pA,1.85,0.9712750673294067,0.5405405405405405,0.43073452678886626,1,8.5
2022-05-17,WTA,WTA250,Clay,1st Round,pA,3.23,0.9665626525878906,0.30959752321981426,0.6569651293680764,1,22.3
2022-05-17,WTA,WTA250,Clay,2nd Round,pA,1.29,0.9713285446166993,0.7751937984496123,0.19613474616708693,1,2.9000000000000004
2022-05-18,WTA,WTA250,Clay,2nd Round,pA,1.36,1.0,0.7352941176470588,0.26470588235294124,1,3.600000000000001
2022-05-18,WTA,WTA250,Clay,2nd Round,pA,1.23,0.9862191915512085,0.8130081300813008,0.17321106146990772,1,2.3
2022-05-18,WTA,WTA250,Clay,2nd Round,pB,1.72,0.9813319770619273,0.5813953488372093,0.399936628224718,1,7.199999999999999
2022-05-18,WTA,WTA250,Clay,2nd Round,pA,1.92,0.9856316685676575,0.5208333333333334,0.4647983352343241,1,9.2
2022-05-19,WTA,WTA250,Clay,Quarterfinals,pA,2.14,0.9495040655136109,0.4672897196261682,0.48221434588744266,1,11.400000000000002
2022-05-19,WTA,WTA250,Clay,Quarterfinals,pB,1.46,0.9700743453577161,0.684931506849315,0.28514283850840105,1,4.6
2022-05-19,WTA,WTA250,Clay,Quarterfinals,pB,1.83,0.9858788277953863,0.5464480874316939,0.43943074036369234,1,8.3
2022-05-19,WTA,WTA250,Clay,Quarterfinals,pA,1.62,0.7702846765518189,0.6172839506172839,0.15300072593453495,0,-10.0
2022-05-20,WTA,WTA250,Clay,Semifinals,pA,2.04,0.8373166918754578,0.49019607843137253,0.34712061344408524,1,10.4
2022-05-20,WTA,WTA250,Clay,Semifinals,pA,1.42,0.9828147649765014,0.7042253521126761,0.2785894128638253,1,4.199999999999999
2022-05-21,WTA,WTA250,Clay,The Final,pB,1.87,0.9456040561199188,0.53475935828877,0.41084469783114885,0,-10.0
2022-06-07,WTA,WTA250,Grass,1st Round,pA,1.49,0.7281416416168213,0.6711409395973155,0.0570007020195058,0,-10.0
2022-06-07,WTA,WTA250,Grass,1st Round,pB,3.41,0.4303335189819336,0.29325513196480935,0.13707838701712427,1,24.1
2022-06-07,WTA,WTA250,Grass,1st Round,pA,1.37,0.9802173614501953,0.7299270072992701,0.25029035415092526,1,3.700000000000001
2022-06-07,WTA,WTA250,Grass,1st Round,pA,2.51,0.598126482963562,0.39840637450199207,0.1997201084615699,0,-10.0
2022-06-09,WTA,WTA250,Grass,2nd Round,pB,1.24,0.9328110411763191,0.8064516129032259,0.1263594282730932,1,2.4
2022-06-09,WTA,WTA250,Grass,2nd Round,pB,2.17,0.8399231866002083,0.4608294930875576,0.37909369351265065,0,-10.0
2022-06-09,WTA,WTA250,Grass,2nd Round,pB,1.4,0.7651056468486785,0.7142857142857143,0.05081993256296424,0,-10.0
2022-06-09,WTA,WTA250,Grass,2nd Round,pB,2.98,0.43205494880676265,0.33557046979865773,0.09648447900810492,1,19.8
2022-06-10,WTA,WTA250,Grass,Quarterfinals,pA,2.61,0.5911596775054931,0.3831417624521073,0.20801791505338585,1,16.099999999999998
2022-06-10,WTA,WTA250,Grass,Quarterfinals,pA,1.31,0.9495040655136109,0.7633587786259541,0.18614528688765675,1,3.1000000000000005
2022-06-10,WTA,WTA250,Grass,Quarterfinals,pB,1.49,0.7898313671350479,0.6711409395973155,0.1186904275377324,1,4.9
2022-06-11,WTA,WTA250,Grass,Semifinals,pB,1.98,0.5591084778308868,0.5050505050505051,0.05405797278038171,0,-10.0
2022-06-11,WTA,WTA250,Grass,Semifinals,pA,3.44,0.4223025441169739,0.29069767441860467,0.1316048696983692,0,-10.0
2022-06-12,WTA,WTA250,Grass,The Final,pA,2.17,0.8237291216850281,0.4608294930875576,0.3628996285974705,1,11.7
2022-06-06,WTA,WTA250,Grass,1st Round,pA,3.09,0.9604109287261963,0.3236245954692557,0.6367863332569406,1,20.9
2022-06-06,WTA,WTA250,Grass,1st Round,pA,1.8,0.9633461594581604,0.5555555555555556,0.4077906039026048,1,8.0
2022-06-06,WTA,WTA250,Grass,1st Round,pA,2.4,0.9859328389167785,0.4166666666666667,0.5692661722501118,1,14.0
2022-06-06,WTA,WTA250,Grass,1st Round,pA,1.63,0.9604109287261963,0.6134969325153374,0.34691399621085883,1,6.299999999999999
2022-06-07,WTA,WTA250,Grass,1st Round,pA,1.23,0.9771963596343994,0.8130081300813008,0.16418822955309864,1,2.3
2022-06-07,WTA,WTA250,Grass,1st Round,pA,1.43,0.9916071653366089,0.6993006993006994,0.2923064660359095,1,4.299999999999999
2022-06-07,WTA,WTA250,Grass,1st Round,pB,1.21,0.9842798378318548,0.8264462809917356,0.15783355684011924,1,2.0999999999999996
2022-06-07,WTA,WTA250,Grass,1st Round,pA,1.95,0.6118342638015747,0.5128205128205129,0.0990137509810618,1,9.5
2022-06-07,WTA,WTA250,Grass,1st Round,pA,3.48,0.9568211793899536,0.28735632183908044,0.6694648575508731,1,24.8
2022-06-07,WTA,WTA250,Grass,1st Round,pA,1.47,0.97699054479599,0.6802721088435374,0.2967184359524526,1,4.699999999999999
2022-06-07,WTA,WTA250,Grass,1st Round,pB,2.22,0.6065660297870636,0.4504504504504504,0.15611557933661324,0,-10.0
2022-06-08,WTA,WTA250,Grass,1st Round,pB,1.79,0.960740826278925,0.5586592178770949,0.40208160840183005,1,7.9
2022-06-08,WTA,WTA250,Grass,2nd Round,pB,2.07,0.9613960716873408,0.48309178743961356,0.4783042842477272,1,10.7
2022-06-08,WTA,WTA250,Grass,2nd Round,pB,1.29,0.992975490167737,0.7751937984496123,0.21778169171812467,1,2.9000000000000004
2022-06-08,WTA,WTA250,Grass,2nd Round,pB,1.53,0.9843654867261649,0.6535947712418301,0.3307707154843348,1,5.300000000000001
2022-06-09,WTA,WTA250,Grass,2nd Round,pB,3.19,0.36683090925216677,0.31347962382445144,0.053351285427715334,0,-10.0
2022-06-09,WTA,WTA250,Grass,2nd Round,pA,2.76,0.4236049234867096,0.3623188405797102,0.061286082906999384,0,-10.0
2022-06-09,WTA,WTA250,Grass,2nd Round,pB,1.54,0.8369204327464104,0.6493506493506493,0.18756978339576102,1,5.4
2022-06-10,WTA,WTA250,Grass,Quarterfinals,pB,1.72,0.9723836889490485,0.5813953488372093,0.39098834011183914,1,7.199999999999999
2022-06-10,WTA,WTA250,Grass,Quarterfinals,pB,2.43,0.9425811514258384,0.4115226337448559,0.5310585176809826,1,14.3
2022-06-11,WTA,WTA250,Grass,Semifinals,pB,2.12,0.5445261418819427,0.4716981132075471,0.07282802867439558,1,11.200000000000001
2022-06-11,WTA,WTA250,Grass,Semifinals,pA,2.67,0.45547385811805724,0.37453183520599254,0.0809420229120647,0,-10.0
2022-06-13,WTA,WTA250,Grass,1st Round,pB,2.73,0.9568315409123898,0.3663003663003663,0.5905311746120234,1,17.3
2022-06-13,WTA,WTA250,Grass,1st Round,pA,2.59,0.974065637588501,0.3861003861003861,0.5879652514881148,1,15.899999999999999
2022-06-13,WTA,WTA250,Grass,1st Round,pB,1.65,0.9720954809337854,0.6060606060606061,0.3660348748731793,1,6.499999999999999
2022-06-13,WTA,WTA250,Grass,1st Round,pB,1.68,0.9568315409123898,0.5952380952380952,0.3615934456742945,1,6.799999999999999
2022-06-13,WTA,WTA250,Grass,1st Round,pA,2.18,0.9774267911911011,0.4587155963302752,0.5187111948608258,1,11.8
2022-06-13,WTA,WTA250,Grass,1st Round,pB,2.9,0.8850767359137535,0.3448275862068966,0.5402491497068569,1,19.0
2022-06-14,WTA,WTA250,Grass,1st Round,pA,2.56,0.9409685373306275,0.390625,0.5503435373306275,1,15.600000000000001
2022-06-14,WTA,WTA250,Grass,1st Round,pA,1.62,0.9568211793899536,0.6172839506172839,0.3395372287726697,1,6.200000000000001
2022-06-14,WTA,WTA250,Grass,1st Round,pB,2.87,0.9442736566066742,0.3484320557491289,0.5958416008575453,1,18.700000000000003
2022-06-14,WTA,WTA250,Grass,1st Round,pB,2.02,0.5727587103843689,0.49504950495049505,0.07770920543387383,0,-10.0
2022-06-15,WTA,WTA250,Grass,1st Round,pA,1.48,0.9459143161773682,0.6756756756756757,0.27023864050169255,1,4.8
2022-06-15,WTA,WTA250,Grass,1st Round,pA,1.29,0.974351990222931,0.7751937984496123,0.19915819177331862,1,2.9000000000000004
2022-06-15,WTA,WTA250,Grass,2nd Round,pB,1.5,0.9743395205587149,0.6666666666666666,0.30767285389204824,1,5.0
2022-06-15,WTA,WTA250,Grass,2nd Round,pB,1.75,0.9574370760470629,0.5714285714285714,0.38600850461849145,1,7.5
2022-06-15,WTA,WTA250,Grass,2nd Round,pB,1.86,0.9406434640288353,0.5376344086021505,0.40300905542668475,1,8.600000000000001
2022-06-16,WTA,WTA250,Grass,2nd Round,pA,1.39,0.9919785141944886,0.7194244604316548,0.2725540537628338,1,3.899999999999999
2022-06-16,WTA,WTA250,Grass,2nd Round,pA,2.34,0.7021246433258057,0.4273504273504274,0.2747742159753783,1,13.399999999999999
2022-06-16,WTA,WTA250,Grass,2nd Round,pB,1.7,0.982375075854361,0.5882352941176471,0.39413978173671393,1,7.0
2022-06-17,WTA,WTA250,Grass,Quarterfinals,pB,1.91,0.9481524437665939,0.5235602094240838,0.42459223434251014,1,9.1
2022-06-17,WTA,WTA250,Grass,Quarterfinals,pA,2.27,0.5481249809265136,0.44052863436123346,0.10759634656528017,1,12.7
2022-06-17,WTA,WTA250,Grass,Quarterfinals,pB,1.2,0.9514669701457024,0.8333333333333334,0.11813363681236899,1,1.9999999999999996
2022-06-17,WTA,WTA250,Grass,Quarterfinals,pA,1.94,0.5660660743713379,0.5154639175257733,0.05060215684556468,0,-10.0
2022-06-19,WTA,WTA250,Grass,Semifinals,pA,2.91,0.45547385811805724,0.3436426116838488,0.11183124643420844,1,19.1
2022-06-19,WTA,WTA250,Grass,Semifinals,pA,1.9,0.9712750673294067,0.5263157894736842,0.44495927785572253,1,9.0
2022-06-19,WTA,WTA250,Grass,The Final,pA,2.58,0.43883454203605654,0.38759689922480617,0.05123764281125037,0,-10.0
2022-06-19,WTA,WTA250,Grass,1st Round,pA,3.41,0.9478239059448242,0.29325513196480935,0.6545687739800149,1,24.1
2022-06-19,WTA,WTA250,Grass,1st Round,pA,2.5,0.9603682041168213,0.4,0.5603682041168213,1,15.0
2022-06-19,WTA,WTA250,Grass,1st Round,pB,1.33,0.9979166666045785,0.7518796992481203,0.2460369673564582,1,3.3000000000000007
2022-06-19,WTA,WTA250,Grass,1st Round,pB,2.88,0.9160481989383698,0.3472222222222222,0.5688259767161475,1,18.799999999999997
2022-06-19,WTA,WTA250,Grass,1st Round,pA,1.43,0.9679673910140991,0.6993006993006994,0.26866669171339974,1,4.299999999999999
2022-06-19,WTA,WTA250,Grass,1st Round,pA,1.23,0.9885302424430847,0.8130081300813008,0.17552211236178394,1,2.3
2022-06-20,WTA,WTA250,Grass,1st Round,pA,2.01,0.9738724708557129,0.49751243781094534,0.4763600330447676,1,10.099999999999998
2022-06-20,WTA,WTA250,Grass,1st Round,pA,1.43,1.0,0.6993006993006994,0.3006993006993006,1,4.299999999999999
2022-06-20,WTA,WTA250,Grass,1st Round,pB,2.19,0.9751185767352581,0.4566210045662101,0.5184975721690481,1,11.899999999999999
2022-06-20,WTA,WTA250,Grass,1st Round,pA,1.65,0.9965517282485962,0.6060606060606061,0.3904911221879901,1,6.499999999999999
2022-06-21,WTA,WTA250,Grass,1st Round,pA,1.84,0.5962596535682678,0.5434782608695652,0.052781392698702634,1,8.4
2022-06-21,WTA,WTA250,Grass,1st Round,pB,1.83,0.8880529262125492,0.5464480874316939,0.34160483878085524,1,8.3
2022-06-21,WTA,WTA250,Grass,1st Round,pB,1.24,0.9910736329853534,0.8064516129032259,0.18462202008212758,1,2.4
2022-06-21,WTA,WTA250,Grass,1st Round,pB,1.23,0.9754665024578572,0.8130081300813008,0.16245837237655636,1,2.3
2022-06-21,WTA,WTA250,Grass,2nd Round,pB,1.4,0.9823779806494712,0.7142857142857143,0.26809226636375694,1,3.999999999999999
2022-06-22,WTA,WTA250,Grass,2nd Round,pB,1.66,0.7688683807849884,0.6024096385542169,0.1664587422307715,0,-10.0
2022-06-22,WTA,WTA250,Grass,2nd Round,pB,3.25,0.3986344575881958,0.3076923076923077,0.09094214989588811,0,-10.0
2022-06-22,WTA,WTA250,Grass,2nd Round,pA,1.24,1.0,0.8064516129032259,0.19354838709677413,1,2.4
2022-06-23,WTA,WTA250,Grass,Quarterfinals,pB,1.58,0.8399231866002083,0.6329113924050632,0.20701179419514504,1,5.800000000000001
2022-06-23,WTA,WTA250,Grass,Quarterfinals,pA,1.69,0.6904859066009521,0.591715976331361,0.09876993026959113,0,-10.0
2022-06-23,WTA,WTA250,Grass,Quarterfinals,pA,3.47,0.5569049477577209,0.2881844380403458,0.2687205097173751,1,24.700000000000003
2022-06-23,WTA,WTA250,Grass,Quarterfinals,pA,1.65,0.7970648765563965,0.6060606060606061,0.19100427049579038,1,6.499999999999999
2022-06-24,WTA,WTA250,Grass,Semifinals,pA,2.08,0.6393343091011048,0.4807692307692307,0.15856507833187405,1,10.8
2022-06-25,WTA,WTA250,Grass,The Final,pB,3.29,0.446367335319519,0.303951367781155,0.142415967538364,1,22.9
2022-07-11,WTA,WTA250,Clay,1st Round,pB,3.09,0.40564260482788084,0.3236245954692557,0.08201800935862513,1,20.9
2022-07-12,WTA,WTA250,Clay,1st Round,pB,2.25,0.9734694072976708,0.4444444444444444,0.5290249628532264,1,12.5
2022-07-12,WTA,WTA250,Clay,1st Round,pB,1.34,0.9812910411506891,0.7462686567164178,0.23502238443427126,1,3.400000000000001
2022-07-12,WTA,WTA250,Clay,1st Round,pA,1.36,0.9712750673294067,0.7352941176470588,0.23598094968234795,1,3.600000000000001
2022-07-13,WTA,WTA250,Clay,1st Round,pB,1.31,0.992975490167737,0.7633587786259541,0.22961671154178287,1,3.1000000000000005
2022-07-13,WTA,WTA250,Clay,2nd Round,pA,1.39,0.835636305809021,0.7194244604316548,0.11621184537736629,1,3.899999999999999
2022-07-13,WTA,WTA250,Clay,2nd Round,pB,2.28,0.6789342582225799,0.4385964912280702,0.2403377669945097,1,12.799999999999997
2022-07-14,WTA,WTA250,Clay,2nd Round,pB,2.24,0.9336279079318046,0.4464285714285714,0.4871993365032332,1,12.400000000000002
2022-07-14,WTA,WTA250,Clay,2nd Round,pB,2.12,0.691505628824234,0.4716981132075471,0.21980751561668693,1,11.200000000000001
2022-07-15,WTA,WTA250,Clay,Quarterfinals,pB,1.66,0.6978337943553925,0.6024096385542169,0.09542415580117558,1,6.6
2022-07-15,WTA,WTA250,Clay,Quarterfinals,pB,1.71,0.6577573299407959,0.5847953216374269,0.07296200830336907,1,7.1
2022-07-15,WTA,WTA250,Clay,Quarterfinals,pB,2.12,0.7263766780495644,0.4716981132075471,0.2546785648420173,1,11.200000000000001
2022-07-15,WTA,WTA250,Clay,Quarterfinals,pA,2.82,0.6198368310928345,0.3546099290780142,0.2652269020148203,0,-10.0
2022-07-16,WTA,WTA250,Clay,Semifinals,pB,1.95,0.6612363755702972,0.5128205128205129,0.14841586274978436,1,9.5
2022-07-11,WTA,WTA250,Clay,1st Round,pB,1.73,0.9803779806941748,0.5780346820809249,0.4023432986132499,1,7.3
2022-07-11,WTA,WTA250,Clay,1st Round,pB,2.43,0.9720954809337854,0.4115226337448559,0.5605728471889295,1,14.3
2022-07-11,WTA,WTA250,Clay,1st Round,pB,1.34,0.807379075884819,0.7462686567164178,0.06111041916840121,0,-10.0
2022-07-12,WTA,WTA250,Clay,1st Round,pB,1.23,0.9873162522912026,0.8130081300813008,0.17430812220990177,1,2.3
2022-07-12,WTA,WTA250,Clay,1st Round,pB,1.26,0.9737576153129339,0.7936507936507936,0.18010682166214032,1,2.6
2022-07-12,WTA,WTA250,Clay,1st Round,pA,1.61,0.9916071653366089,0.6211180124223602,0.37048915291424867,1,6.100000000000001
2022-07-12,WTA,WTA250,Clay,1st Round,pB,1.96,0.9767905361950397,0.5102040816326531,0.4665864545623867,1,9.6
2022-07-12,WTA,WTA250,Clay,1st Round,pB,1.6,0.978908252157271,0.625,0.35390825215727095,1,6.000000000000001
2022-07-12,WTA,WTA250,Clay,1st Round,pA,1.83,0.9693532228469849,0.5464480874316939,0.42290513541529096,1,8.3
2022-07-12,WTA,WTA250,Clay,1st Round,pB,2.6,0.5409854710102081,0.3846153846153846,0.15637008639482353,0,-10.0
2022-07-12,WTA,WTA250,Clay,1st Round,pB,1.23,0.953436478972435,0.8130081300813008,0.1404283488911342,1,2.3
2022-07-13,WTA,WTA250,Clay,2nd Round,pA,1.37,1.0,0.7299270072992701,0.27007299270072993,1,3.700000000000001
2022-07-14,WTA,WTA250,Clay,2nd Round,pB,1.28,0.9979166666045785,0.78125,0.21666666660457845,1,2.8000000000000003
2022-07-14,WTA,WTA250,Clay,2nd Round,pA,1.31,0.9978723406791687,0.7633587786259541,0.2345135620532146,1,3.1000000000000005
2022-07-15,WTA,WTA250,Clay,Quarterfinals,pB,2.23,0.9118048138916492,0.4484304932735426,0.4633743206181066,1,12.3
2022-07-15,WTA,WTA250,Clay,Quarterfinals,pA,2.3,0.5025798976421356,0.4347826086956522,0.0677972889464834,0,-10.0
2022-07-15,WTA,WTA250,Clay,Quarterfinals,pA,2.65,0.869223129749298,0.37735849056603776,0.4918646391832603,1,16.5
2022-07-17,WTA,WTA250,Clay,1st Round,pA,2.18,0.5637158989906311,0.4587155963302752,0.10500030266035593,1,11.8
2022-07-17,WTA,WTA250,Clay,1st Round,pA,1.99,0.621707820892334,0.5025125628140703,0.1191952580782637,1,9.9
2022-07-18,WTA,WTA250,Clay,1st Round,pB,1.84,0.9607103280723095,0.5434782608695652,0.4172320672027443,1,8.4
2022-07-18,WTA,WTA250,Clay,1st Round,pB,2.51,0.5268746197223664,0.39840637450199207,0.1284682452203743,1,15.099999999999998
2022-07-18,WTA,WTA250,Clay,1st Round,pA,1.53,0.9823785185813904,0.6535947712418301,0.3287837473395603,1,5.300000000000001
2022-07-19,WTA,WTA250,Clay,1st Round,pA,1.62,0.7306949853897095,0.6172839506172839,0.11341103477242553,1,6.200000000000001
2022-07-20,WTA,WTA250,Clay,2nd Round,pB,1.2,0.9228118404746055,0.8333333333333334,0.08947850714127215,1,1.9999999999999996
2022-07-20,WTA,WTA250,Clay,2nd Round,pB,1.91,0.5991079211235046,0.5235602094240838,0.07554771169942087,0,-10.0
2022-07-20,WTA,WTA250,Clay,2nd Round,pB,1.31,0.9846191154792905,0.7633587786259541,0.22126033685333635,1,3.1000000000000005
2022-07-21,WTA,WTA250,Clay,Quarterfinals,pB,2.58,0.9509967625141144,0.38759689922480617,0.5633998632893082,1,15.8
2022-07-21,WTA,WTA250,Clay,Quarterfinals,pA,1.26,0.8594624519348144,0.7936507936507936,0.0658116582840208,1,2.6
2022-07-21,WTA,WTA250,Clay,Quarterfinals,pA,1.51,0.8157620906829834,0.6622516556291391,0.15351043505384432,0,-10.0
2022-07-21,WTA,WTA250,Clay,Quarterfinals,pA,1.72,0.7665886878967285,0.5813953488372093,0.18519333905951918,1,7.199999999999999
2022-07-22,WTA,WTA250,Clay,Semifinals,pB,1.38,0.880087249726057,0.7246376811594204,0.1554495685666366,1,3.799999999999999
2022-07-22,WTA,WTA250,Clay,Semifinals,pA,2.69,0.7449489712715149,0.3717472118959108,0.3732017593756041,0,-10.0
2022-07-23,WTA,WTA250,Clay,The Final,pA,2.4,0.8864943504333496,0.4166666666666667,0.4698276837666829,1,14.0
2022-07-18,WTA,WTA250,Clay,1st Round,pB,1.37,0.995916666649282,0.7299270072992701,0.26598965935001195,1,3.700000000000001
2022-07-18,WTA,WTA250,Clay,1st Round,pB,2.23,0.5432722389698028,0.4484304932735426,0.0948417456962602,0,-10.0
2022-07-18,WTA,WTA250,Clay,1st Round,pB,1.65,0.995916666649282,0.6060606060606061,0.38985606058867595,1,6.499999999999999
2022-07-18,WTA,WTA250,Clay,1st Round,pA,1.54,0.9856316685676575,0.6493506493506493,0.33628101921700815,1,5.4
2022-07-19,WTA,WTA250,Clay,1st Round,pB,1.47,0.9840262090787292,0.6802721088435374,0.3037541002351918,1,4.699999999999999
2022-07-19,WTA,WTA250,Clay,1st Round,pA,2.13,0.9604109287261963,0.4694835680751174,0.4909273606510789,1,11.299999999999999
2022-07-19,WTA,WTA250,Clay,1st Round,pB,1.24,0.9894650539383292,0.8064516129032259,0.1830134410351033,1,2.4
2022-07-19,WTA,WTA250,Clay,1st Round,pB,3.03,0.3808295488357544,0.33003300330033003,0.05079654553542434,0,-10.0
2022-07-19,WTA,WTA250,Clay,1st Round,pA,1.54,0.9978723406791687,0.6493506493506493,0.3485216913285194,1,5.4
2022-07-19,WTA,WTA250,Clay,1st Round,pB,2.38,0.9769524205476046,0.42016806722689076,0.5567843533207137,1,13.799999999999999
2022-07-19,WTA,WTA250,Clay,1st Round,pA,1.5,0.9918266654014587,0.6666666666666666,0.32515999873479207,1,5.0
2022-07-19,WTA,WTA250,Clay,1st Round,pA,1.99,0.9495040655136109,0.5025125628140703,0.4469915026995406,1,9.9
2022-07-19,WTA,WTA250,Clay,1st Round,pB,1.49,0.9803779806941748,0.6711409395973155,0.30923704109685934,1,4.9
2022-07-20,WTA,WTA250,Clay,2nd Round,pB,1.42,0.9810850325971842,0.7042253521126761,0.27685968048450804,1,4.199999999999999
2022-07-20,WTA,WTA250,Clay,2nd Round,pA,1.26,0.9797811150550843,0.7936507936507936,0.18613032140429064,1,2.6
2022-07-21,WTA,WTA250,Clay,2nd Round,pB,3.17,0.9118048138916492,0.31545741324921134,0.5963474006424379,1,21.7
2022-07-21,WTA,WTA250,Clay,2nd Round,pA,1.64,0.7202887654304504,0.6097560975609756,0.1105326678694748,1,6.399999999999999
2022-07-22,WTA,WTA250,Clay,Quarterfinals,pB,2.61,0.5432722389698028,0.3831417624521073,0.16013047651769552,0,-10.0
2022-07-23,WTA,WTA250,Clay,Semifinals,pA,2.24,0.5852410912513732,0.4464285714285714,0.13881251982280185,1,12.400000000000002
2022-07-25,WTA,WTA250,Hard,1st Round,pB,1.96,0.9865267822518945,0.5102040816326531,0.4763227006192414,1,9.6
2022-07-25,WTA,WTA250,Hard,1st Round,pB,2.25,0.5973579585552216,0.4444444444444444,0.15291351411077714,0,-10.0
2022-07-25,WTA,WTA250,Hard,1st Round,pA,2.72,0.43595232367515563,0.3676470588235294,0.06830526485162625,1,17.200000000000003
2022-07-25,WTA,WTA250,Hard,1st Round,pA,2.73,0.48617191314697267,0.3663003663003663,0.11987154684660639,0,-10.0
2022-07-26,WTA,WTA250,Hard,1st Round,pB,1.3,0.995916666649282,0.7692307692307692,0.22668589741851286,1,3.0000000000000004
2022-07-26,WTA,WTA250,Hard,1st Round,pB,1.63,0.7573299169540405,0.6134969325153374,0.14383298443870307,0,-10.0
2022-07-27,WTA,WTA250,Hard,2nd Round,pB,2.89,0.5515485942363739,0.3460207612456747,0.2055278329906992,0,-10.0
2022-07-27,WTA,WTA250,Hard,2nd Round,pA,2.29,0.5929035663604736,0.4366812227074236,0.15622234365305,0,-10.0
2022-07-28,WTA,WTA250,Hard,2nd Round,pA,1.33,0.8933412313461304,0.7518796992481203,0.14146153209801016,1,3.3000000000000007
2022-07-28,WTA,WTA250,Hard,2nd Round,pB,1.48,0.8650005668401718,0.6756756756756757,0.18932489116449613,0,-10.0
2022-07-29,WTA,WTA250,Hard,Quarterfinals,pA,1.42,0.8607650876045227,0.7042253521126761,0.15653973549184663,0,-10.0
2022-07-29,WTA,WTA250,Hard,Quarterfinals,pA,3.14,0.3711862325668335,0.3184713375796178,0.052714894987215655,0,-10.0
2022-07-29,WTA,WTA250,Hard,Quarterfinals,pA,2.15,0.5619285225868225,0.46511627906976744,0.09681224351705503,1,11.5
2022-07-30,WTA,WTA250,Hard,Semifinals,pB,1.46,0.7354449957609177,0.684931506849315,0.05051348891160268,1,4.6
2022-07-31,WTA,WTA250,Hard,The Final,pA,1.9,0.7260878801345825,0.5263157894736842,0.1997720906608983,0,-10.0
2022-07-25,WTA,WTA250,Clay,1st Round,pA,2.61,0.5641298174858094,0.3831417624521073,0.18098805503370208,0,-10.0
2022-07-25,WTA,WTA250,Clay,1st Round,pA,2.37,0.9604109287261963,0.42194092827004215,0.5384700004561541,1,13.700000000000001
2022-07-25,WTA,WTA250,Clay,1st Round,pA,1.47,0.983472466468811,0.6802721088435374,0.30320035762527364,1,4.699999999999999
2022-07-25,WTA,WTA250,Clay,1st Round,pB,1.89,0.6083198368549347,0.5291005291005292,0.07921930775440555,0,-10.0
2022-07-26,WTA,WTA250,Clay,1st Round,pA,2.26,0.9800241947174072,0.4424778761061947,0.5375463186112125,1,12.599999999999998
2022-07-26,WTA,WTA250,Clay,1st Round,pA,2.25,0.5929035663604736,0.4444444444444444,0.14845912191602917,0,-10.0
2022-07-26,WTA,WTA250,Clay,1st Round,pB,1.65,0.9979166666045785,0.6060606060606061,0.3918560605439724,1,6.499999999999999
2022-07-27,WTA,WTA250,Clay,1st Round,pA,2.54,0.9327702164649964,0.39370078740157477,0.5390694290634216,1,15.4
2022-07-27,WTA,WTA250,Clay,1st Round,pA,3.1,0.9947954177856445,0.3225806451612903,0.6722147726243541,1,21.0
2022-07-27,WTA,WTA250,Clay,1st Round,pB,1.81,0.6347025275230408,0.5524861878453039,0.0822163396777369,0,-10.0
2022-07-27,WTA,WTA250,Clay,2nd Round,pB,2.05,0.9573954746127129,0.48780487804878053,0.46959059656393237,1,10.499999999999998
2022-07-27,WTA,WTA250,Clay,2nd Round,pB,3.35,0.97508734036237,0.29850746268656714,0.6765798776758029,1,23.5
2022-07-28,WTA,WTA250,Clay,2nd Round,pB,3.24,0.37302548885345455,0.30864197530864196,0.06438351354481259,0,-10.0
2022-07-28,WTA,WTA250,Clay,2nd Round,pB,2.53,0.4785557329654694,0.3952569169960475,0.0832988159694219,0,-10.0
2022-07-28,WTA,WTA250,Clay,2nd Round,pA,2.08,0.8157620906829834,0.4807692307692307,0.3349928599137527,1,10.8
2022-07-28,WTA,WTA250,Clay,2nd Round,pB,1.67,0.7690553963184357,0.5988023952095809,0.17025300110885477,1,6.699999999999999
2022-07-28,WTA,WTA250,Clay,2nd Round,pA,1.26,0.9248580455780029,0.7936507936507936,0.13120725192720928,1,2.6
2022-07-29,WTA,WTA250,Clay,Quarterfinals,pB,1.5,0.9979166666045785,0.6666666666666666,0.3312499999379118,1,5.0
2022-07-30,WTA,WTA250,Clay,Semifinals,pA,1.48,0.9885302424430847,0.6756756756756757,0.3128545667674091,1,4.8
2022-07-31,WTA,WTA250,Clay,The Final,pA,1.39,0.8223029732704162,0.7194244604316548,0.10287851283876148,1,3.899999999999999
2022-08-01,WTA,WTA250,Hard,1st Round,pA,1.51,0.9916071653366089,0.6622516556291391,0.32935550970746974,1,5.1
2022-08-01,WTA,WTA250,Hard,1st Round,pB,2.01,0.9771831754595042,0.49751243781094534,0.47967073764855883,1,10.099999999999998
2022-08-01,WTA,WTA250,Hard,1st Round,pB,1.36,0.9641615580767393,0.7352941176470588,0.22886744042968055,1,3.600000000000001
2022-08-01,WTA,WTA250,Hard,1st Round,pB,1.43,0.9833290722221136,0.6993006993006994,0.28402837292141425,1,4.299999999999999
2022-08-02,WTA,WTA250,Hard,1st Round,pB,1.21,0.9922028984874487,0.8264462809917356,0.16575661749571313,1,2.0999999999999996
2022-08-02,WTA,WTA250,Hard,1st Round,pA,2.56,0.9488495469093323,0.390625,0.5582245469093323,1,15.600000000000001
2022-08-02,WTA,WTA250,Hard,1st Round,pA,2.33,0.9633461594581604,0.4291845493562232,0.5341616101019372,1,13.3
2022-08-02,WTA,WTA250,Hard,1st Round,pA,1.72,0.9858916878700257,0.5813953488372093,0.40449633903281634,1,7.199999999999999
2022-08-02,WTA,WTA250,Hard,1st Round,pB,1.71,0.9549730658531189,0.5847953216374269,0.37017774421569205,1,7.1
2022-08-02,WTA,WTA250,Hard,1st Round,pB,1.64,0.9758092490956187,0.6097560975609756,0.36605315153464313,1,6.399999999999999
2022-08-02,WTA,WTA250,Hard,1st Round,pA,1.66,0.9651768207550049,0.6024096385542169,0.36276718220078796,1,6.6
2022-08-02,WTA,WTA250,Hard,1st Round,pA,1.92,0.9950554370880127,0.5208333333333334,0.4742221037546793,1,9.2
2022-08-03,WTA,WTA250,Hard,1st Round,pA,1.2,1.0,0.8333333333333334,0.16666666666666663,1,1.9999999999999996
2022-08-03,WTA,WTA250,Hard,2nd Round,pA,2.08,0.9448886752128601,0.4807692307692307,0.4641194444436294,1,10.8
2022-08-04,WTA,WTA250,Hard,2nd Round,pB,1.47,0.9430831804871559,0.6802721088435374,0.2628110716436185,1,4.699999999999999
2022-08-04,WTA,WTA250,Hard,2nd Round,pB,2.2,0.9442388601601124,0.45454545454545453,0.48969340561465785,1,12.000000000000002
2022-08-04,WTA,WTA250,Hard,2nd Round,pA,1.42,0.9802173614501953,0.7042253521126761,0.2759920093375192,1,4.199999999999999
2022-08-04,WTA,WTA250,Hard,2nd Round,pB,2.33,0.953436478972435,0.4291845493562232,0.5242519296162118,1,13.3
2022-08-05,WTA,WTA250,Hard,2nd Round,pB,1.2,0.9686699207872153,0.8333333333333334,0.13533658745388188,1,1.9999999999999996
2022-08-05,WTA,WTA250,Hard,Quarterfinals,pA,2.2,0.9495040655136109,0.45454545454545453,0.49495861096815635,0,-10.0
2022-08-06,WTA,WTA250,Hard,Quarterfinals,pB,1.26,0.985316252335906,0.7936507936507936,0.19166545868511242,0,-10.0
2022-08-06,WTA,WTA250,Hard,Quarterfinals,pB,1.81,0.6296552836894989,0.5524861878453039,0.07716909584419496,0,-10.0
2022-08-06,WTA,WTA250,Hard,Semifinals,pB,2.47,0.6237413048744201,0.4048582995951417,0.21888300527927845,0,-10.0
2022-08-07,WTA,WTA250,Hard,The Final,pA,2.12,0.6246402621269226,0.4716981132075471,0.15294214891937546,0,-10.0
2022-08-21,WTA,WTA250,Hard,1st Round,pB,1.35,0.995916666649282,0.7407407407407407,0.2551759259085413,1,3.500000000000001
2022-08-21,WTA,WTA250,Hard,1st Round,pA,1.38,0.9604109287261963,0.7246376811594204,0.23577324756677587,1,3.799999999999999
2022-08-22,WTA,WTA250,Hard,1st Round,pB,1.5,0.995916666649282,0.6666666666666666,0.3292499999826154,1,5.0
2022-08-22,WTA,WTA250,Hard,1st Round,pA,1.94,0.8247564792633056,0.5154639175257733,0.3092925617375324,1,9.399999999999999
2022-08-22,WTA,WTA250,Hard,1st Round,pA,1.54,0.9950554370880127,0.6493506493506493,0.34570478773736335,1,5.4
2022-08-22,WTA,WTA250,Hard,1st Round,pB,1.8,0.700941401720047,0.5555555555555556,0.14538584616449146,1,8.0
2022-08-22,WTA,WTA250,Hard,1st Round,pB,1.31,0.98778358977288,0.7633587786259541,0.22442481114692592,1,3.1000000000000005
2022-08-22,WTA,WTA250,Hard,1st Round,pA,2.73,0.8702345848083496,0.3663003663003663,0.5039342185079834,1,17.3
2022-08-22,WTA,WTA250,Hard,1st Round,pB,1.32,0.9695104116573929,0.7575757575757576,0.21193465408163537,1,3.2000000000000006
2022-08-23,WTA,WTA250,Hard,2nd Round,pA,1.99,0.9916071653366089,0.5025125628140703,0.48909460252253856,1,9.9
2022-08-23,WTA,WTA250,Hard,2nd Round,pA,2.62,0.9495040655136109,0.38167938931297707,0.5678246762006338,1,16.200000000000003
2022-08-24,WTA,WTA250,Hard,2nd Round,pA,1.86,0.8826847910881043,0.5376344086021505,0.34505038248595377,1,8.600000000000001
2022-08-24,WTA,WTA250,Hard,2nd Round,pB,3.31,0.929636437445879,0.3021148036253776,0.6275216338205014,1,23.1
2022-08-24,WTA,WTA250,Hard,2nd Round,pB,1.86,0.9136084824800491,0.5376344086021505,0.3759740738778986,1,8.600000000000001
2022-08-24,WTA,WTA250,Hard,2nd Round,pB,1.25,0.9777105420827865,0.8,0.17771054208278647,1,2.5
2022-08-25,WTA,WTA250,Hard,Quarterfinals,pB,1.53,0.9979166666045785,0.6535947712418301,0.3443218953627484,1,5.300000000000001
2022-08-25,WTA,WTA250,Hard,Quarterfinals,pB,1.56,0.939272528886795,0.641025641025641,0.29824688786115405,1,5.6000000000000005
2022-08-26,WTA,WTA250,Hard,Semifinals,pB,1.95,0.9072554849088192,0.5128205128205129,0.39443497208830636,1,9.5
2022-08-26,WTA,WTA250,Hard,Semifinals,pB,1.63,0.7690553963184357,0.6134969325153374,0.15555846380309823,1,6.299999999999999
2022-08-27,WTA,WTA250,Hard,The Final,pA,2.75,0.4548501431941986,0.36363636363636365,0.09121377955783494,0,-10.0
2022-08-21,WTA,WTA250,Hard,1st Round,pA,2.15,0.9665626525878906,0.46511627906976744,0.5014463735181232,1,11.5
2022-08-21,WTA,WTA250,Hard,1st Round,pB,1.84,0.9858788277953863,0.5434782608695652,0.4424005669258211,1,8.4
2022-08-21,WTA,WTA250,Hard,1st Round,pA,1.3,0.9665626525878906,0.7692307692307692,0.19733188335712148,1,3.0000000000000004
2022-08-22,WTA,WTA250,Hard,1st Round,pB,1.22,0.9979166666045785,0.819672131147541,0.17824453545703745,1,2.1999999999999997
2022-08-22,WTA,WTA250,Hard,1st Round,pB,1.2,0.9979166666045785,0.8333333333333334,0.16458333327124508,1,1.9999999999999996
2022-08-22,WTA,WTA250,Hard,1st Round,pB,1.36,0.9979166666045785,0.7352941176470588,0.2626225489575197,1,3.600000000000001
2022-08-22,WTA,WTA250,Hard,1st Round,pB,1.31,1.0,0.7633587786259541,0.23664122137404586,1,3.1000000000000005
2022-08-22,WTA,WTA250,Hard,1st Round,pA,1.35,1.0,0.7407407407407407,0.2592592592592593,1,3.500000000000001
2022-08-24,WTA,WTA250,Hard,2nd Round,pB,1.97,0.960740826278925,0.5076142131979695,0.4531266130809555,1,9.7
2022-08-24,WTA,WTA250,Hard,2nd Round,pA,2.93,0.8622675538063049,0.341296928327645,0.5209706254786599,1,19.3
2022-08-24,WTA,WTA250,Hard,2nd Round,pB,1.25,0.9790040543302894,0.8,0.17900405433028932,1,2.5
2022-08-24,WTA,WTA250,Hard,2nd Round,pB,1.57,0.9442736566066742,0.6369426751592356,0.30733098144743853,1,5.700000000000001
2022-08-25,WTA,WTA250,Hard,2nd Round,pB,1.22,0.9979166666045785,0.819672131147541,0.17824453545703745,1,2.1999999999999997
2022-08-25,WTA,WTA250,Hard,Quarterfinals,pB,1.64,0.9680948838591575,0.6097560975609756,0.35833878629818194,1,6.399999999999999
2022-08-25,WTA,WTA250,Hard,Quarterfinals,pA,1.74,0.9797811150550843,0.5747126436781609,0.40506847137692337,1,7.4
2022-08-27,WTA,WTA250,Hard,The Final,pA,1.34,0.8924799919128418,0.7462686567164178,0.14621133519642393,1,3.400000000000001
2022-09-12,WTA,WTA250,Hard,1st Round,pA,2.24,0.9919785141944886,0.4464285714285714,0.5455499427659172,1,12.400000000000002
2022-09-12,WTA,WTA250,Hard,1st Round,pB,1.94,0.8370892211794854,0.5154639175257733,0.3216253036537121,0,-10.0
2022-09-12,WTA,WTA250,Hard,1st Round,pA,2.63,0.43058905005455017,0.3802281368821293,0.05036091317242086,0,-10.0
2022-09-12,WTA,WTA250,Hard,1st Round,pB,1.46,0.9979166666045785,0.684931506849315,0.3129851597552634,1,4.6
2022-09-13,WTA,WTA250,Hard,1st Round,pA,2.27,0.5055803418159485,0.44052863436123346,0.065051707454715,0,-10.0
2022-09-13,WTA,WTA250,Hard,1st Round,pA,1.28,1.0,0.78125,0.21875,1,2.8000000000000003
2022-09-13,WTA,WTA250,Hard,1st Round,pA,1.27,0.9978723406791687,0.7874015748031495,0.2104707658760192,1,2.7
2022-09-13,WTA,WTA250,Hard,1st Round,pA,1.47,0.9978723406791687,0.6802721088435374,0.31760023183563135,1,4.699999999999999
2022-09-15,WTA,WTA250,Hard,2nd Round,pA,1.74,0.6482981443405151,0.5747126436781609,0.07358550066235425,1,7.4
2022-09-15,WTA,WTA250,Hard,2nd Round,pA,1.32,0.9922648668289185,0.7575757575757576,0.2346891092531609,1,3.2000000000000006
2022-09-15,WTA,WTA250,Hard,2nd Round,pB,1.71,0.7573299169540405,0.5847953216374269,0.17253459531661364,0,-10.0
2022-09-16,WTA,WTA250,Hard,Quarterfinals,pB,1.77,0.7794244155287743,0.5649717514124294,0.2144526641163449,1,7.7
2022-09-16,WTA,WTA250,Hard,Quarterfinals,pB,2.62,0.8691852696239948,0.38167938931297707,0.4875058803110177,0,-10.0
2022-09-16,WTA,WTA250,Hard,Quarterfinals,pB,2.09,0.6042792618274688,0.47846889952153115,0.12581036230593767,1,10.899999999999999
2022-09-18,WTA,WTA250,Hard,The Final,pA,2.91,0.5399609267711639,0.3436426116838488,0.19631831508731512,1,19.1
2022-09-12,WTA,WTA250,Hard,1st Round,pA,2.97,0.47803248167037965,0.33670033670033667,0.14133214497004298,0,-10.0
2022-09-13,WTA,WTA250,Hard,1st Round,pB,2.65,0.45193058252334595,0.37735849056603776,0.07457209195730818,0,-10.0
2022-09-13,WTA,WTA250,Hard,1st Round,pB,2.86,0.4974201023578644,0.3496503496503497,0.1477697527075147,1,18.599999999999998
2022-09-13,WTA,WTA250,Hard,1st Round,pB,1.42,0.995916666649282,0.7042253521126761,0.2916913145366059,1,4.199999999999999
2022-09-13,WTA,WTA250,Hard,1st Round,pB,2.94,0.4563074171543121,0.3401360544217687,0.11617136273254342,0,-10.0
2022-09-13,WTA,WTA250,Hard,1st Round,pB,2.62,0.9149794176220893,0.38167938931297707,0.5333000283091123,1,16.200000000000003
2022-09-14,WTA,WTA250,Hard,2nd Round,pA,1.67,0.7622481346130371,0.5988023952095809,0.1634457394034562,0,-10.0
2022-09-14,WTA,WTA250,Hard,2nd Round,pA,2.39,0.6492676138877869,0.41841004184100417,0.2308575720467827,0,-10.0
2022-09-15,WTA,WTA250,Hard,2nd Round,pA,3.11,0.37625869512557986,0.3215434083601286,0.05471528676545123,1,21.099999999999998
2022-09-15,WTA,WTA250,Hard,2nd Round,pA,2.02,0.557141375541687,0.49504950495049505,0.06209187059119192,1,10.2
2022-09-17,WTA,WTA250,Hard,Semifinals,pA,1.37,0.8286104440689087,0.7299270072992701,0.09868343676963864,1,3.700000000000001
2022-09-19,WTA,WTA250,Hard,1st Round,pB,1.82,0.9830182995647192,0.5494505494505494,0.4335677501141698,1,8.200000000000001
2022-09-19,WTA,WTA250,Hard,1st Round,pB,3.19,0.39254001975059505,0.31347962382445144,0.07906039592614361,0,-10.0
2022-09-19,WTA,WTA250,Hard,1st Round,pB,1.59,0.9910707281902432,0.6289308176100629,0.36213991058018036,1,5.9
2022-09-19,WTA,WTA250,Hard,1st Round,pA,2.23,0.9604109287261963,0.4484304932735426,0.5119804354526536,1,12.3
2022-09-20,WTA,WTA250,Hard,1st Round,pA,2.26,0.9857396721839905,0.4424778761061947,0.5432617960777958,1,12.599999999999998
2022-09-20,WTA,WTA250,Hard,1st Round,pB,1.38,0.9979166666045785,0.7246376811594204,0.27327898544515805,1,3.799999999999999
2022-09-20,WTA,WTA250,Hard,1st Round,pB,1.74,0.9696785714477301,0.5747126436781609,0.3949659277695692,1,7.4
2022-09-20,WTA,WTA250,Hard,1st Round,pA,1.77,0.9693532228469849,0.5649717514124294,0.4043814714345555,1,7.7
2022-09-21,WTA,WTA250,Hard,1st Round,pA,1.96,0.7202887654304504,0.5102040816326531,0.21008468379779732,0,-10.0
2022-09-21,WTA,WTA250,Hard,2nd Round,pA,1.2,0.9713285446166993,0.8333333333333334,0.1379952112833659,1,1.9999999999999996
2022-09-21,WTA,WTA250,Hard,2nd Round,pA,1.48,1.0,0.6756756756756757,0.32432432432432434,1,4.8
2022-09-21,WTA,WTA250,Hard,2nd Round,pA,3.43,0.35569522380828855,0.29154518950437314,0.06415003430391542,1,24.3
2022-09-22,WTA,WTA250,Hard,2nd Round,pA,1.26,0.9919785141944886,0.7936507936507936,0.19832772054369496,1,2.6
2022-09-22,WTA,WTA250,Hard,2nd Round,pA,1.22,1.0,0.819672131147541,0.180327868852459,1,2.1999999999999997
2022-09-23,WTA,WTA250,Hard,Quarterfinals,pA,1.83,0.9893811106681824,0.5464480874316939,0.4429330232364884,1,8.3
2022-09-23,WTA,WTA250,Hard,Quarterfinals,pA,1.7,0.8596521258354187,0.5882352941176471,0.27141683171777164,1,7.0
2022-09-24,WTA,WTA250,Hard,Semifinals,pA,1.4,0.97699054479599,0.7142857142857143,0.2627048305102757,1,3.999999999999999
2022-09-24,WTA,WTA250,Hard,Semifinals,pB,1.96,0.936441233754158,0.5102040816326531,0.4262371521215049,1,9.6
2022-09-25,WTA,WTA250,Hard,The Final,pB,1.74,0.9149794176220893,0.5747126436781609,0.34026677394392846,1,7.4
2022-09-26,WTA,WTA250,Clay,1st Round,pB,1.53,0.9930707281455398,0.6535947712418301,0.3394759569037097,1,5.300000000000001
2022-09-26,WTA,WTA250,Clay,1st Round,pA,1.66,0.9991294622421265,0.6024096385542169,0.3967198236879096,1,6.6
2022-09-26,WTA,WTA250,Clay,1st Round,pA,1.24,1.0,0.8064516129032259,0.19354838709677413,1,2.4
2022-09-27,WTA,WTA250,Clay,1st Round,pB,2.35,0.9406434640288353,0.425531914893617,0.5151115491352183,1,13.5
2022-09-27,WTA,WTA250,Clay,1st Round,pB,1.61,0.9758092490956187,0.6211180124223602,0.3546912366732585,1,6.100000000000001
2022-09-27,WTA,WTA250,Clay,1st Round,pA,1.77,0.9885302424430847,0.5649717514124294,0.42355849103065535,1,7.7
2022-09-27,WTA,WTA250,Clay,1st Round,pA,2.5,0.5419304966926575,0.4,0.14193049669265745,0,-10.0
2022-09-27,WTA,WTA250,Clay,1st Round,pB,1.69,0.9803779806941748,0.591715976331361,0.38866200436281384,1,6.8999999999999995
2022-09-27,WTA,WTA250,Clay,1st Round,pB,1.24,0.9821214471012354,0.8064516129032259,0.17566983419800952,1,2.4
2022-09-27,WTA,WTA250,Clay,1st Round,pA,2.45,0.934104061126709,0.4081632653061224,0.5259407958205866,1,14.500000000000002
2022-09-27,WTA,WTA250,Clay,1st Round,pB,2.09,0.982375075854361,0.47846889952153115,0.5039061763328299,1,10.899999999999999
2022-09-27,WTA,WTA250,Clay,1st Round,pB,1.8,0.9763366157189012,0.5555555555555556,0.4207810601633456,1,8.0
2022-09-27,WTA,WTA250,Clay,1st Round,pB,2.29,0.5935379326343536,0.4366812227074236,0.15685670992693002,0,-10.0
2022-09-28,WTA,WTA250,Clay,2nd Round,pB,2.22,0.5169116377830505,0.4504504504504504,0.06646118733260009,0,-10.0
2022-09-28,WTA,WTA250,Clay,2nd Round,pA,1.55,0.9890097618103028,0.6451612903225806,0.34384847148772213,1,5.5
2022-09-28,WTA,WTA250,Clay,2nd Round,pB,2.76,0.9621635898947716,0.3623188405797102,0.5998447493150614,1,17.599999999999998
2022-09-28,WTA,WTA250,Clay,2nd Round,pA,1.39,0.9950554370880127,0.7194244604316548,0.27563097665635794,1,3.899999999999999
2022-09-28,WTA,WTA250,Clay,2nd Round,pA,3.13,0.4590145289897919,0.3194888178913738,0.1395257110984181,1,21.299999999999997
2022-09-28,WTA,WTA250,Clay,2nd Round,pB,1.22,0.985316252335906,0.819672131147541,0.16564412118836502,1,2.1999999999999997
2022-09-28,WTA,WTA250,Clay,2nd Round,pB,1.79,0.9813319770619273,0.5586592178770949,0.4226727591848324,1,7.9
2022-09-29,WTA,WTA250,Clay,Quarterfinals,pB,1.72,0.6498621582984925,0.5813953488372093,0.06846680946128314,1,7.199999999999999
2022-09-29,WTA,WTA250,Clay,Quarterfinals,pB,2.55,0.9352507576346397,0.3921568627450981,0.5430938948895416,1,15.499999999999998
2022-09-29,WTA,WTA250,Clay,Quarterfinals,pA,1.44,0.9916071653366089,0.6944444444444444,0.29716272089216444,1,4.3999999999999995
2022-09-29,WTA,WTA250,Clay,Quarterfinals,pB,2.06,0.962164462916553,0.4854368932038835,0.4767275697126695,1,10.600000000000001
2022-10-01,WTA,WTA250,Clay,Semifinals,pB,2.81,0.43393392562866206,0.35587188612099646,0.0780620395076656,1,18.1
2022-09-26,WTA,WTA250,Hard,1st Round,pA,1.27,0.9770440220832824,0.7874015748031495,0.1896424472801329,1,2.7
2022-09-26,WTA,WTA250,Hard,1st Round,pB,1.84,0.9680948838591575,0.5434782608695652,0.42461662298959235,1,8.4
2022-09-26,WTA,WTA250,Hard,1st Round,pB,1.63,0.9328110411763191,0.6134969325153374,0.31931410866098164,1,6.299999999999999
2022-09-26,WTA,WTA250,Hard,1st Round,pA,1.53,0.895867395401001,0.6535947712418301,0.24227262415917095,1,5.300000000000001
2022-09-26,WTA,WTA250,Hard,1st Round,pA,2.36,0.9633461594581604,0.42372881355932207,0.5396173458988383,1,13.599999999999998
2022-09-26,WTA,WTA250,Hard,1st Round,pB,2.96,0.929636437445879,0.33783783783783783,0.5917985996080412,1,19.6
2022-09-27,WTA,WTA250,Hard,1st Round,pA,1.46,0.9919785141944886,0.684931506849315,0.30704700734517354,1,4.6
2022-09-27,WTA,WTA250,Hard,1st Round,pA,1.41,0.9978723406791687,0.7092198581560284,0.28865248252314035,1,4.1
2022-09-27,WTA,WTA250,Hard,1st Round,pB,3.15,0.9045032270252704,0.31746031746031744,0.587042909564953,1,21.5
2022-09-27,WTA,WTA250,Hard,1st Round,pA,2.42,0.9252967000007629,0.4132231404958678,0.5120735595048951,1,14.2
2022-09-27,WTA,WTA250,Hard,1st Round,pB,1.21,0.9833290722221136,0.8264462809917356,0.15688279123037807,1,2.0999999999999996
2022-09-28,WTA,WTA250,Hard,1st Round,pB,1.62,0.8400207340717316,0.6172839506172839,0.2227367834544477,1,6.200000000000001
2022-09-28,WTA,WTA250,Hard,2nd Round,pB,1.52,0.7690553963184357,0.6578947368421053,0.11116065947633036,1,5.2
2022-09-29,WTA,WTA250,Hard,2nd Round,pB,2.17,0.9573152661323547,0.4608294930875576,0.49648577304479713,1,11.7
2022-09-29,WTA,WTA250,Hard,2nd Round,pB,3.04,0.42515820264816284,0.32894736842105265,0.09621083422711019,0,-10.0
2022-10-01,WTA,WTA250,Hard,Semifinals,pA,2.22,0.7334922194480896,0.4504504504504504,0.2830417689976392,1,12.200000000000003
2022-10-01,WTA,WTA250,Hard,Semifinals,pA,1.5,0.7358731865882874,0.6666666666666666,0.06920651992162075,1,5.0
2022-10-03,WTA,WTA250,Hard,1st Round,pB,3.15,0.3753597378730774,0.31746031746031744,0.05789942041275997,0,-10.0
2022-10-04,WTA,WTA250,Hard,1st Round,pB,1.42,0.7690553963184357,0.7042253521126761,0.06483004420575955,0,-10.0
2022-10-05,WTA,WTA250,Hard,2nd Round,pA,2.37,0.8469268798828125,0.42194092827004215,0.4249859516127703,1,13.700000000000001
2022-10-05,WTA,WTA250,Hard,2nd Round,pB,1.57,0.9209449723362922,0.6369426751592356,0.2840022971770566,1,5.700000000000001
2022-10-05,WTA,WTA250,Hard,2nd Round,pA,1.34,0.9028065800666809,0.7462686567164178,0.15653792335026306,1,3.400000000000001
2022-10-06,WTA,WTA250,Hard,2nd Round,pB,3.4,0.6331717073917389,0.29411764705882354,0.33905406033291535,1,24.0
2022-10-07,WTA,WTA250,Hard,Quarterfinals,pA,1.22,0.9358624458312989,0.819672131147541,0.11619031468375784,1,2.1999999999999997
2022-10-08,WTA,WTA250,Hard,Semifinals,pB,1.37,0.8161444619297982,0.7299270072992701,0.0862174546305281,0,-10.0
2022-10-09,WTA,WTA250,Hard,The Final,pA,1.8,0.7919525742530823,0.5555555555555556,0.23639701869752672,1,8.0
2022-10-10,WTA,WTA250,Hard,1st Round,pB,1.52,0.9979166666045785,0.6578947368421053,0.34002192976247314,1,5.2
2022-10-10,WTA,WTA250,Hard,1st Round,pB,1.79,0.9910707281902432,0.5586592178770949,0.4324115103131483,1,7.9
2022-10-10,WTA,WTA250,Hard,1st Round,pA,1.55,1.0,0.6451612903225806,0.3548387096774194,1,5.5
2022-10-10,WTA,WTA250,Hard,1st Round,pA,2.23,0.9127963185310364,0.4484304932735426,0.46436582525749376,1,12.3
2022-10-10,WTA,WTA250,Hard,1st Round,pA,2.71,0.9250416040420533,0.36900369003690037,0.5560379140051529,1,17.1
2022-10-11,WTA,WTA250,Hard,1st Round,pB,1.61,0.9612742617726326,0.6211180124223602,0.34015624935027244,1,6.100000000000001
2022-10-11,WTA,WTA250,Hard,1st Round,pB,1.68,0.9853598648682237,0.5952380952380952,0.39012176963012846,1,6.799999999999999
2022-10-11,WTA,WTA250,Hard,1st Round,pA,3.49,0.3668282926082611,0.28653295128939826,0.08029534131886285,0,-10.0
2022-10-11,WTA,WTA250,Hard,1st Round,pB,1.54,0.9419738635420799,0.6493506493506493,0.29262321419143056,1,5.4
2022-10-11,WTA,WTA250,Hard,1st Round,pA,1.58,0.974065637588501,0.6329113924050632,0.34115424518343773,1,5.800000000000001
2022-10-11,WTA,WTA250,Hard,1st Round,pB,2.18,0.8552690431475639,0.4587155963302752,0.3965534468172887,1,11.8
2022-10-11,WTA,WTA250,Hard,1st Round,pA,1.75,0.9913471460342407,0.5714285714285714,0.4199185746056693,1,7.5
2022-10-12,WTA,WTA250,Hard,1st Round,pA,1.53,0.7260878801345825,0.6535947712418301,0.0724931088927524,0,-10.0
2022-10-12,WTA,WTA250,Hard,1st Round,pB,1.7,0.9890736330300569,0.5882352941176471,0.40083833891240983,1,7.0
2022-10-12,WTA,WTA250,Hard,2nd Round,pA,1.64,0.9712750673294067,0.6097560975609756,0.3615189697684311,1,6.399999999999999
2022-10-12,WTA,WTA250,Hard,2nd Round,pB,1.42,0.9784076789394021,0.7042253521126761,0.27418232682672594,1,4.199999999999999
2022-10-13,WTA,WTA250,Hard,2nd Round,pA,1.82,0.9859328389167785,0.5494505494505494,0.43648228946622913,1,8.200000000000001
2022-10-13,WTA,WTA250,Hard,2nd Round,pA,2.1,0.5365960240364075,0.47619047619047616,0.06040554784593133,1,11.0
2022-10-13,WTA,WTA250,Hard,2nd Round,pA,1.83,0.7154859066009521,0.5464480874316939,0.1690378191692582,0,-10.0
2022-10-13,WTA,WTA250,Hard,2nd Round,pA,1.53,1.0,0.6535947712418301,0.3464052287581699,1,5.300000000000001
2022-10-13,WTA,WTA250,Hard,2nd Round,pA,2.2,0.7083094835281372,0.45454545454545453,0.25376402898268263,1,12.000000000000002
2022-10-14,WTA,WTA250,Hard,Quarterfinals,pA,1.39,0.9831422686576843,0.7194244604316548,0.2637178082260295,1,3.899999999999999
2022-10-14,WTA,WTA250,Hard,Quarterfinals,pB,2.41,0.9700438471511006,0.41493775933609955,0.555106087815001,1,14.100000000000001
2022-10-14,WTA,WTA250,Hard,Quarterfinals,pA,2.16,0.7622481346130371,0.4629629629629629,0.2992851716500742,1,11.600000000000001
2022-10-15,WTA,WTA250,Hard,Semifinals,pA,2.67,0.9661264061927796,0.37453183520599254,0.591594570986787,1,16.7
2022-10-15,WTA,WTA250,Hard,Semifinals,pA,1.65,0.9712750673294067,0.6060606060606061,0.36521446126880064,1,6.499999999999999
2022-10-16,WTA,WTA250,Hard,The Final,pB,1.78,0.6543884932994842,0.5617977528089888,0.09259074049049543,0,-10.0
2022-10-10,WTA,WTA250,Hard,1st Round,pB,1.47,0.7690553963184357,0.6802721088435374,0.08878328747489828,0,-10.0
2022-10-10,WTA,WTA250,Hard,1st Round,pA,2.8,0.5661577701568603,0.35714285714285715,0.20901491301400316,1,18.0
2022-10-10,WTA,WTA250,Hard,1st Round,pA,1.94,0.9885302424430847,0.5154639175257733,0.4730663249173115,1,9.399999999999999
2022-10-11,WTA,WTA250,Hard,1st Round,pA,2.2,0.8607650876045227,0.45454545454545453,0.4062196330590682,1,12.000000000000002
2022-10-11,WTA,WTA250,Hard,1st Round,pA,2.6,0.7701663255691529,0.3846153846153846,0.3855509409537683,1,16.0
2022-10-11,WTA,WTA250,Hard,1st Round,pB,2.47,0.7911498948931694,0.4048582995951417,0.38629159529802776,1,14.700000000000003
2022-10-11,WTA,WTA250,Hard,1st Round,pB,1.24,0.982566069625318,0.8064516129032259,0.17611445672209214,1,2.4
2022-10-11,WTA,WTA250,Hard,1st Round,pA,1.81,0.9259172439575195,0.5524861878453039,0.3734310561122156,1,8.100000000000001
2022-10-11,WTA,WTA250,Hard,1st Round,pA,1.6,0.9604109287261963,0.625,0.33541092872619627,1,6.000000000000001
2022-10-12,WTA,WTA250,Hard,1st Round,pA,1.54,0.9448886752128601,0.6493506493506493,0.2955380258622108,1,5.4
2022-10-12,WTA,WTA250,Hard,2nd Round,pB,2.34,0.8894238613545895,0.4273504273504274,0.4620734340041621,1,13.399999999999999
2022-10-13,WTA,WTA250,Hard,2nd Round,pB,1.33,0.8067310839891434,0.7518796992481203,0.054851384741023135,1,3.3000000000000007
2022-10-14,WTA,WTA250,Hard,2nd Round,pA,1.36,0.9885302424430847,0.7352941176470588,0.253236124796026,1,3.600000000000001
2022-10-14,WTA,WTA250,Hard,2nd Round,pB,1.2,0.9979166666045785,0.8333333333333334,0.16458333327124508,1,1.9999999999999996
2022-10-14,WTA,WTA250,Hard,Quarterfinals,pB,2.53,0.765222980082035,0.3952569169960475,0.36996606308598756,1,15.299999999999997
2022-10-14,WTA,WTA250,Hard,Quarterfinals,pB,2.5,0.5383191227912902,0.4,0.13831912279129022,0,-10.0
2022-10-15,WTA,WTA250,Hard,Quarterfinals,pA,1.36,0.9524438977241516,0.7352941176470588,0.21714978007709285,1,3.600000000000001
2022-10-15,WTA,WTA250,Hard,Semifinals,pA,1.33,0.8655269980430603,0.7518796992481203,0.11364729879494007,1,3.3000000000000007
2022-10-16,WTA,WTA250,Hard,Semifinals,pA,2.34,0.9524438977241516,0.4273504273504274,0.5250934703737242,0,-10.0
