match,market,sel,odds,mp,ip,edge,W,pnl,league,tier
Sandhausen vs Bielefeld,1X2,Home,3.15,0.5574069876820058,0.31746031746031744,0.23994667022168836,True,21.5,2. Bundesliga,2
Paderborn vs Karlsruhe,O/U,Under,2.38,0.4840916950627069,0.42016806722689076,0.06392362783581612,False,-10.0,2. Bundesliga,2
Hannover vs St Pauli,O/U,Under,2.26,0.5194409649599383,0.4424778761061947,0.07696308885374359,False,-10.0,2. Bundesliga,2
Nurnberg vs Greuther Furth,O/U,Under,2.17,0.5332345120693259,0.4608294930875576,0.07240501898176832,True,11.7,2. Bundesliga,2
Nurnberg vs Greuther Furth,1X2,Home,2.35,0.5150139577373005,0.425531914893617,0.0894820428436835,True,13.5,2. Bundesliga,2
Bielefeld vs Regensburg,1X2,Away,4.16,0.41697981831981934,0.24038461538461536,0.17659520293520398,True,31.6,2. Bundesliga,2
Huddersfield vs Burnley,1X2,Home,2.95,0.5225941330655579,0.3389830508474576,0.1836110822181003,False,-10.0,Championship,2
Bristol Rvs vs Forest Green,O/U,Over,1.9,0.5828643010147676,0.5263157894736842,0.056548511541083424,True,9.0,League One,3
Bristol Rvs vs Forest Green,1X2,Home,2.32,0.5938042435069113,0.4310344827586207,0.16276976074829058,False,-10.0,League One,3
Lincoln vs Exeter,1X2,Away,3.0,0.4109697307370852,0.3333333333333333,0.07763639740375189,False,-10.0,League One,3
Guingamp vs Pau FC,O/U,Over,2.06,0.5709288487072035,0.4854368932038835,0.08549195550332,True,10.600000000000001,Ligue 2,2
Sheffield Weds vs Portsmouth,1X2,Home,1.72,0.6237697721689937,0.5813953488372093,0.04237442333178432,False,-10.0,League One,3
Metz vs Amiens,1X2,Away,4.42,0.32115742047592444,0.22624434389140272,0.09491307658452172,False,-10.0,Ligue 2,2
Rochdale vs Crewe,1X2,Home,2.12,0.5516732976055576,0.4716981132075471,0.07997518439801049,False,-10.0,League Two,4
Stockport vs Barrow,O/U,Under,1.94,0.5610664926241035,0.5154639175257733,0.04560257509833021,False,-10.0,League Two,4
Wycombe vs Burton,1X2,Home,1.75,0.6176004423727657,0.5714285714285714,0.04617187094419428,True,7.5,League One,3
Dijon vs St Etienne,1X2,Home,2.93,0.5440461590114599,0.341296928327645,0.2027492306838149,True,19.3,Ligue 2,2
Rotherham vs Swansea,1X2,Home,2.62,0.5150465476725798,0.38167938931297707,0.13336715835960278,False,-10.0,Championship,2
Wigan vs Preston,O/U,Over,2.2,0.5356739369082197,0.45454545454545453,0.08112848236276521,False,-10.0,Championship,2
Wigan vs Preston,1X2,Home,2.47,0.5655589694177785,0.4048582995951417,0.1607006698226368,False,-10.0,Championship,2
Cardiff vs Norwich,1X2,Home,3.03,0.5559916799664595,0.33003300330033003,0.22595867666612945,True,20.299999999999997,Championship,2
Sunderland vs Coventry,1X2,Home,2.69,0.6006745884099737,0.3717472118959108,0.22892737651406286,False,-10.0,Championship,2
Watford vs Sheffield United,1X2,Away,3.21,0.5734588590604863,0.3115264797507788,0.26193237930970753,False,-10.0,Championship,2
Greuther Furth vs Karlsruhe,O/U,Under,2.42,0.5408055460841009,0.4132231404958678,0.12758240558823314,True,14.2,2. Bundesliga,2
Greuther Furth vs Karlsruhe,1X2,Away,4.18,0.34520888622628315,0.23923444976076558,0.10597443646551757,False,-10.0,2. Bundesliga,2
Crewe vs Harrogate,1X2,Away,3.27,0.3969862704211836,0.3058103975535168,0.09117587286766682,False,-10.0,League Two,4
Paderborn vs Hannover,O/U,Under,2.26,0.5052207955477174,0.4424778761061947,0.06274291944152266,False,-10.0,2. Bundesliga,2
Regensburg vs Nurnberg,1X2,Home,2.68,0.4924741568233616,0.3731343283582089,0.11933982846515268,False,-10.0,2. Bundesliga,2
Wolfsburg vs Werder Bremen,1X2,Away,4.06,0.4742079257919707,0.24630541871921185,0.22790250707275883,False,-10.0,Bundesliga,1
Fulham vs Liverpool,O/U,Under,2.63,0.4702637216888693,0.3802281368821293,0.09003558480674001,False,-10.0,Premier League,1
Hansa Rostock vs Bielefeld,1X2,Home,2.46,0.5646011901123726,0.4065040650406504,0.15809712507172224,True,14.6,2. Bundesliga,2
M'gladbach vs Hoffenheim,1X2,Home,2.14,0.6038628733273974,0.4672897196261682,0.1365731537012292,True,11.400000000000002,Bundesliga,1
Union Berlin vs Hertha,1X2,Home,1.77,0.6732479952046448,0.5649717514124294,0.10827624379221545,True,7.7,Bundesliga,1
Stevenage vs Stockport,1X2,Home,2.9,0.49081344759125134,0.3448275862068966,0.14598586138435476,True,19.0,League Two,4
Charlton vs Derby,1X2,Home,2.69,0.4767212369757053,0.3717472118959108,0.10497402507979448,True,16.9,League One,3
Exeter vs Port Vale,1X2,Home,2.33,0.5149621509654649,0.4291845493562232,0.08577760160924175,True,13.3,League One,3
Fleetwood Town vs Plymouth,1X2,Home,3.09,0.395585687109285,0.3236245954692557,0.07196109164002928,True,20.9,League One,3
Oxford vs Cambridge,O/U,Under,1.96,0.5654155681180936,0.5102040816326531,0.0552114864854405,True,9.6,League One,3
Portsmouth vs Lincoln,1X2,Away,4.34,0.2950302339399421,0.2304147465437788,0.0646154873961633,False,-10.0,League One,3
Bristol City vs Sunderland,1X2,Away,2.91,0.48869165858344,0.3436426116838488,0.1450490468995912,True,19.1,Championship,2
Burton vs Bristol Rvs,1X2,Away,2.68,0.4729369378949262,0.3731343283582089,0.09980260953671727,True,16.8,League One,3
Bolton vs Wycombe,1X2,Away,2.93,0.4326751139896298,0.341296928327645,0.0913781856619848,False,-10.0,League One,3
Barnsley vs Cheltenham,1X2,Away,4.41,0.3510381045563824,0.22675736961451246,0.12428073494186995,False,-10.0,League One,3
Gillingham vs Rochdale,1X2,Away,3.22,0.38404567338335305,0.3105590062111801,0.07348666717217295,False,-10.0,League Two,4
Toulouse vs Nice,1X2,Home,2.84,0.6437496804354303,0.35211267605633806,0.2916370043790923,False,-10.0,Ligue 1,1
Sp Braga vs Sp Lisbon,1X2,Away,2.01,0.659861075315884,0.49751243781094534,0.16234863750493866,False,-10.0,Liga Portugal,1
FC Koln vs Schalke 04,1X2,Away,4.48,0.5180102239327405,0.2232142857142857,0.29479593821845484,False,-10.0,Bundesliga,1
West Brom vs Watford,1X2,Home,2.39,0.5865091458389655,0.41841004184100417,0.16809910399796135,False,-10.0,Championship,2
Caen vs Metz,1X2,Home,2.66,0.5898416991351476,0.37593984962406013,0.21390184951108748,True,16.6,Ligue 2,2
Watford vs Burnley,1X2,Away,3.14,0.42389615279986026,0.3184713375796178,0.10542481522024244,False,-10.0,Championship,2
Freiburg vs Dortmund,1X2,Home,3.06,0.4505322392722382,0.32679738562091504,0.12373485365132314,False,-10.0,Bundesliga,1
Barcelona vs Vallecano,O/U,Under,2.58,0.5141403812098317,0.38759689922480617,0.12654348198502557,True,15.8,La Liga,1
Sunderland vs QPR,1X2,Home,2.11,0.6587813657864239,0.47393364928909953,0.18484771649732434,False,-10.0,Championship,2
Millwall vs Coventry,O/U,Over,2.35,0.5218584621949729,0.425531914893617,0.09632654730135587,True,13.5,Championship,2
Palermo vs Perugia,O/U,Over,2.18,0.5307299727397616,0.4587155963302752,0.07201437640948644,False,-10.0,Serie B,2
Palermo vs Perugia,1X2,Home,2.25,0.5550759513005561,0.4444444444444444,0.11063150685611167,True,12.5,Serie B,2
Sp Lisbon vs Rio Ave,O/U,Over,1.71,0.6825873621307941,0.5847953216374269,0.0977920404933672,True,7.1,Liga Portugal,1
Wycombe vs Shrewsbury,1X2,Home,1.96,0.5960985583740481,0.5102040816326531,0.08589447674139505,False,-10.0,League One,3
Wolves vs Fulham,1X2,Away,3.15,0.5212797381103274,0.31746031746031744,0.2038194206500099,False,-10.0,Premier League,1
Sheffield Weds vs Charlton,O/U,Over,2.0,0.5792709458609977,0.5,0.0792709458609977,False,-10.0,League One,3
Nimes vs Rodez,1X2,Away,3.47,0.38622731063471605,0.2881844380403458,0.09804287259437022,False,-10.0,Ligue 2,2
Salford vs Crewe,1X2,Home,1.9,0.5573341986077881,0.5263157894736842,0.03101840913410392,True,9.0,League Two,4
Schalke 04 vs M'gladbach,1X2,Home,3.12,0.5156295340832979,0.3205128205128205,0.19511671357047744,False,-10.0,Bundesliga,1
Werder Bremen vs Stuttgart,1X2,Home,2.33,0.6081531856220226,0.4291845493562232,0.1789686362657994,False,-10.0,Bundesliga,1
Hoffenheim vs Bochum,O/U,Under,2.59,0.4809277770721545,0.3861003861003861,0.0948273909717684,False,-10.0,Bundesliga,1
Leganes vs Alaves,1X2,Home,2.66,0.4748527836354559,0.37593984962406013,0.09891293401139578,False,-10.0,Segunda Division,2
Bristol Rvs vs Oxford,1X2,Home,2.72,0.6298243694792914,0.3676470588235294,0.26217731065576205,True,17.200000000000003,League One,3
Cambridge vs Exeter,1X2,Away,2.48,0.5075404689688188,0.40322580645161293,0.10431466251720584,False,-10.0,League One,3
Monza vs Torino,1X2,Home,2.58,0.5609892435836441,0.38759689922480617,0.17339234435883794,False,-10.0,Serie A,1
Las Palmas vs Zaragoza,O/U,Over,2.26,0.509165738139981,0.4424778761061947,0.0666878620337863,False,-10.0,Segunda Division,2
Las Palmas vs Zaragoza,1X2,Home,1.96,0.609160802367769,0.5102040816326531,0.09895672073511597,False,-10.0,Segunda Division,2
Accrington vs Burton,1X2,Home,1.97,0.6201997879081784,0.5076142131979695,0.11258557471020891,False,-10.0,League One,3
Northampton vs Hartlepool,1X2,Home,1.81,0.6055480680009552,0.5524861878453039,0.053061880155651275,True,8.100000000000001,League Two,4
Utrecht vs Cambuur,O/U,Under,2.64,0.4823107526431224,0.3787878787878788,0.10352287385524361,True,16.400000000000002,Eredivisie,1
Eibar vs Tenerife,O/U,Over,2.53,0.508531534706373,0.3952569169960475,0.11327461771032554,True,15.299999999999997,Segunda Division,2
Eibar vs Tenerife,1X2,Home,2.08,0.5996401518580542,0.4807692307692307,0.11887092108882347,True,10.8,Segunda Division,2
Mirandes vs Sp Gijon,1X2,Home,2.62,0.49936855548896897,0.38167938931297707,0.1176891661759919,False,-10.0,Segunda Division,2
Holstein Kiel vs Braunschweig,O/U,Under,2.18,0.5217259620987708,0.4587155963302752,0.06301036576849556,False,-10.0,2. Bundesliga,2
AFC Wimbledon vs Doncaster,1X2,Away,3.71,0.3390215184988987,0.2695417789757412,0.0694797395231575,False,-10.0,League Two,4
Bielefeld vs Hamburg,1X2,Away,1.99,0.5927116859354884,0.5025125628140703,0.09019912312141809,True,9.9,2. Bundesliga,2
Guingamp vs Paris FC,O/U,Over,2.09,0.5527660358363315,0.47846889952153115,0.0742971363148004,False,-10.0,Ligue 2,2
Guingamp vs Paris FC,1X2,Home,2.47,0.6125309459211763,0.4048582995951417,0.2076726463260346,False,-10.0,Ligue 2,2
Alanyaspor vs Besiktas,1X2,Home,2.81,0.509165697775377,0.35587188612099646,0.15329381165438055,False,-10.0,Super Lig,1
Guimaraes vs Estoril,1X2,Home,2.02,0.6150760904838068,0.49504950495049505,0.1200265855333118,True,10.2,Liga Portugal,1
Auxerre vs Angers,O/U,Over,2.11,0.5586507674208663,0.47393364928909953,0.08471711813176674,True,11.099999999999998,Ligue 1,1
Auxerre vs Angers,1X2,Home,2.23,0.6849026563996908,0.4484304932735426,0.23647216312614822,False,-10.0,Ligue 1,1
Ajaccio vs Lens,O/U,Over,2.22,0.5369553353644181,0.4504504504504504,0.08650488491396768,False,-10.0,Ligue 1,1
Ajaccio vs Lens,1X2,Home,3.16,0.5400567365647166,0.3164556962025316,0.22360104036218503,False,-10.0,Ligue 1,1
Valencia vs Girona,1X2,Away,4.35,0.4152227774572864,0.2298850574712644,0.18533771998602203,False,-10.0,La Liga,1
St Pauli vs Magdeburg,O/U,Under,2.56,0.47774421213365936,0.390625,0.08711921213365936,False,-10.0,2. Bundesliga,2
Kasimpasa vs Fenerbahce,1X2,Away,2.12,0.5982275424184591,0.4716981132075471,0.12652942921091198,True,11.200000000000001,Super Lig,1
Cartagena vs Ponferradina,O/U,Over,2.29,0.5246528886916808,0.4366812227074236,0.08797166598425721,True,12.9,Segunda Division,2
Gillingham vs Harrogate,1X2,Away,3.36,0.371288631533931,0.2976190476190476,0.07366958391488337,True,23.599999999999998,League Two,4
Mansfield vs AFC Wimbledon,O/U,Over,2.03,0.5355982186206901,0.4926108374384237,0.042987381182266415,True,10.299999999999997,League Two,4
Mansfield vs AFC Wimbledon,1X2,Home,1.79,0.6172998945068865,0.5586592178770949,0.058640676629791555,True,7.9,League Two,4
Swansea vs Millwall,O/U,Over,2.27,0.5209932183197377,0.44052863436123346,0.0804645839585042,True,12.7,Championship,2
Barnsley vs Bristol Rvs,1X2,Away,3.65,0.5582457868324167,0.273972602739726,0.28427318409269065,False,-10.0,League One,3
Stoke vs Middlesbrough,1X2,Home,2.64,0.4598929814540936,0.3787878787878788,0.08110510266621479,False,-10.0,Championship,2
Norwich vs Millwall,1X2,Away,4.1,0.40521018904033657,0.24390243902439027,0.1613077500159463,False,-10.0,Championship,2
Magdeburg vs Hannover,O/U,Under,2.65,0.4733464467346705,0.37735849056603776,0.09598795616863276,False,-10.0,2. Bundesliga,2
Wolfsburg vs Schalke 04,1X2,Away,4.1,0.4558696463574674,0.24390243902439027,0.21196720733307714,False,-10.0,Bundesliga,1
Preston vs Watford,O/U,Over,2.33,0.5245483845357688,0.4291845493562232,0.09536383517954561,False,-10.0,Championship,2
Preston vs Watford,1X2,Home,2.67,0.6044837030976082,0.37453183520599254,0.2299518678916157,False,-10.0,Championship,2
QPR vs Rotherham,1X2,Away,3.6,0.3984133472255631,0.2777777777777778,0.1206355694477853,False,-10.0,Championship,2
Reading vs Middlesbrough,1X2,Home,3.35,0.4277470050006875,0.29850746268656714,0.12923954231412038,True,23.5,Championship,2
Ross County vs Kilmarnock,1X2,Away,3.13,0.4400735586403799,0.3194888178913738,0.1205847407490061,False,-10.0,Premiership,1
Crewe vs Northampton,1X2,Away,2.3,0.49655575270987584,0.4347826086956522,0.061773144014223624,False,-10.0,League Two,4
Doncaster vs Salford,1X2,Home,3.16,0.41353518861126515,0.3164556962025316,0.09707949240873354,True,21.6,League Two,4
Mansfield vs Stockport,1X2,Home,2.24,0.6156586923276097,0.4464285714285714,0.16923012089903833,True,12.400000000000002,League Two,4
Caen vs Guingamp,1X2,Away,3.17,0.3979866172172324,0.31545741324921134,0.08252920396802105,False,-10.0,Ligue 2,2
Laval vs Metz,1X2,Home,2.79,0.44081142779716553,0.35842293906810035,0.08238848872906518,False,-10.0,Ligue 2,2
Genoa vs Benevento,1X2,Away,4.25,0.34866173458504246,0.23529411764705882,0.11336761693798364,False,-10.0,Serie B,2
Oxford vs Morecambe,O/U,Under,2.14,0.5446075084988985,0.4672897196261682,0.07731778887273028,True,11.400000000000002,League One,3
Milton Keynes Dons vs Accrington,1X2,Away,3.59,0.34574565904963955,0.2785515320334262,0.06719412701621336,False,-10.0,League One,3
Forest Green vs Plymouth,1X2,Home,2.58,0.5070250284370503,0.38759689922480617,0.11942812921224416,False,-10.0,League One,3
Barnsley vs Wycombe,1X2,Away,3.15,0.39223397639716784,0.31746031746031744,0.0747736589368504,True,21.5,League One,3
PAOK vs Panetolikos,O/U,Under,1.95,0.6244952334905254,0.5128205128205129,0.1116747206700125,True,9.5,Super League,1
Genk vs Cercle Brugge,1X2,Home,1.59,0.7502477776362029,0.6289308176100629,0.12131696002614001,True,5.9,Jupiler Pro League,1
Everton vs Nott'm Forest,1X2,Away,4.05,0.42903029365994627,0.2469135802469136,0.18211671341303268,False,-10.0,Premier League,1
Sassuolo vs Lecce,1X2,Away,4.24,0.3667445860417299,0.23584905660377356,0.13089552943795632,False,-10.0,Serie A,1
FC Emmen vs Utrecht,1X2,Home,3.12,0.5636449555700822,0.3205128205128205,0.24313213505726172,True,21.200000000000003,Eredivisie,1
Hansa Rostock vs St Pauli,O/U,Under,2.16,0.5272235900466133,0.4629629629629629,0.06426062708365043,True,11.600000000000001,2. Bundesliga,2
Buyuksehyr vs Kayserispor,1X2,Home,1.56,0.7405256846163017,0.641025641025641,0.09950004359066078,True,5.6000000000000005,Super Lig,1
Heidenheim vs Bielefeld,1X2,Home,2.07,0.6012844172450346,0.48309178743961356,0.118192629805421,False,-10.0,2. Bundesliga,2
Cagliari vs Cittadella,1X2,Away,4.0,0.3400586684577549,0.25,0.0900586684577549,False,-10.0,Serie B,2
Standard vs Oud-Heverlee Leuven,O/U,Under,2.22,0.5434353397179261,0.4504504504504504,0.09298488926747572,False,-10.0,Jupiler Pro League,1
Toulouse vs Lorient,1X2,Home,2.02,0.633916613229525,0.49504950495049505,0.13886710827902993,False,-10.0,Ligue 1,1
Montpellier vs Auxerre,1X2,Away,3.42,0.6161507622284346,0.29239766081871343,0.32375310140972113,True,24.2,Ligue 1,1
West Ham vs Brighton,1X2,Away,3.14,0.45410272940326774,0.3184713375796178,0.13563139182364992,True,21.400000000000002,Premier League,1
Sociedad vs Barcelona,1X2,Home,3.38,0.4184785140883365,0.2958579881656805,0.12262052592265599,False,-10.0,La Liga,1
Club Brugge vs Kortrijk,1X2,Home,1.31,0.8755117801843675,0.7633587786259541,0.11215300155841335,True,3.1000000000000005,Jupiler Pro League,1
Ein Frankfurt vs FC Koln,1X2,Away,3.49,0.4374006808104105,0.28653295128939826,0.15086772952101224,False,-10.0,Bundesliga,1
Elche vs Almeria,1X2,Away,3.01,0.4611355481559466,0.33222591362126247,0.12890963453468413,False,-10.0,La Liga,1
Grenoble vs Bordeaux,1X2,Home,3.03,0.4145334348958968,0.33003300330033003,0.08450043159556675,False,-10.0,Ligue 2,2
Fenerbahce vs Ad. Demirspor,1X2,Home,1.72,0.753759832460204,0.5813953488372093,0.1723644836229946,True,7.199999999999999,Super Lig,1
Malaga vs Las Palmas,1X2,Away,2.82,0.4550668509509582,0.3546099290780142,0.10045692187294403,True,18.2,Segunda Division,2
Girona vs Getafe,1X2,Home,2.81,0.5797774768949694,0.35587188612099646,0.22390559077397293,True,18.1,La Liga,1
Ionikos vs Levadeiakos,1X2,Home,2.09,0.6310843033452564,0.47846889952153115,0.1526154038237253,False,-10.0,Super League,1
Girona vs Celta,1X2,Home,2.77,0.5179158943799156,0.36101083032490977,0.15690506405500582,False,-10.0,La Liga,1
Ajaccio vs Lille,O/U,Over,2.38,0.5006826853595766,0.42016806722689076,0.08051461813268584,True,13.799999999999999,Ligue 1,1
Ajaccio vs Lille,1X2,Home,3.46,0.5362689363212525,0.28901734104046245,0.24725159528079005,False,-10.0,Ligue 1,1
Spal vs Cagliari,1X2,Home,2.8,0.47133539649334133,0.35714285714285715,0.11419253935048418,True,18.0,Serie B,2
Lens vs Rennes,1X2,Home,2.54,0.5715675686238457,0.39370078740157477,0.17786678122227095,True,15.4,Ligue 1,1
Mainz vs Leverkusen,O/U,Under,2.34,0.5274229591392934,0.4273504273504274,0.10007253178886599,False,-10.0,Bundesliga,1
Southampton vs Man United,O/U,Under,2.39,0.5099445051748174,0.41841004184100417,0.09153446333381321,True,13.900000000000002,Premier League,1
Brentford vs Everton,O/U,Over,2.04,0.5710989448589718,0.49019607843137253,0.08090286642759931,False,-10.0,Premier League,1
Brighton vs Leeds,1X2,Home,1.91,0.6048677725595492,0.5235602094240838,0.08130756313546539,True,9.1,Premier League,1
Hertha vs Dortmund,O/U,Under,2.66,0.4942985080027147,0.37593984962406013,0.11835865837865456,True,16.6,Bundesliga,1
Sunderland vs Norwich,1X2,Home,3.11,0.5626737766529843,0.3215434083601286,0.24113036829285572,False,-10.0,Championship,2
Watford vs QPR,1X2,Away,4.12,0.34956320684196396,0.24271844660194175,0.10684476024002221,True,31.200000000000003,Championship,2
Valenciennes vs St Etienne,1X2,Home,2.7,0.4601025866684886,0.37037037037037035,0.08973221629811823,False,-10.0,Ligue 2,2
Almeria vs Sevilla,O/U,Over,2.25,0.5405226435224801,0.4444444444444444,0.09607819907803572,True,12.5,La Liga,1
Levante vs Tenerife,O/U,Over,2.2,0.5170326043821357,0.45454545454545453,0.06248714983668119,False,-10.0,Segunda Division,2
Stockport vs Swindon,1X2,Away,4.12,0.3832576588326015,0.24271844660194175,0.14053921223065974,False,-10.0,League Two,4
Spezia vs Sassuolo,O/U,Under,2.32,0.5121885989665125,0.4310344827586207,0.08115411620789176,False,-10.0,Serie A,1
AEK vs Volos NFC,O/U,Under,2.3,0.5207944912229278,0.4347826086956522,0.08601188252727554,True,12.999999999999998,Super League,1
Accrington vs Exeter,1X2,Home,2.66,0.44266185032114663,0.37593984962406013,0.0667220006970865,False,-10.0,League One,3
Derby vs Peterboro,1X2,Away,3.72,0.3918517889547617,0.26881720430107525,0.12303458465368644,False,-10.0,League One,3
Ipswich vs Barnsley,O/U,Over,2.01,0.5487458700148251,0.49751243781094534,0.05123343220387977,True,10.099999999999998,League One,3
Ipswich vs Barnsley,1X2,Home,1.63,0.6539484835044559,0.6134969325153374,0.04045155098911846,False,-10.0,League One,3
Bristol Rvs vs Shrewsbury,O/U,Over,2.06,0.5889681414141843,0.4854368932038835,0.1035312482103008,False,-10.0,League One,3
Bristol Rvs vs Shrewsbury,1X2,Home,2.48,0.6462990877371748,0.40322580645161293,0.24307328128556188,False,-10.0,League One,3
Bradford vs Crewe,O/U,Over,1.95,0.561502559799104,0.5128205128205129,0.04868204697859113,False,-10.0,League Two,4
Bradford vs Crewe,1X2,Home,1.81,0.6353532504623084,0.5524861878453039,0.0828670626170045,False,-10.0,League Two,4
Wigan vs Burnley,1X2,Home,3.14,0.44428660320500046,0.3184713375796178,0.12581526562538264,False,-10.0,Championship,2
Ibiza vs Alaves,1X2,Home,3.06,0.40989015097887027,0.32679738562091504,0.08309276535795523,False,-10.0,Segunda Division,2
Lecce vs Empoli,1X2,Home,2.39,0.6240667434767868,0.41841004184100417,0.20565670163578265,False,-10.0,Serie A,1
PAOK vs Atromitos,O/U,Under,1.84,0.6789159672142665,0.5434782608695652,0.13543770634470131,False,-10.0,Super League,1
Werder Bremen vs Ein Frankfurt,1X2,Home,2.51,0.6135611076777696,0.39840637450199207,0.21515473317577755,False,-10.0,Bundesliga,1
Cittadella vs Venezia,1X2,Home,2.26,0.5354061490145736,0.4424778761061947,0.0929282729083789,False,-10.0,Serie B,2
Kaiserslautern vs Magdeburg,O/U,Under,2.52,0.4670908986047282,0.3968253968253968,0.07026550177933139,False,-10.0,2. Bundesliga,2
Trabzonspor vs Galatasaray,1X2,Home,2.34,0.5478072603588894,0.4273504273504274,0.120456833008462,False,-10.0,Super Lig,1
Pisa vs Genoa,1X2,Home,3.38,0.4230494033239487,0.2958579881656805,0.1271914151582682,False,-10.0,Serie B,2
Gent vs Antwerp,1X2,Home,1.95,0.599779646102779,0.5128205128205129,0.08695913328226612,False,-10.0,Jupiler Pro League,1
Salernitana vs Sampdoria,1X2,Home,2.47,0.6032784543627601,0.4048582995951417,0.19842015476761837,True,14.700000000000003,Serie A,1
Burnley vs Millwall,1X2,Away,4.38,0.3109522663385021,0.22831050228310504,0.08264176405539705,False,-10.0,Championship,2
Fulham vs Brighton,1X2,Home,3.21,0.4398579929078801,0.3115264797507788,0.12833151315710128,True,22.1,Premier League,1
Rodez vs Metz,O/U,Over,2.43,0.47849807489013485,0.4115226337448559,0.06697544114527892,True,14.3,Ligue 2,2
Guingamp vs Sochaux,O/U,Over,2.32,0.4972982487800425,0.4310344827586207,0.06626376602142175,True,13.2,Ligue 2,2
Guingamp vs Sochaux,1X2,Home,2.57,0.49104396040419956,0.38910505836575876,0.1019389020384408,False,-10.0,Ligue 2,2
Montpellier vs Ajaccio,1X2,Away,3.63,0.4173462549636427,0.27548209366391185,0.14186416129973084,False,-10.0,Ligue 1,1
Leicester vs Man United,1X2,Home,3.41,0.5129921799577016,0.29325513196480935,0.2197370479928923,False,-10.0,Premier League,1
Bologna vs Salernitana,1X2,Away,4.26,0.4110635938157523,0.2347417840375587,0.17632180977819362,False,-10.0,Serie A,1
Leganes vs Eibar,O/U,Over,2.61,0.47729763914394285,0.3831417624521073,0.09415587669183556,True,16.099999999999998,Segunda Division,2
Leganes vs Eibar,1X2,Away,3.07,0.44947274189395503,0.32573289902280134,0.1237398428711537,False,-10.0,Segunda Division,2
Club Brugge vs Cercle Brugge,1X2,Home,1.59,0.7765597270338207,0.6289308176100629,0.14762890942375784,True,5.9,Jupiler Pro League,1
For Sittard vs Utrecht,O/U,Under,2.36,0.5056240616273328,0.42372881355932207,0.08189524806801068,False,-10.0,Eredivisie,1
West Brom vs Burnley,1X2,Home,2.17,0.5635600179341168,0.4608294930875576,0.1027305248465592,False,-10.0,Championship,2
Quevilly Rouen vs Niort,1X2,Home,2.3,0.5509732763259616,0.4347826086956522,0.11619066763030939,False,-10.0,Ligue 2,2
Fiorentina vs Juventus,1X2,Home,3.06,0.4965833175064395,0.32679738562091504,0.1697859318855245,False,-10.0,Serie A,1
Ascoli vs Cittadella,1X2,Home,2.28,0.5692242428749082,0.4385964912280702,0.13062775164683804,False,-10.0,Serie B,2
Alaves vs Las Palmas,1X2,Away,3.36,0.4258021826742977,0.2976190476190476,0.12818313505525009,False,-10.0,Segunda Division,2
Ponferradina vs Sp Gijon,1X2,Home,2.67,0.4930143806736589,0.37453183520599254,0.11848254546766634,False,-10.0,Segunda Division,2
Greuther Furth vs St Pauli,O/U,Under,2.39,0.5140621938571859,0.41841004184100417,0.09565215201618171,False,-10.0,2. Bundesliga,2
Fenerbahce vs Kayserispor,1X2,Home,1.4,0.7966398017188582,0.7142857142857143,0.08235408743314387,True,3.999999999999999,Super Lig,1
Reggina vs Palermo,1X2,Away,3.38,0.4324631990741019,0.2958579881656805,0.13660521090842143,False,-10.0,Serie B,2
Brescia vs Perugia,1X2,Home,1.94,0.5976453833477273,0.5154639175257733,0.08218146582195407,True,9.399999999999999,Serie B,2
Carlisle vs Rochdale,1X2,Home,2.15,0.52364073372127,0.46511627906976744,0.05852445465150252,False,-10.0,League Two,4
Bradford vs Walsall,1X2,Home,2.0,0.5657898847503793,0.5,0.06578988475037928,True,10.0,League Two,4
Forest Green vs Shrewsbury,O/U,Over,2.17,0.5121564275469804,0.4608294930875576,0.051326934459422824,False,-10.0,League One,3
Forest Green vs Shrewsbury,1X2,Home,2.64,0.49790011815696456,0.3787878787878788,0.11911223936908577,False,-10.0,League One,3
Bristol Rvs vs Morecambe,1X2,Home,1.97,0.6241461805186087,0.5076142131979695,0.1165319673206392,False,-10.0,League One,3
Stockport vs AFC Wimbledon,1X2,Away,4.45,0.2942389373448018,0.2247191011235955,0.06951983622120628,False,-10.0,League Two,4
Rotherham vs Watford,1X2,Home,3.3,0.5494893446545124,0.30303030303030304,0.24645904162420934,False,-10.0,Championship,2
Wolfsburg vs FC Koln,1X2,Away,3.49,0.4452353083280349,0.28653295128939826,0.1587023570386366,True,24.900000000000002,Bundesliga,1
Darmstadt vs Bielefeld,1X2,Home,1.65,0.6904990498696002,0.6060606060606061,0.08443844380899412,False,-10.0,2. Bundesliga,2
Man United vs Arsenal,1X2,Away,2.67,0.6292835850312899,0.37453183520599254,0.25475174982529736,False,-10.0,Premier League,1
Reims vs Lens,1X2,Away,2.26,0.5650051175719928,0.4424778761061947,0.12252724146579808,False,-10.0,Ligue 1,1
Aris vs PAOK,1X2,Home,2.47,0.5993221483837217,0.4048582995951417,0.19446384878857997,False,-10.0,Super League,1
Hull vs Sheffield United,1X2,Away,1.91,0.6521643303991456,0.5235602094240838,0.1286041209750618,True,9.1,Championship,2
Nice vs Monaco,1X2,Home,2.78,0.48853146719497886,0.3597122302158274,0.12881923697915149,False,-10.0,Ligue 1,1
Chaves vs Rio Ave,O/U,Over,2.25,0.5298548724805577,0.4444444444444444,0.08541042803611332,False,-10.0,Liga Portugal,1
Salernitana vs Empoli,1X2,Home,2.27,0.5976219981202431,0.44052863436123346,0.15709336375900962,False,-10.0,Serie A,1
Oviedo vs Levante,O/U,Over,2.48,0.4971152083442805,0.40322580645161293,0.09388940189266759,False,-10.0,Segunda Division,2
Oviedo vs Levante,1X2,Home,2.73,0.4877196865208978,0.3663003663003663,0.12141932022053153,False,-10.0,Segunda Division,2
Las Palmas vs Leganes,1X2,Home,1.95,0.5666479309949107,0.5128205128205129,0.053827418174397845,True,9.5,Segunda Division,2
Alanyaspor vs Ankaragucu,1X2,Home,1.71,0.6860115475871997,0.5847953216374269,0.10121622594977286,True,7.1,Super Lig,1
Volendam vs Go Ahead Eagles,1X2,Home,2.53,0.5414828001597463,0.3952569169960475,0.14622588316369878,False,-10.0,Eredivisie,1
Hertha vs Leverkusen,O/U,Under,2.52,0.5438178634972965,0.3968253968253968,0.14699246667189975,False,-10.0,Bundesliga,1
RB Leipzig vs Dortmund,O/U,Under,2.45,0.5050147064522013,0.4081632653061224,0.09685144114607885,False,-10.0,Bundesliga,1
FC Koln vs Union Berlin,O/U,Over,1.9,0.6071143219379969,0.5263157894736842,0.08079853246431268,False,-10.0,Bundesliga,1
Monaco vs Lyon,1X2,Away,2.7,0.49486619215828115,0.37037037037037035,0.1244958217879108,False,-10.0,Ligue 1,1
Magdeburg vs Greuther Furth,O/U,Under,2.5,0.4836179227151445,0.4,0.08361792271514445,False,-10.0,2. Bundesliga,2
Spal vs Venezia,1X2,Home,2.42,0.5872778615048702,0.4132231404958678,0.17405472100900238,True,14.2,Serie B,2
Eibar vs Granada,1X2,Home,2.64,0.5235815741168002,0.3787878787878788,0.1447936953289214,True,16.400000000000002,Segunda Division,2
Almeria vs Osasuna,1X2,Home,2.68,0.5524258951139409,0.3731343283582089,0.179291566755732,False,-10.0,La Liga,1
AFC Wimbledon vs Northampton,1X2,Away,2.89,0.42869465735107515,0.3460207612456747,0.08267389610540044,True,18.900000000000002,League Two,4
Blackburn vs Watford,1X2,Home,2.95,0.4265214627585326,0.3389830508474576,0.08753841191107498,True,19.5,Championship,2
Swansea vs Sheffield United,1X2,Away,2.18,0.542100670585249,0.4587155963302752,0.08338507425497382,True,11.8,Championship,2
Plymouth vs Oxford,1X2,Away,3.63,0.3627870844318425,0.27548209366391185,0.08730499076793063,False,-10.0,League One,3
Preston vs Burnley,1X2,Home,3.1,0.4668641867230279,0.3225806451612903,0.14428354156173756,False,-10.0,Championship,2
Tranmere vs Bradford,1X2,Away,2.86,0.42205642112710856,0.3496503496503497,0.07240607147675887,True,18.599999999999998,League Two,4
Rotherham vs Blackpool,1X2,Home,2.29,0.5474425538299066,0.4366812227074236,0.11076133112248299,True,12.9,Championship,2
Antwerp vs Seraing,O/U,Under,2.3,0.5182391510700675,0.4347826086956522,0.08345654237441524,False,-10.0,Jupiler Pro League,1
Brescia vs Benevento,1X2,Home,2.23,0.5559095949442824,0.4484304932735426,0.10747910167073976,True,12.3,Serie B,2
For Sittard vs Excelsior,1X2,Away,3.87,0.38548794635843436,0.25839793281653745,0.12709001354189692,False,-10.0,Eredivisie,1
Mechelen vs Oud-Heverlee Leuven,O/U,Under,2.56,0.4752498052309807,0.390625,0.0846248052309807,True,15.600000000000001,Jupiler Pro League,1
Tottenham vs Leicester,1X2,Home,1.49,0.7528428814374362,0.6711409395973155,0.0817019418401207,True,4.9,Premier League,1
Northampton vs Rochdale,1X2,Home,1.79,0.5892115540715219,0.5586592178770949,0.030552336194426988,True,7.9,League Two,4
Ascoli vs Parma,1X2,Home,3.07,0.4622587370192928,0.32573289902280134,0.13652583799649148,False,-10.0,Serie B,2
Watford vs Sunderland,1X2,Away,3.72,0.37798418220848296,0.26881720430107525,0.1091669779074077,False,-10.0,Championship,2
Bristol Rvs vs Lincoln,O/U,Over,1.92,0.5730299467687856,0.5208333333333334,0.05219661343545223,True,9.2,League One,3
Bristol Rvs vs Lincoln,1X2,Home,2.57,0.5708462716372202,0.38910505836575876,0.18174121327146148,False,-10.0,League One,3
Cambridge vs Barnsley,1X2,Home,2.72,0.4468776338405527,0.3676470588235294,0.0792305750170233,False,-10.0,League One,3
Guingamp vs St Etienne,O/U,Over,2.1,0.5410255063728564,0.47619047619047616,0.06483503018238024,True,11.0,Ligue 2,2
Guingamp vs St Etienne,1X2,Home,2.28,0.5413518046317817,0.4385964912280702,0.10275531340371147,True,12.799999999999997,Ligue 2,2
Leverkusen vs Werder Bremen,O/U,Under,2.69,0.4632383302534453,0.3717472118959108,0.09149111835753448,True,16.9,Bundesliga,1
Bradford vs Stevenage,1X2,Home,2.46,0.46938941278679097,0.4065040650406504,0.06288534774614057,True,14.6,League Two,4
Greuther Furth vs Paderborn,O/U,Under,2.62,0.45548255927409076,0.38167938931297707,0.07380316996111369,False,-10.0,2. Bundesliga,2
Nantes vs Lens,1X2,Away,2.25,0.5965585523408243,0.4444444444444444,0.1521141078963799,False,-10.0,Ligue 1,1
Union Berlin vs Wolfsburg,1X2,Home,2.02,0.6410127603737059,0.49504950495049505,0.14596325542321087,True,10.2,Bundesliga,1
Santander vs Las Palmas,1X2,Away,2.37,0.5094423968910968,0.42194092827004215,0.08750146862105468,False,-10.0,Segunda Division,2
Genk vs Gent,1X2,Home,2.19,0.580169271936253,0.4566210045662101,0.12354826737004293,True,11.899999999999999,Jupiler Pro League,1
Bradford vs AFC Wimbledon,1X2,Home,1.81,0.5888567119483816,0.5524861878453039,0.03637052410307773,False,-10.0,League Two,4
Northampton vs Stockport,1X2,Home,2.47,0.5156568787597059,0.4048582995951417,0.1107985791645642,True,14.700000000000003,League Two,4
Burgos vs Levante,1X2,Home,3.38,0.3892431995071569,0.2958579881656805,0.09338521134147643,False,-10.0,Segunda Division,2
Cartagena vs Alaves,1X2,Home,2.68,0.4770236736674245,0.3731343283582089,0.10388934530921556,False,-10.0,Segunda Division,2
Hannover vs Hamburg,1X2,Home,3.45,0.3750801902241836,0.2898550724637681,0.08522511776041547,False,-10.0,2. Bundesliga,2
Cosenza vs Como,1X2,Home,2.65,0.46039505190969554,0.37735849056603776,0.08303656134365778,True,16.5,Serie B,2
Andorra vs Levante,1X2,Home,3.42,0.41923547492597313,0.29239766081871343,0.1268378141072597,True,24.2,Segunda Division,2
Rodez vs Amiens,1X2,Home,2.9,0.44179315275219433,0.3448275862068966,0.09696556654529775,False,-10.0,Ligue 2,2
Getafe vs Valladolid,1X2,Away,3.45,0.4442558483113247,0.2898550724637681,0.15440077584755657,True,24.5,La Liga,1
Burton vs Forest Green,1X2,Away,3.98,0.3169312983457429,0.25125628140703515,0.06567501693870775,False,-10.0,League One,3
Leyton Orient vs Newport County,1X2,Home,1.79,0.6024370844644209,0.5586592178770949,0.043777866587325964,False,-10.0,League Two,4
Rochdale vs Doncaster,1X2,Away,2.99,0.39082766742615394,0.33444816053511706,0.05637950689103688,True,19.900000000000002,League Two,4
Stockport vs Walsall,1X2,Away,4.14,0.30739520651397556,0.24154589371980678,0.06584931279416878,False,-10.0,League Two,4
Ross County vs Hibernian,O/U,Over,2.14,0.5473539632619628,0.4672897196261682,0.08006424363579462,False,-10.0,Premiership,1
Ross County vs Hibernian,1X2,Away,2.09,0.6018124180696443,0.47846889952153115,0.1233435185481131,True,10.899999999999999,Premiership,1
Fulham vs Newcastle,1X2,Home,3.04,0.4795841315370716,0.32894736842105265,0.15063676311601892,False,-10.0,Premier League,1
Napoli vs Torino,1X2,Home,1.6,0.7794542200983161,0.625,0.1544542200983161,True,6.000000000000001,Serie A,1
Man City vs Man United,1X2,Home,1.35,0.8598596210400307,0.7407407407407407,0.11911888029928996,True,3.500000000000001,Premier League,1
Leganes vs Albacete,1X2,Away,4.09,0.3270739279969539,0.24449877750611249,0.08257515049084141,True,30.9,Segunda Division,2
For Sittard vs Volendam,O/U,Under,2.62,0.47987980674265285,0.38167938931297707,0.09820041742967578,True,16.200000000000003,Eredivisie,1
Waalwijk vs Sparta Rotterdam,1X2,Home,2.2,0.5861955183359802,0.45454545454545453,0.13165006379052563,False,-10.0,Eredivisie,1
Magdeburg vs Regensburg,O/U,Under,2.32,0.5205240548258322,0.4310344827586207,0.08948957206721148,True,13.2,2. Bundesliga,2
Hertha vs Hoffenheim,O/U,Under,2.38,0.5135977789058401,0.42016806722689076,0.09342971167894937,True,13.799999999999999,Bundesliga,1
Gent vs Cercle Brugge,1X2,Home,1.62,0.7056166191102315,0.6172839506172839,0.08833266849294763,False,-10.0,Jupiler Pro League,1
AEK vs Ionikos,O/U,Under,2.22,0.5407009482085907,0.4504504504504504,0.09025049775814031,False,-10.0,Super League,1
Hartlepool vs Doncaster,1X2,Away,2.83,0.419323046514679,0.35335689045936397,0.06596615605531503,False,-10.0,League Two,4
Watford vs Swansea,1X2,Away,3.93,0.33677789389593205,0.2544529262086514,0.08232496768728065,True,29.3,Championship,2
Groningen vs Waalwijk,1X2,Away,3.03,0.4540984885104686,0.33003300330033003,0.12406548521013855,True,20.299999999999997,Eredivisie,1
Brescia vs Cittadella,1X2,Home,1.96,0.5694632296104571,0.5102040816326531,0.05925914797780407,False,-10.0,Serie B,2
Ascoli vs Modena,1X2,Home,2.18,0.5436655369409145,0.4587155963302752,0.08494994061063926,False,-10.0,Serie B,2
Waregem vs Oud-Heverlee Leuven,O/U,Under,2.41,0.5130158225789967,0.41493775933609955,0.09807806324289714,False,-10.0,Jupiler Pro League,1
Milan vs Juventus,O/U,Over,2.11,0.6189267002455671,0.47393364928909953,0.14499305095646753,False,-10.0,Serie A,1
Milan vs Juventus,1X2,Home,2.11,0.7403635728049031,0.47393364928909953,0.2664299235158035,True,11.099999999999998,Serie A,1
Getafe vs Real Madrid,O/U,Over,1.8,0.6374785188579226,0.5555555555555556,0.08192296330236704,False,-10.0,La Liga,1
Sheffield Weds vs Cheltenham,O/U,Under,2.08,0.5496558793437323,0.4807692307692307,0.06888664857450155,False,-10.0,League One,3
Hibernian vs Motherwell,O/U,Over,2.09,0.5949162653351434,0.47846889952153115,0.11644736581361226,False,-10.0,Premiership,1
Hibernian vs Motherwell,1X2,Home,1.79,0.6659984149363821,0.5586592178770949,0.10733919705928718,True,7.9,Premiership,1
Oxford vs Wycombe,1X2,Home,2.23,0.5174933124680153,0.4484304932735426,0.06906281919447271,False,-10.0,League One,3
Bradford vs Stockport,1X2,Home,2.42,0.4667699300711693,0.4132231404958678,0.05354678957530151,False,-10.0,League Two,4
Salernitana vs Verona,1X2,Home,2.45,0.5432076382700749,0.4081632653061224,0.1350443729639525,True,14.500000000000002,Serie A,1
Sudtirol vs Benevento,1X2,Home,2.94,0.4539906837356178,0.3401360544217687,0.1138546293138491,False,-10.0,Serie B,2
Stuttgart vs Union Berlin,O/U,Over,2.15,0.5456060745088606,0.46511627906976744,0.08048979543909313,False,-10.0,Bundesliga,1
Cartagena vs Leganes,O/U,Over,2.38,0.4942874619319169,0.42016806722689076,0.07411939470502615,True,13.799999999999999,Segunda Division,2
Cartagena vs Leganes,1X2,Home,2.25,0.5834785229880954,0.4444444444444444,0.13903407854365102,False,-10.0,Segunda Division,2
Vallecano vs Getafe,O/U,Over,2.54,0.48649454301337547,0.39370078740157477,0.0927937556118007,False,-10.0,La Liga,1
St Pauli vs Hamburg,1X2,Home,3.09,0.4038259265757236,0.3236245954692557,0.08020133110646788,True,20.9,2. Bundesliga,2
Tranmere vs Crewe,1X2,Home,1.99,0.5344833764575097,0.5025125628140703,0.031970813643439344,True,9.9,League Two,4
Accrington vs Derby,1X2,Home,3.14,0.3894791647106825,0.3184713375796178,0.07100782713106468,False,-10.0,League One,3
Lorient vs Reims,1X2,Home,2.27,0.5682694216821738,0.44052863436123346,0.1277407873209403,False,-10.0,Ligue 1,1
Swindon vs Colchester,1X2,Home,1.98,0.5465624735666785,0.5050505050505051,0.04151196851617345,True,9.8,League Two,4
Stockport vs Grimsby,1X2,Away,4.01,0.30218907913143256,0.24937655860349128,0.052812520527941276,True,30.099999999999998,League Two,4
Magdeburg vs Braunschweig,O/U,Under,2.4,0.4803572551206161,0.4166666666666667,0.06369058845394943,True,14.0,2. Bundesliga,2
Leyton Orient vs Northampton,1X2,Home,1.95,0.5488028962762518,0.5128205128205129,0.0359823834557389,False,-10.0,League Two,4
Fleetwood Town vs Shrewsbury,1X2,Home,2.38,0.4937186029545573,0.42016806722689076,0.07355053572766651,False,-10.0,League One,3
Ath Bilbao vs Ath Madrid,O/U,Over,2.14,0.5556488942011506,0.4672897196261682,0.08835917457498238,False,-10.0,La Liga,1
Ath Bilbao vs Ath Madrid,1X2,Home,2.47,0.5699973272362433,0.4048582995951417,0.1651390276411016,False,-10.0,La Liga,1
Mallorca vs Sevilla,1X2,Home,2.93,0.487437562812504,0.341296928327645,0.14614063448485898,False,-10.0,La Liga,1
Man United vs Newcastle,1X2,Away,3.65,0.4142334659024124,0.273972602739726,0.14026086316268638,False,-10.0,Premier League,1
Troyes vs Ajaccio,O/U,Over,2.33,0.5105156945106196,0.4291845493562232,0.08133114515439643,False,-10.0,Ligue 1,1
Union Berlin vs Dortmund,1X2,Home,2.98,0.49720245149541586,0.33557046979865773,0.16163198169675813,True,19.8,Bundesliga,1
Rennes vs Lyon,1X2,Home,2.3,0.5635447161810516,0.4347826086956522,0.1287621074853994,True,12.999999999999998,Ligue 1,1
Genk vs Westerlo,1X2,Home,1.59,0.7152527205822017,0.6289308176100629,0.08632190297213882,True,5.9,Jupiler Pro League,1
Getafe vs Ath Bilbao,O/U,Over,2.34,0.5215127008941354,0.4273504273504274,0.09416227354370799,True,13.399999999999999,La Liga,1
Sevilla vs Valencia,1X2,Away,3.22,0.464784845898049,0.3105590062111801,0.15422583968686893,False,-10.0,La Liga,1
Valladolid vs Celta,1X2,Home,2.89,0.48048013588268373,0.3460207612456747,0.13445937463700902,True,18.900000000000002,La Liga,1
Juventus vs Empoli,O/U,Under,2.22,0.5401608949196413,0.4504504504504504,0.08971044446919085,False,-10.0,Serie A,1
QPR vs Wigan,1X2,Home,1.98,0.5769479429825881,0.5050505050505051,0.07189743793208303,True,9.8,Championship,2
Salford vs Stockport,1X2,Home,2.75,0.4257899339314611,0.36363636363636365,0.06215357029509744,False,-10.0,League Two,4
Harrogate vs Tranmere,1X2,Away,2.36,0.4805572265532728,0.42372881355932207,0.05682841299395075,False,-10.0,League Two,4
Brescia vs Venezia,1X2,Home,2.26,0.552191769374373,0.4424778761061947,0.10971389326817826,False,-10.0,Serie B,2
Fenerbahce vs Buyuksehyr,1X2,Home,1.92,0.6460638857768464,0.5208333333333334,0.125230552443513,True,9.2,Super Lig,1
Accrington vs Bolton,O/U,Under,1.9,0.5765638892208668,0.5263157894736842,0.050248099747182584,False,-10.0,League One,3
Gent vs Seraing,O/U,Under,2.33,0.5190065935267545,0.4291845493562232,0.0898220441705313,False,-10.0,Jupiler Pro League,1
Lille vs Monaco,1X2,Home,2.43,0.5624992112438996,0.4115226337448559,0.15097657749904364,True,14.3,Ligue 1,1
Atalanta vs Lazio,O/U,Under,2.16,0.5511368458500706,0.4629629629629629,0.0881738828871077,True,11.600000000000001,Serie A,1
Karlsruhe vs Fortuna Dusseldorf,1X2,Home,2.33,0.559831912268697,0.4291845493562232,0.1306473629124738,False,-10.0,2. Bundesliga,2
Hamburg vs Magdeburg,O/U,Under,2.55,0.4641101553530911,0.3921568627450981,0.07195329260799299,False,-10.0,2. Bundesliga,2
Watford vs Luton,1X2,Away,3.33,0.38781898488504374,0.3003003003003003,0.08751868458474343,False,-10.0,Championship,2
Le Havre vs Metz,1X2,Home,1.98,0.614189827823324,0.5050505050505051,0.1091393227728189,True,9.8,Ligue 2,2
Sassuolo vs Verona,1X2,Home,1.96,0.6095838475309884,0.5102040816326531,0.0993797658983353,True,9.6,Serie A,1
Stockport vs Carlisle,1X2,Away,3.9,0.32438875856943916,0.25641025641025644,0.06797850215918272,False,-10.0,League Two,4
Fleetwood Town vs Forest Green,1X2,Home,1.98,0.5598844622593887,0.5050505050505051,0.05483395720888362,False,-10.0,League One,3
Cheltenham vs Morecambe,1X2,Home,2.09,0.5396534929042232,0.47846889952153115,0.061184593382692,True,10.899999999999999,League One,3
Bolton vs Burton,O/U,Under,2.02,0.5602520421936272,0.49504950495049505,0.06520253724313219,False,-10.0,League One,3
Ein Frankfurt vs Dortmund,1X2,Home,2.81,0.48132088441625664,0.35587188612099646,0.12544899829526018,False,-10.0,Bundesliga,1
Bristol City vs Swansea,1X2,Away,2.94,0.43862327775705834,0.3401360544217687,0.09848722333528964,False,-10.0,Championship,2
Cheltenham vs Milton Keynes Dons,1X2,Home,2.51,0.4811882907187487,0.39840637450199207,0.08278191621675662,False,-10.0,League One,3
Fleetwood Town vs Accrington,1X2,Home,2.27,0.503488663635819,0.44052863436123346,0.06296002927458555,True,12.7,League One,3
Leyton Orient vs Salford,1X2,Home,1.95,0.5450770227682773,0.5128205128205129,0.03225650994776441,True,9.5,League Two,4
Mansfield vs Swindon,1X2,Away,3.77,0.32542628259264184,0.26525198938992045,0.060174293202721385,True,27.7,League Two,4
Sevilla vs Vallecano,1X2,Away,3.99,0.41210549282691766,0.2506265664160401,0.16147892641087758,True,29.900000000000002,La Liga,1
Brighton vs Chelsea,1X2,Home,3.03,0.5343022740131331,0.33003300330033003,0.2042692707128031,True,20.299999999999997,Premier League,1
Paderborn vs Hamburg,1X2,Home,2.22,0.5669621963423178,0.4504504504504504,0.11651174589186741,False,-10.0,2. Bundesliga,2
Lorient vs Nice,1X2,Home,2.47,0.5586654661121013,0.4048582995951417,0.15380716651695964,False,-10.0,Ligue 1,1
Malaga vs Eibar,1X2,Home,3.22,0.3916739629126557,0.3105590062111801,0.08111495670147562,False,-10.0,Segunda Division,2
Plymouth vs Exeter,1X2,Home,1.97,0.5660183236872876,0.5076142131979695,0.05840411048931804,True,9.7,League One,3
Preston vs Swansea,1X2,Away,2.98,0.43965366663984373,0.33557046979865773,0.104083196841186,False,-10.0,Championship,2
Norwich vs QPR,1X2,Away,3.72,0.3689755990443373,0.26881720430107525,0.10015839474326205,False,-10.0,Championship,2
Villarreal B vs Oviedo,1X2,Home,2.82,0.48358528408586965,0.3546099290780142,0.12897535500785545,True,18.2,Segunda Division,2
Kasimpasa vs Ankaragucu,1X2,Home,2.48,0.5333004147580296,0.40322580645161293,0.13007460830641665,False,-10.0,Super Lig,1
Troyes vs Auxerre,1X2,Home,1.96,0.5917779302151654,0.5102040816326531,0.08157384858251238,False,-10.0,Ligue 1,1
Frosinone vs Perugia,1X2,Home,1.63,0.6932345865484015,0.6134969325153374,0.0797376540330641,True,6.299999999999999,Serie B,2
QPR vs West Brom,1X2,Home,2.57,0.5273268836143754,0.38910505836575876,0.13822182524861665,False,-10.0,Championship,2
Excelsior vs Heerenveen,O/U,Under,2.32,0.512143708309787,0.4310344827586207,0.08110922555116623,True,13.2,Eredivisie,1
Juventus vs Inter,1X2,Home,3.05,0.4662166551057132,0.3278688524590164,0.13834780264669677,True,20.5,Serie A,1
Las Palmas vs Eibar,1X2,Home,2.07,0.5745292307245942,0.48309178743961356,0.0914374432849806,False,-10.0,Segunda Division,2
Leverkusen vs Union Berlin,1X2,Away,3.43,0.4126933054661864,0.29154518950437314,0.12114811596181324,False,-10.0,Bundesliga,1
Chelsea vs Arsenal,1X2,Away,2.7,0.6060583764533909,0.37037037037037035,0.23568800608302054,True,17.0,Premier League,1
Nurnberg vs Magdeburg,O/U,Under,2.25,0.5144649983369731,0.4444444444444444,0.0700205538925287,False,-10.0,2. Bundesliga,2
Braunschweig vs Greuther Furth,1X2,Home,2.66,0.46808181041052466,0.37593984962406013,0.09214196078646453,False,-10.0,2. Bundesliga,2
Reggina vs Genoa,1X2,Home,3.07,0.4506549662781081,0.32573289902280134,0.12492206725530675,True,20.7,Serie B,2
Ein Frankfurt vs Hoffenheim,1X2,Home,1.93,0.6728966882637881,0.5181347150259068,0.15476197323788132,True,9.299999999999999,Bundesliga,1
Vallecano vs Celta,O/U,Over,2.2,0.54386304860952,0.45454545454545453,0.08931759406406542,False,-10.0,La Liga,1
Vallecano vs Celta,1X2,Home,2.17,0.6169848432715594,0.4608294930875576,0.15615535018400184,False,-10.0,La Liga,1
Lazio vs Monza,O/U,Under,2.14,0.5476737637348409,0.4672897196261682,0.08038404410867267,True,11.400000000000002,Serie A,1
Holstein Kiel vs Hannover,1X2,Home,1.95,0.5695204349007303,0.5128205128205129,0.05669992208021746,False,-10.0,2. Bundesliga,2
Venezia vs Reggina,1X2,Away,2.69,0.45875430900205677,0.3717472118959108,0.08700709710614596,True,16.9,Serie B,2
Newcastle vs Chelsea,1X2,Home,2.33,0.6672787105964049,0.4291845493562232,0.23809416124018168,True,13.3,Premier League,1
Grenoble vs Dijon,1X2,Home,2.56,0.4906196178364353,0.390625,0.09999461783643532,False,-10.0,Ligue 2,2
Grimsby vs Doncaster,1X2,Home,1.94,0.5480225481536922,0.5154639175257733,0.03255863062791897,False,-10.0,League Two,4
Braunschweig vs Hansa Rostock,1X2,Home,2.46,0.49696774716321446,0.4065040650406504,0.09046368212256406,False,-10.0,2. Bundesliga,2
Volendam vs Utrecht,O/U,Under,2.61,0.46560798381465673,0.3831417624521073,0.08246622136254944,False,-10.0,Eredivisie,1
Brighton vs Aston Villa,1X2,Home,1.86,0.6251135017422124,0.5376344086021505,0.08747909314006186,False,-10.0,Premier League,1
Olympiakos vs AEK,1X2,Away,3.12,0.5038445867296603,0.3205128205128205,0.18333176621683978,False,-10.0,Super League,1
Mainz vs Ein Frankfurt,1X2,Away,2.46,0.5296899321177246,0.4065040650406504,0.12318586707707424,False,-10.0,Bundesliga,1
Tranmere vs AFC Wimbledon,1X2,Home,1.96,0.546966557013084,0.5102040816326531,0.03676247538043098,False,-10.0,League Two,4
Fleetwood Town vs Bolton,1X2,Home,3.17,0.3893976682218083,0.31545741324921134,0.07394025497259699,False,-10.0,League One,3
Burton vs Plymouth,1X2,Home,2.76,0.4311189201697776,0.3623188405797102,0.0688000795900674,False,-10.0,League One,3
Cheltenham vs Wycombe,1X2,Home,3.4,0.4203803897842092,0.29411764705882354,0.12626274272538568,True,24.0,League One,3
Levante vs Las Palmas,1X2,Away,3.11,0.4205737586455983,0.3215434083601286,0.09903035028546969,False,-10.0,Segunda Division,2
Santander vs Burgos,1X2,Home,2.42,0.5029476907009984,0.4132231404958678,0.08972455020513065,False,-10.0,Segunda Division,2
Mirandes vs Cartagena,1X2,Home,2.87,0.42983806082443055,0.3484320557491289,0.08140600507530166,True,18.700000000000003,Segunda Division,2
Albacete vs Santander,1X2,Away,3.52,0.37798083855965253,0.2840909090909091,0.09388992946874342,False,-10.0,Segunda Division,2
Oviedo vs Mirandes,1X2,Away,3.86,0.38170399870458377,0.2590673575129534,0.12263664119163037,False,-10.0,Segunda Division,2
Las Palmas vs Tenerife,O/U,Over,2.66,0.4633320421497678,0.37593984962406013,0.08739219252570768,True,16.6,Segunda Division,2
Frosinone vs Cagliari,1X2,Home,1.97,0.6310161188300494,0.5076142131979695,0.12340190563207987,False,-10.0,Serie B,2
Lugo vs Levante,1X2,Home,3.44,0.3838244035161875,0.29069767441860467,0.09312672909758285,False,-10.0,Segunda Division,2
Bolton vs Bristol Rvs,O/U,Under,2.04,0.5412721220860215,0.49019607843137253,0.05107604365464896,True,10.4,League One,3
Milton Keynes Dons vs Burton,1X2,Away,3.03,0.4188717015574673,0.33003300330033003,0.08883869825713725,False,-10.0,League One,3
Mirandes vs Albacete,1X2,Home,2.7,0.5146897265558064,0.37037037037037035,0.144319356185436,True,17.0,Segunda Division,2
Sp Gijon vs Las Palmas,O/U,Over,2.47,0.4669578769634935,0.4048582995951417,0.06209957736835181,False,-10.0,Segunda Division,2
Derby vs Sheffield Weds,1X2,Home,3.05,0.3895977292705477,0.3278688524590164,0.061728876811531275,False,-10.0,League One,3
Carlisle vs Sutton,1X2,Home,2.32,0.5346888893317523,0.4310344827586207,0.10365440657313157,False,-10.0,League Two,4
Gillingham vs Salford,1X2,Home,3.38,0.4137744718512427,0.2958579881656805,0.11791648368556223,False,-10.0,League Two,4
Leyton Orient vs Bradford,1X2,Home,2.32,0.507310907727316,0.4310344827586207,0.0762764249686953,True,13.2,League Two,4
AFC Wimbledon vs Grimsby,1X2,Home,3.02,0.40572615352424923,0.33112582781456956,0.07460032570967967,True,20.2,League Two,4
Oviedo vs Las Palmas,1X2,Away,2.51,0.5144856021051887,0.39840637450199207,0.11607922760319661,False,-10.0,Segunda Division,2
Burton vs Derby,1X2,Home,3.15,0.3790838273520044,0.31746031746031744,0.06162350989168697,False,-10.0,League One,3
Villarreal B vs Tenerife,1X2,Home,3.01,0.4132466936456971,0.33222591362126247,0.08102078002443464,False,-10.0,Segunda Division,2
Swansea vs Norwich,1X2,Home,2.42,0.5005640357067325,0.4132231404958678,0.08734089521086469,False,-10.0,Championship,2
Millwall vs Wigan,1X2,Home,1.88,0.5822616810662906,0.5319148936170213,0.05034678744926935,False,-10.0,Championship,2
Las Palmas vs Albacete,1X2,Home,1.81,0.6318523659815959,0.5524861878453039,0.07936617813629199,False,-10.0,Segunda Division,2
Granada vs Burgos,O/U,Over,2.55,0.45510603461116184,0.3921568627450981,0.06294917186606375,False,-10.0,Segunda Division,2
Frosinone vs Pisa,1X2,Home,1.89,0.6062560779352172,0.5291005291005292,0.077155548834688,False,-10.0,Serie B,2
Reggina vs Bari,O/U,Over,2.26,0.5055340837925375,0.4424778761061947,0.06305620768634279,False,-10.0,Serie B,2
Genoa vs Frosinone,1X2,Away,4.07,0.39979950234364336,0.24570024570024568,0.1540992566433977,False,-10.0,Serie B,2
Coventry vs West Brom,1X2,Home,2.97,0.4377529192641909,0.33670033670033667,0.10105258256385424,True,19.700000000000003,Championship,2
Dundee United vs Hearts,1X2,Home,2.96,0.4846382083749524,0.33783783783783783,0.1468003705371146,False,-10.0,Premiership,1
Pau FC vs Paris FC,1X2,Home,3.25,0.4000261381857039,0.3076923076923077,0.09233383049339616,False,-10.0,Ligue 2,2
Frosinone vs Ternana,1X2,Home,1.76,0.6461419813333078,0.5681818181818182,0.07796016315148957,True,7.6,Serie B,2
Chelsea vs Bournemouth,O/U,Under,2.23,0.5346018999599664,0.4484304932735426,0.08617140668642381,True,12.3,Premier League,1
Kilmarnock vs Aberdeen,1X2,Home,3.0,0.4878541060957028,0.3333333333333333,0.15452077276236947,True,20.0,Premiership,1
Istanbulspor vs Kasimpasa,O/U,Under,2.22,0.5354661780568101,0.4504504504504504,0.08501572760635967,False,-10.0,Super Lig,1
Brest vs Lyon,O/U,Under,2.13,0.5495818559375303,0.4694835680751174,0.08009828786241291,False,-10.0,Ligue 1,1
Millwall vs Bristol City,1X2,Home,1.91,0.6041281979569082,0.5235602094240838,0.08056798853282443,False,-10.0,Championship,2
Huddersfield vs Rotherham,1X2,Home,2.11,0.573396433706219,0.47393364928909953,0.09946278441711942,True,11.099999999999998,Championship,2
Coventry vs Cardiff,1X2,Home,2.19,0.5964875321472535,0.4566210045662101,0.1398665275810434,False,-10.0,Championship,2
Bradford vs Harrogate,1X2,Away,4.35,0.3117517951679324,0.2298850574712644,0.081866737696668,False,-10.0,League Two,4
Bristol Rvs vs Exeter,1X2,Home,2.3,0.49507557875410185,0.4347826086956522,0.060292970058449635,False,-10.0,League One,3
Morecambe vs Accrington,1X2,Home,3.08,0.3891189622745126,0.3246753246753247,0.06444363759918792,True,20.8,League One,3
Stevenage vs Crawley Town,O/U,Under,1.94,0.5673896002982646,0.5154639175257733,0.05192568277249132,False,-10.0,League Two,4
Newport County vs Leyton Orient,1X2,Home,2.94,0.39302262083816786,0.3401360544217687,0.05288656641639916,False,-10.0,League Two,4
Rodez vs Dijon,1X2,Home,3.1,0.4130112766048018,0.3225806451612903,0.09043063144351149,True,21.0,Ligue 2,2
Villarreal vs Valencia,1X2,Away,4.09,0.37945444625373087,0.24449877750611249,0.13495566874761838,False,-10.0,La Liga,1
Newcastle vs Leeds,1X2,Home,1.47,0.8057254722734505,0.6802721088435374,0.1254533634299131,False,-10.0,Premier League,1
Walsall vs Mansfield,1X2,Home,2.51,0.46707041811327044,0.39840637450199207,0.06866404361127837,True,15.099999999999998,League Two,4
Lyon vs Clermont,O/U,Under,2.31,0.5346931618897504,0.4329004329004329,0.10179272898931746,True,13.100000000000001,Ligue 1,1
Coventry vs Bristol City,1X2,Home,1.98,0.5905154179328737,0.5050505050505051,0.08546491288236857,False,-10.0,Championship,2
Barnsley vs Bolton,1X2,Home,2.26,0.5172543956295704,0.4424778761061947,0.07477651952337572,False,-10.0,League One,3
Sheffield Weds vs Cambridge,O/U,Under,2.17,0.5486818713911893,0.4608294930875576,0.08785237830363168,False,-10.0,League One,3
Inter vs Napoli,1X2,Away,3.12,0.4664673019300632,0.3205128205128205,0.1459544814172427,False,-10.0,Serie A,1
Mansfield vs Barrow,1X2,Away,3.95,0.34861331212153734,0.2531645569620253,0.09544875515951207,True,29.5,League Two,4
Eupen vs Charleroi,1X2,Home,2.64,0.508805109974757,0.3787878787878788,0.13001723118687825,False,-10.0,Jupiler Pro League,1
Las Palmas vs Santander,O/U,Over,2.7,0.4553579090871429,0.37037037037037035,0.08498753871677256,False,-10.0,Segunda Division,2
Genk vs Club Brugge,1X2,Home,2.18,0.5835065101597232,0.4587155963302752,0.12479091382944801,True,11.8,Jupiler Pro League,1
Excelsior vs Groningen,O/U,Under,2.3,0.5210541725119145,0.4347826086956522,0.08627156381626233,True,12.999999999999998,Eredivisie,1
Cambuur vs Volendam,O/U,Under,2.29,0.5229282614413124,0.4366812227074236,0.08624703873388884,False,-10.0,Eredivisie,1
AEK vs Panathinaikos,O/U,Over,2.4,0.5106399493811267,0.4166666666666667,0.09397328271445998,False,-10.0,Super League,1
Vallecano vs Betis,1X2,Home,2.34,0.6167797536078812,0.4273504273504274,0.1894293262574538,False,-10.0,La Liga,1
Nantes vs Lyon,1X2,Home,3.31,0.427645457107036,0.3021148036253776,0.12553065348165837,False,-10.0,Ligue 1,1
Fulham vs Chelsea,1X2,Home,3.36,0.5631633914849192,0.2976190476190476,0.2655443438658716,True,23.599999999999998,Premier League,1
Frosinone vs Modena,O/U,Over,2.08,0.5564315051803512,0.4807692307692307,0.0756622744111205,True,10.8,Serie B,2
Charlton vs Barnsley,1X2,Away,2.55,0.46708674579975085,0.3921568627450981,0.07492988305465276,False,-10.0,League One,3
Girona vs Sevilla,1X2,Home,2.42,0.5408527276455046,0.4132231404958678,0.12762958714963685,True,14.2,La Liga,1
Brighton vs Liverpool,1X2,Home,3.31,0.43298381672660124,0.3021148036253776,0.13086901310122362,True,23.1,Premier League,1
Stockport vs Northampton,1X2,Home,1.82,0.5826915541515476,0.5494505494505494,0.03324100470099822,True,8.200000000000001,League Two,4
AFC Wimbledon vs Bradford,1X2,Home,2.79,0.4416989263016578,0.35842293906810035,0.08327598723355745,False,-10.0,League Two,4
Club Brugge vs Anderlecht,1X2,Home,1.95,0.6126574956987181,0.5128205128205129,0.0998369828782052,False,-10.0,Jupiler Pro League,1
St. Gilloise vs Antwerp,1X2,Home,2.13,0.6535353643510475,0.4694835680751174,0.18405179627593016,True,11.299999999999999,Jupiler Pro League,1
Atalanta vs Salernitana,O/U,Under,2.37,0.5138058368678267,0.42194092827004215,0.09186490859778451,False,-10.0,Serie A,1
Anderlecht vs Waregem,O/U,Under,2.36,0.5076027265066101,0.42372881355932207,0.08387391294728802,False,-10.0,Jupiler Pro League,1
Excelsior vs Volendam,O/U,Under,2.4,0.5204046512512928,0.4166666666666667,0.10373798458462608,True,14.0,Eredivisie,1
Coventry vs Norwich,1X2,Home,2.74,0.461261240681585,0.36496350364963503,0.09629773703194999,False,-10.0,Championship,2
Cittadella vs Cagliari,O/U,Over,2.44,0.4843299490855588,0.4098360655737705,0.07449388351178832,False,-10.0,Serie B,2
Feyenoord vs Ajax,1X2,Home,2.61,0.5662265138264138,0.3831417624521073,0.18308475137430646,False,-10.0,Eredivisie,1
Fulham vs Tottenham,1X2,Home,3.25,0.5094440392833637,0.3076923076923077,0.20175173159105597,False,-10.0,Premier League,1
Andorra vs Albacete,O/U,Over,2.51,0.4668733666618976,0.39840637450199207,0.06846699215990554,False,-10.0,Segunda Division,2
Colchester vs Salford,1X2,Home,2.77,0.4241598542806485,0.36101083032490977,0.06314902395573874,False,-10.0,League Two,4
Charleroi vs St. Gilloise,1X2,Away,2.04,0.6116004457608624,0.49019607843137253,0.12140436732948984,True,10.4,Jupiler Pro League,1
Mansfield vs Doncaster,O/U,Under,1.84,0.5859609959850683,0.5434782608695652,0.042482735115503156,False,-10.0,League Two,4
Mansfield vs Doncaster,1X2,Away,4.36,0.28511809805835353,0.2293577981651376,0.05576029989321593,False,-10.0,League Two,4
Westerlo vs Mechelen,1X2,Away,3.6,0.4238556649943588,0.2777777777777778,0.146077887216581,False,-10.0,Jupiler Pro League,1
Middlesbrough vs Watford,1X2,Home,1.93,0.5790828163564843,0.5181347150259068,0.06094810133057749,True,9.299999999999999,Championship,2
Las Palmas vs Huesca,O/U,Over,2.48,0.4893024485358297,0.40322580645161293,0.08607664208421678,False,-10.0,Segunda Division,2
Napoli vs Roma,1X2,Home,1.74,0.7539107508043528,0.5747126436781609,0.17919810712619189,True,7.4,Serie A,1
Milan vs Sassuolo,O/U,Under,2.53,0.47565741505854087,0.3952569169960475,0.08040049806249339,False,-10.0,Serie A,1
AEK vs Aris,O/U,Over,2.11,0.5573920243588736,0.47393364928909953,0.08345837506977405,True,11.099999999999998,Super League,1
Paris SG vs Reims,O/U,Under,2.68,0.4869595604207475,0.3731343283582089,0.11382523206253858,True,16.8,Ligue 1,1
Annecy vs Caen,1X2,Home,3.36,0.38505309096542306,0.2976190476190476,0.08743404334637545,True,23.599999999999998,Ligue 2,2
Bastia vs St Etienne,1X2,Home,3.03,0.45566182865641713,0.33003300330033003,0.1256288253560871,True,20.299999999999997,Ligue 2,2
Carlisle vs Barrow,1X2,Home,2.12,0.5296430727071748,0.4716981132075471,0.05794495949962769,True,11.200000000000001,League Two,4
Monaco vs Auxerre,O/U,Under,2.48,0.48619646578497844,0.40322580645161293,0.0829706593333655,False,-10.0,Ligue 1,1
Oxford vs Barnsley,1X2,Away,2.64,0.4768140820182756,0.3787878787878788,0.09802620323039679,True,16.400000000000002,League One,3
Caen vs Bastia,1X2,Away,3.84,0.38522177608311514,0.2604166666666667,0.12480510941644846,False,-10.0,Ligue 2,2
Modena vs Cagliari,O/U,Over,2.17,0.5249415904072671,0.4608294930875576,0.06411209731970946,False,-10.0,Serie B,2
Portsmouth vs Barnsley,1X2,Away,2.85,0.46769638833496885,0.3508771929824561,0.11681919535251273,False,-10.0,League One,3
Oxford vs Shrewsbury,1X2,Away,3.46,0.38638301366729255,0.28901734104046245,0.0973656726268301,True,24.6,League One,3
Forest Green vs Peterboro,O/U,Under,1.98,0.5563777452788579,0.5050505050505051,0.05132724022835278,True,9.8,League One,3
Fleetwood Town vs Burton,1X2,Away,3.31,0.38439604314854436,0.3021148036253776,0.08228123952316674,True,23.1,League One,3
Exeter vs Charlton,1X2,Home,2.34,0.4949128268367804,0.4273504273504274,0.06756239948635301,False,-10.0,League One,3
Volendam vs AZ Alkmaar,O/U,Under,2.6,0.4671899438380711,0.3846153846153846,0.08257455922268653,True,16.0,Eredivisie,1
Ath Madrid vs Getafe,O/U,Over,2.42,0.5039733863275055,0.4132231404958678,0.09075024583163777,False,-10.0,La Liga,1
Newcastle vs West Ham,1X2,Home,1.62,0.7154449510160006,0.6172839506172839,0.09816100039871667,False,-10.0,Premier League,1
Crewe vs Grimsby,1X2,Home,3.31,0.3603434113166507,0.3021148036253776,0.05822860769127308,False,-10.0,League Two,4
Colchester vs Barrow,1X2,Home,2.53,0.45875135670162814,0.3952569169960475,0.06349443970558066,False,-10.0,League Two,4
Sutton vs Stevenage,1X2,Home,3.16,0.36893916647403774,0.3164556962025316,0.05248347027150613,False,-10.0,League Two,4
Leyton Orient vs AFC Wimbledon,1X2,Away,4.42,0.3010525960113156,0.22624434389140272,0.0748082521199129,False,-10.0,League Two,4
Ponferradina vs Santander,1X2,Home,3.11,0.41105974773978066,0.3215434083601286,0.08951633937965203,False,-10.0,Segunda Division,2
Parma vs Genoa,1X2,Home,2.72,0.4482444659474988,0.3676470588235294,0.0805974071239694,True,17.200000000000003,Serie B,2
Mechelen vs Charleroi,1X2,Home,2.25,0.5845241403321204,0.4444444444444444,0.140079695887676,False,-10.0,Jupiler Pro League,1
Feyenoord vs PSV Eindhoven,1X2,Home,2.18,0.6285531332045058,0.4587155963302752,0.1698375368742306,False,-10.0,Eredivisie,1
Magdeburg vs Karlsruhe,1X2,Home,2.71,0.4921676350768885,0.36900369003690037,0.12316394503998812,False,-10.0,2. Bundesliga,2
Galatasaray vs Trabzonspor,1X2,Home,1.66,0.7197645295836669,0.6024096385542169,0.11735489102944996,True,6.6,Super Lig,1
Bielefeld vs Hansa Rostock,1X2,Home,2.24,0.526515116502895,0.4464285714285714,0.08008654507432356,False,-10.0,2. Bundesliga,2
Club Brugge vs St. Gilloise,1X2,Away,2.73,0.5779044808100897,0.3663003663003663,0.21160411450972344,False,-10.0,Jupiler Pro League,1
RB Leipzig vs Union Berlin,O/U,Over,2.12,0.5672562601080091,0.4716981132075471,0.095558146900462,True,11.200000000000001,Bundesliga,1
RB Leipzig vs Union Berlin,1X2,Home,1.74,0.6784251246532489,0.5747126436781609,0.103712480975088,False,-10.0,Bundesliga,1
Barrow vs Newport County,1X2,Away,3.13,0.39320757949428525,0.3194888178913738,0.07371876160291146,True,21.299999999999997,League Two,4
Shrewsbury vs Port Vale,1X2,Home,2.4,0.5005509759996835,0.4166666666666667,0.08388430933301677,True,14.0,League One,3
Milton Keynes Dons vs Oxford,1X2,Home,2.55,0.45403941159994754,0.3921568627450981,0.06188254885484945,False,-10.0,League One,3
West Ham vs Chelsea,1X2,Home,3.4,0.43231852778485425,0.29411764705882354,0.1382008807260307,False,-10.0,Premier League,1
Heidenheim vs Hamburg,1X2,Home,2.87,0.42916989170566433,0.3484320557491289,0.08073783595653544,False,-10.0,2. Bundesliga,2
Ascoli vs Perugia,O/U,Over,2.36,0.48945594252182684,0.42372881355932207,0.06572712896250477,False,-10.0,Serie B,2
Darmstadt vs Braunschweig,O/U,Under,2.15,0.5293524599402939,0.46511627906976744,0.06423618087052646,False,-10.0,2. Bundesliga,2
Getafe vs Vallecano,1X2,Away,2.92,0.46357122380081395,0.3424657534246575,0.12110547037615643,False,-10.0,La Liga,1
Colchester vs Walsall,1X2,Home,2.63,0.43187858364012277,0.3802281368821293,0.05165044675799346,False,-10.0,League Two,4
Crewe vs Hartlepool,1X2,Away,3.05,0.39005227915995655,0.3278688524590164,0.062183426700940125,False,-10.0,League Two,4
Newport County vs Stevenage,1X2,Home,3.0,0.3979982956983532,0.3333333333333333,0.0646649623650199,False,-10.0,League Two,4
Bradford vs Tranmere,1X2,Away,3.0,0.3891407806389531,0.3333333333333333,0.05580744730561976,False,-10.0,League Two,4
Carlisle vs Mansfield,1X2,Home,2.35,0.5074850063034064,0.425531914893617,0.0819530914097894,False,-10.0,League Two,4
Sheffield Weds vs Morecambe,O/U,Under,2.19,0.5075890599211372,0.4566210045662101,0.050968055354927155,False,-10.0,League One,3
Exeter vs Shrewsbury,1X2,Away,3.24,0.3755185759789137,0.30864197530864196,0.06687660067027174,False,-10.0,League One,3
Portsmouth vs Burton,1X2,Away,4.48,0.2903148612193379,0.2232142857142857,0.06710057550505222,False,-10.0,League One,3
West Brom vs Blackburn,1X2,Home,1.69,0.6630503591909326,0.591715976331361,0.07133438285957161,False,-10.0,Championship,2
Arsenal vs Man City,1X2,Home,2.93,0.5125846363843058,0.341296928327645,0.17128770805666083,False,-10.0,Premier League,1
Bastia vs Guingamp,1X2,Home,2.37,0.534929034149829,0.42194092827004215,0.1129881058797868,False,-10.0,Ligue 2,2
Regensburg vs Hannover,1X2,Home,2.81,0.47829606906150557,0.35587188612099646,0.12242418294050911,False,-10.0,2. Bundesliga,2
Rochdale vs Gillingham,1X2,Home,3.15,0.37122962976499374,0.31746031746031744,0.0537693123046763,False,-10.0,League Two,4
St. Gilloise vs Standard,1X2,Home,1.54,0.8128711943851041,0.6493506493506493,0.1635205450344548,False,-10.0,Jupiler Pro League,1
Oostende vs Charleroi,O/U,Under,2.18,0.5491665964630135,0.4587155963302752,0.09045100013273827,True,11.8,Jupiler Pro League,1
AFC Wimbledon vs Hartlepool,1X2,Away,4.19,0.2903130568652342,0.2386634844868735,0.05164957237836068,False,-10.0,League Two,4
Carlisle vs Colchester,1X2,Home,2.02,0.5450498211409711,0.49504950495049505,0.05000031619047607,True,10.2,League Two,4
Newcastle vs Liverpool,1X2,Home,2.57,0.5537096102170178,0.38910505836575876,0.16460455185125905,False,-10.0,Premier League,1
Leganes vs Las Palmas,1X2,Away,3.08,0.4181071051875935,0.3246753246753247,0.0934317805122688,False,-10.0,Segunda Division,2
Nott'm Forest vs Man City,O/U,Under,2.28,0.533790467595669,0.4385964912280702,0.09519397636759874,True,12.799999999999997,Premier League,1
St Mirren vs Ross County,1X2,Home,1.98,0.6154199667950715,0.5050505050505051,0.11036946174456641,True,9.8,Premiership,1
Cercle Brugge vs Club Brugge,1X2,Home,3.35,0.435971002014959,0.29850746268656714,0.13746353932839184,False,-10.0,Jupiler Pro League,1
Barcelona vs Cadiz,O/U,Under,2.52,0.4881708074524763,0.3968253968253968,0.09134541062707952,True,15.2,La Liga,1
Heidenheim vs Nurnberg,1X2,Home,1.89,0.5932763865927042,0.5291005291005292,0.06417585749217503,True,8.899999999999999,2. Bundesliga,2
PAOK vs AEK,O/U,Over,2.47,0.4956909644556411,0.4048582995951417,0.0908326648604994,False,-10.0,Super League,1
Modena vs Genoa,1X2,Home,3.33,0.4476210309510502,0.3003003003003003,0.1473207306507499,False,-10.0,Serie B,2
Sheffield United vs Watford,1X2,Home,1.9,0.5837616333920176,0.5263157894736842,0.057445843918333406,True,9.0,Championship,2
Olympiakos vs Panathinaikos,O/U,Over,2.61,0.5261600295660618,0.3831417624521073,0.1430182671139545,False,-10.0,Super League,1
Olympiakos vs Panathinaikos,1X2,Home,1.99,0.644146135964493,0.5025125628140703,0.1416335731504227,False,-10.0,Super League,1
Holstein Kiel vs Paderborn,1X2,Home,2.71,0.47054099737628147,0.36900369003690037,0.1015373073393811,False,-10.0,2. Bundesliga,2
Mirandes vs Leganes,1X2,Home,3.02,0.4380046244198498,0.33112582781456956,0.10687879660528021,False,-10.0,Segunda Division,2
Darmstadt vs Hamburg,1X2,Home,2.66,0.5507563506798974,0.37593984962406013,0.17481650105583724,False,-10.0,2. Bundesliga,2
Colchester vs Northampton,1X2,Home,3.03,0.4142030570674885,0.33003300330033003,0.08417005376715847,False,-10.0,League Two,4
Mansfield vs Salford,1X2,Home,1.99,0.5514742785254723,0.5025125628140703,0.048961715711401954,False,-10.0,League Two,4
Grimsby vs Leyton Orient,1X2,Home,3.05,0.37958294664772424,0.3278688524590164,0.051714094188707815,False,-10.0,League Two,4
Hartlepool vs Walsall,1X2,Home,3.34,0.368193389809371,0.29940119760479045,0.06879219220458055,False,-10.0,League Two,4
Hannover vs Magdeburg,O/U,Under,2.31,0.5016943881366854,0.4329004329004329,0.06879395523625254,False,-10.0,2. Bundesliga,2
Marseille vs Paris SG,1X2,Home,2.74,0.631141698516256,0.36496350364963503,0.266178194866621,False,-10.0,Ligue 1,1
Oud-Heverlee Leuven vs Antwerp,1X2,Home,3.45,0.4187471987357763,0.2898550724637681,0.1288921262720082,False,-10.0,Jupiler Pro League,1
Club Brugge vs Gent,1X2,Away,3.3,0.4547872911699239,0.30303030303030304,0.15175698813962085,False,-10.0,Jupiler Pro League,1
Almeria vs Barcelona,O/U,Under,2.4,0.5271201338457268,0.4166666666666667,0.11045346717906007,True,14.0,La Liga,1
Oviedo vs Albacete,1X2,Away,3.11,0.4037862530337154,0.3215434083601286,0.08224284467358678,False,-10.0,Segunda Division,2
Amiens vs Bordeaux,1X2,Home,2.84,0.44154567674239764,0.35211267605633806,0.08943300068605958,False,-10.0,Ligue 2,2
Juventus vs Torino,O/U,Over,2.49,0.5062365075813526,0.4016064257028112,0.10463008187854145,True,14.900000000000002,Serie A,1
Perugia vs Como,O/U,Over,2.16,0.5402565679393122,0.4629629629629629,0.0772936049763493,False,-10.0,Serie B,2
Napoli vs Lazio,1X2,Home,1.66,0.7516947536811847,0.6024096385542169,0.14928511512696774,False,-10.0,Serie A,1
Oostende vs Club Brugge,O/U,Under,2.27,0.5563998030988666,0.44052863436123346,0.11587116873763315,False,-10.0,Jupiler Pro League,1
Mainz vs Hoffenheim,1X2,Home,1.93,0.5981907325064588,0.5181347150259068,0.08005601748055202,True,9.299999999999999,Bundesliga,1
Fiorentina vs Milan,1X2,Home,2.86,0.4999908665654733,0.3496503496503497,0.15034051691512362,True,18.599999999999998,Serie A,1
Oud-Heverlee Leuven vs Waregem,O/U,Under,2.18,0.5541329027390355,0.4587155963302752,0.09541730640876028,False,-10.0,Jupiler Pro League,1
Brighton vs West Ham,1X2,Home,1.79,0.7033452953794213,0.5586592178770949,0.14468607750232632,True,7.9,Premier League,1
Mirandes vs Oviedo,1X2,Home,2.66,0.45996723261146466,0.37593984962406013,0.08402738298740453,True,16.6,Segunda Division,2
Bastia vs Nimes,1X2,Home,1.87,0.5868019349624367,0.53475935828877,0.05204257667366674,True,8.700000000000001,Ligue 2,2
Paris SG vs Nantes,O/U,Under,2.48,0.5049787369497897,0.40322580645161293,0.10175293049817674,False,-10.0,Ligue 1,1
Almeria vs Villarreal,1X2,Home,3.43,0.41996057219149385,0.29154518950437314,0.12841538268712072,False,-10.0,La Liga,1
Besiktas vs Ankaragucu,O/U,Under,2.37,0.5195816228824841,0.42194092827004215,0.09764069461244196,False,-10.0,Super Lig,1
Sutton vs Crawley Town,O/U,Over,2.02,0.5378998186427961,0.49504950495049505,0.04285031369230108,True,10.2,League Two,4
Magdeburg vs Paderborn,1X2,Home,2.68,0.47159411502457044,0.3731343283582089,0.09845978666636152,False,-10.0,2. Bundesliga,2
Valenciennes vs Bastia,O/U,Over,2.53,0.4600223246699672,0.3952569169960475,0.0647654076739197,True,15.299999999999997,Ligue 2,2
Stevenage vs Walsall,O/U,Over,2.45,0.45427026879202964,0.4081632653061224,0.04610700348590724,True,14.500000000000002,League Two,4
Pacos Ferreira vs Santa Clara,1X2,Home,2.44,0.562823909526023,0.4098360655737705,0.1529878439522525,True,14.399999999999999,Liga Portugal,1
Bournemouth vs Liverpool,O/U,Under,2.31,0.5176107502738178,0.4329004329004329,0.08471031737338486,True,13.100000000000001,Premier League,1
Shrewsbury vs Morecambe,O/U,Over,2.16,0.5150516452212037,0.4629629629629629,0.052088682258240815,True,11.600000000000001,League One,3
Lecce vs Torino,O/U,Over,2.7,0.45052633627752825,0.37037037037037035,0.0801559659071579,False,-10.0,Serie A,1
Anderlecht vs Cercle Brugge,1X2,Away,3.39,0.4254354027115791,0.2949852507374631,0.13045015197411597,False,-10.0,Jupiler Pro League,1
Club Brugge vs Standard,O/U,Under,2.16,0.5446553648993679,0.4629629629629629,0.08169240193640503,True,11.600000000000001,Jupiler Pro League,1
Santander vs Huesca,1X2,Home,2.48,0.5089393986431072,0.40322580645161293,0.10571359219149429,False,-10.0,Segunda Division,2
Metz vs Le Havre,1X2,Home,2.26,0.5487269911107229,0.4424778761061947,0.10624911500452816,False,-10.0,Ligue 2,2
Morecambe vs Charlton,1X2,Home,3.13,0.3817273159753478,0.3194888178913738,0.062238498083974025,False,-10.0,League One,3
Rotherham vs Preston,1X2,Home,2.7,0.46189760547560577,0.37037037037037035,0.09152723510523542,False,-10.0,Championship,2
Brighton vs Crystal Palace,O/U,Over,1.89,0.6095402784556386,0.5291005291005292,0.08043974935510945,False,-10.0,Premier League,1
Brighton vs Crystal Palace,1X2,Home,1.46,0.7850128142786801,0.684931506849315,0.10008130742936505,True,4.6,Premier League,1
Heidenheim vs Karlsruhe,1X2,Home,2.19,0.5370939550914131,0.4566210045662101,0.08047295052520304,True,11.899999999999999,2. Bundesliga,2
M'gladbach vs Werder Bremen,O/U,Under,2.39,0.5016490852493637,0.41841004184100417,0.08323904340835953,False,-10.0,Bundesliga,1
Udinese vs Milan,1X2,Home,3.43,0.5053072959454301,0.29154518950437314,0.21376210644105698,True,24.3,Serie A,1
Carlisle vs Stevenage,O/U,Over,2.27,0.5126802388126648,0.44052863436123346,0.07215160445143132,False,-10.0,League Two,4
Carlisle vs Stevenage,1X2,Home,2.47,0.4982205237823504,0.4048582995951417,0.09336222418720869,False,-10.0,League Two,4
Kortrijk vs Club Brugge,O/U,Under,2.38,0.5064210955286298,0.42016806722689076,0.08625302830173903,True,13.799999999999999,Jupiler Pro League,1
Tenerife vs Las Palmas,1X2,Away,3.12,0.4219808256297702,0.3205128205128205,0.1014680051169497,False,-10.0,Segunda Division,2
Ascoli vs Venezia,1X2,Home,2.48,0.4837210398184921,0.40322580645161293,0.08049523336687919,False,-10.0,Serie B,2
Cittadella vs Perugia,O/U,Over,2.51,0.4918657134455474,0.39840637450199207,0.09345933894355535,False,-10.0,Serie B,2
Sudtirol vs Spal,O/U,Over,2.53,0.4577173260015988,0.3952569169960475,0.06246040900555133,False,-10.0,Serie B,2
Greuther Furth vs Magdeburg,O/U,Under,2.27,0.5086211699360801,0.44052863436123346,0.06809253557484662,False,-10.0,2. Bundesliga,2
Stoke vs Norwich,1X2,Home,2.49,0.5358448265784643,0.4016064257028112,0.13423840087565314,False,-10.0,Championship,2
Lincoln vs Peterboro,1X2,Home,3.11,0.4452619751897673,0.3215434083601286,0.12371856682963867,False,-10.0,League One,3
Cambridge vs Charlton,1X2,Home,2.71,0.47437319116508614,0.36900369003690037,0.10536950112818577,False,-10.0,League One,3
Reims vs Marseille,1X2,Home,2.95,0.49995831335778285,0.3389830508474576,0.16097526251032523,False,-10.0,Ligue 1,1
AEK vs Panathinaikos,O/U,Over,2.49,0.5330223654315023,0.4016064257028112,0.1314159397286911,False,-10.0,Super League,1
AEK vs Panathinaikos,1X2,Home,1.84,0.6289309487008559,0.5434782608695652,0.08545268783129067,False,-10.0,Super League,1
Nice vs Lorient,1X2,Home,1.68,0.6804139443688304,0.5952380952380952,0.08517584913073517,False,-10.0,Ligue 1,1
Getafe vs Sevilla,O/U,Over,2.66,0.47525659592737424,0.37593984962406013,0.09931674630331411,False,-10.0,La Liga,1
Stevenage vs Salford,1X2,Away,3.97,0.30441943516680947,0.2518891687657431,0.052530266401066394,True,29.700000000000003,League Two,4
Ponferradina vs Mirandes,1X2,Away,3.77,0.34728853946279525,0.26525198938992045,0.0820365500728748,False,-10.0,Segunda Division,2
Villarreal B vs Huesca,1X2,Home,2.43,0.513831615746775,0.4115226337448559,0.10230898200191912,False,-10.0,Segunda Division,2
Las Palmas vs Sp Gijon,O/U,Over,2.49,0.4873907373185297,0.4016064257028112,0.08578431161571853,False,-10.0,Segunda Division,2
Malaga vs Leganes,1X2,Home,3.1,0.4125686225547539,0.3225806451612903,0.08998797739346359,True,21.0,Segunda Division,2
Genoa vs Reggina,O/U,Over,2.31,0.5069524873539402,0.4329004329004329,0.07405205445350727,False,-10.0,Serie B,2
Elche vs Barcelona,O/U,Under,2.14,0.5477976550226177,0.4672897196261682,0.08050793539644946,False,-10.0,La Liga,1
Kaiserslautern vs Heidenheim,1X2,Away,2.76,0.4450432925424197,0.3623188405797102,0.0827244519627095,False,-10.0,2. Bundesliga,2
Bastia vs Sochaux,1X2,Home,2.6,0.4958370331107202,0.3846153846153846,0.11122164849533561,True,16.0,Ligue 2,2
Perugia vs Frosinone,1X2,Home,3.32,0.4163754164520919,0.30120481927710846,0.11517059717498346,False,-10.0,Serie B,2
Ascoli vs Brescia,O/U,Over,2.46,0.46679729481918686,0.4065040650406504,0.06029322977853646,True,14.6,Serie B,2
Northampton vs Stevenage,1X2,Home,2.55,0.4879000296868186,0.3921568627450981,0.09574316694172053,False,-10.0,League Two,4
Derby vs Ipswich,1X2,Away,2.15,0.5600843427647453,0.46511627906976744,0.09496806369497784,True,11.5,League One,3
PAOK vs AEK,O/U,Over,2.48,0.5412293138365065,0.40322580645161293,0.1380035073848936,False,-10.0,Super League,1
Porto vs Portimonense,O/U,Under,2.49,0.49806798535433683,0.4016064257028112,0.09646155965152564,True,14.900000000000002,Liga Portugal,1
Napoli vs Milan,O/U,Over,2.02,0.6249070043250708,0.49504950495049505,0.1298574993745758,True,10.2,Serie A,1
Napoli vs Milan,1X2,Home,1.76,0.8123615460211544,0.5681818181818182,0.24417972783933617,False,-10.0,Serie A,1
Perugia vs Reggina,1X2,Home,2.17,0.5424037354984996,0.4608294930875576,0.08157424241094202,False,-10.0,Serie B,2
Olympiakos vs PAOK,O/U,Over,2.42,0.5166539255602649,0.4132231404958678,0.10343078506439712,True,14.2,Super League,1
Crewe vs Barrow,1X2,Home,3.35,0.3619053076261483,0.29850746268656714,0.06339784493958117,True,23.5,League Two,4
Crawley Town vs Bradford,1X2,Home,3.32,0.3581253447181426,0.30120481927710846,0.05692052544103415,False,-10.0,League Two,4
Salford vs Leyton Orient,O/U,Over,2.18,0.5046538834276064,0.4587155963302752,0.04593828709733122,False,-10.0,League Two,4
Stoke vs Bristol City,1X2,Home,1.81,0.6250698307153231,0.5524861878453039,0.07258364287001917,False,-10.0,Championship,2
Blackburn vs Norwich,1X2,Home,2.87,0.42928320999934494,0.3484320557491289,0.08085115425021605,False,-10.0,Championship,2
Exeter vs Bolton,1X2,Home,2.83,0.48781714590019043,0.35335689045936397,0.13446025544082646,False,-10.0,League One,3
Benfica vs Porto,1X2,Home,1.92,0.6816147913264297,0.5208333333333334,0.1607814579930963,False,-10.0,Liga Portugal,1
Sutton vs Stockport,1X2,Home,3.14,0.3951766063470562,0.3184713375796178,0.07670526876743838,False,-10.0,League Two,4
Tottenham vs Brighton,1X2,Away,2.69,0.566188747531716,0.3717472118959108,0.19444153563580518,False,-10.0,Premier League,1
Santander vs Albacete,O/U,Over,2.57,0.45076125791483335,0.38910505836575876,0.061656199549074586,True,15.7,Segunda Division,2
Leverkusen vs Ein Frankfurt,1X2,Home,1.85,0.6472438613854472,0.5405405405405405,0.10670332084490675,True,8.5,Bundesliga,1
Oud-Heverlee Leuven vs Mechelen,O/U,Under,2.21,0.5353956348691722,0.45248868778280543,0.08290694708636676,False,-10.0,Jupiler Pro League,1
Charleroi vs Waregem,O/U,Under,2.34,0.516307166916756,0.4273504273504274,0.08895673956632866,False,-10.0,Jupiler Pro League,1
Celtic vs Rangers,1X2,Away,4.43,0.3487304885699729,0.22573363431151244,0.12299685425846046,False,-10.0,Premiership,1
Reims vs Brest,1X2,Home,1.62,0.7258830239467084,0.6172839506172839,0.10859907332942453,False,-10.0,Ligue 1,1
Almeria vs Valencia,1X2,Home,3.03,0.45406876283617426,0.33003300330033003,0.12403575953584423,True,20.299999999999997,La Liga,1
Sivasspor vs Buyuksehyr,O/U,Over,2.44,0.5359909219636025,0.4098360655737705,0.12615485638983204,False,-10.0,Super Lig,1
Peterboro vs Exeter,1X2,Away,4.44,0.2897132623857004,0.2252252252252252,0.06448803716047519,False,-10.0,League One,3
Birmingham vs Stoke,O/U,Over,2.31,0.4949401512183964,0.4329004329004329,0.06203971831796351,False,-10.0,Championship,2
Birmingham vs Stoke,1X2,Away,2.27,0.5391986017975385,0.44052863436123346,0.09866996743630507,False,-10.0,Championship,2
Coventry vs Watford,1X2,Home,2.32,0.5200479241896141,0.4310344827586207,0.08901344143099338,False,-10.0,Championship,2
Barnsley vs Shrewsbury,O/U,Over,2.09,0.5641277455159449,0.47846889952153115,0.08565884599441376,True,10.899999999999999,League One,3
Barnsley vs Shrewsbury,1X2,Home,1.58,0.6819121636718118,0.6329113924050632,0.04900077126674862,True,5.800000000000001,League One,3
Barcelona vs Girona,O/U,Under,2.33,0.5285175003500923,0.4291845493562232,0.09933295099386907,True,13.3,La Liga,1
Bologna vs Milan,1X2,Home,3.12,0.4428850132451975,0.3205128205128205,0.12237219273237704,False,-10.0,Serie A,1
Oostende vs Oud-Heverlee Leuven,O/U,Under,2.63,0.4788685064556317,0.3802281368821293,0.09864036957350242,False,-10.0,Jupiler Pro League,1
Ein Frankfurt vs M'gladbach,O/U,Under,2.28,0.5443511524715658,0.4385964912280702,0.10575466124349564,True,12.799999999999997,Bundesliga,1
Napoli vs Verona,1X2,Home,1.53,0.7569568480668727,0.6535947712418301,0.10336207682504261,False,-10.0,Serie A,1
Rennes vs Reims,1X2,Away,3.18,0.4900564721971611,0.31446540880503143,0.17559106339212965,False,-10.0,Ligue 1,1
Bastia vs Annecy,O/U,Over,2.17,0.5230442426868425,0.4608294930875576,0.06221474959928486,True,11.7,Ligue 2,2
Watford vs Bristol City,1X2,Away,3.9,0.34215085969559034,0.25641025641025644,0.0857406032853339,False,-10.0,Championship,2
Crawley Town vs Tranmere,1X2,Home,2.55,0.4568740266419452,0.3921568627450981,0.06471716389684712,True,15.499999999999998,League Two,4
Nimes vs Le Havre,1X2,Home,3.44,0.41159633148611097,0.29069767441860467,0.1208986570675063,False,-10.0,Ligue 2,2
Stoke vs West Brom,O/U,Over,2.14,0.5290244644563029,0.4672897196261682,0.06173474483013469,True,11.400000000000002,Championship,2
Stoke vs West Brom,1X2,Home,2.32,0.5710708158073323,0.4310344827586207,0.1400363330487116,False,-10.0,Championship,2
Cosenza vs Cittadella,O/U,Over,2.56,0.4569658816301958,0.390625,0.0663408816301958,False,-10.0,Serie B,2
Cosenza vs Cittadella,1X2,Home,2.9,0.4447468441113541,0.3448275862068966,0.09991925790445755,False,-10.0,Serie B,2
Genk vs Anderlecht,O/U,Under,2.48,0.49886565575719277,0.40322580645161293,0.09563984930557984,False,-10.0,Jupiler Pro League,1
Leganes vs Villarreal B,1X2,Away,4.39,0.33302850182600635,0.22779043280182235,0.105238069024184,False,-10.0,Segunda Division,2
Marseille vs Troyes,O/U,Under,2.66,0.46530424139810345,0.37593984962406013,0.08936439177404332,False,-10.0,Ligue 1,1
Rio Ave vs Casa Pia,O/U,Over,2.69,0.4610100078443188,0.3717472118959108,0.08926279594840797,False,-10.0,Liga Portugal,1
Leeds vs Liverpool,O/U,Under,2.4,0.5007568244569656,0.4166666666666667,0.08409015779029888,False,-10.0,Premier League,1
Fiorentina vs Atalanta,1X2,Home,2.39,0.5449682811134756,0.41841004184100417,0.12655823927247145,False,-10.0,Serie A,1
Celta vs Mallorca,O/U,Over,2.64,0.46509666116755966,0.3787878787878788,0.08630878237968087,False,-10.0,La Liga,1
Sheffield United vs Bristol City,O/U,Under,1.98,0.5905891932733455,0.5050505050505051,0.08553868822284039,True,9.8,Championship,2
Crawley Town vs Colchester,1X2,Home,2.79,0.44803811148944017,0.35842293906810035,0.08961517242133982,False,-10.0,League Two,4
Carlisle vs Stockport,1X2,Home,3.06,0.38965421802607236,0.32679738562091504,0.06285683240515733,False,-10.0,League Two,4
Exeter vs Derby,1X2,Home,3.29,0.45359407404945445,0.303951367781155,0.14964270626829945,False,-10.0,League One,3
Burton vs Bolton,1X2,Home,3.31,0.47297245389042053,0.3021148036253776,0.1708576502650429,False,-10.0,League One,3
Konyaspor vs Ad. Demirspor,1X2,Away,2.71,0.49016255787345375,0.36900369003690037,0.12115886783655339,True,17.1,Super Lig,1
Sivasspor vs Trabzonspor,1X2,Home,2.73,0.5126157050132293,0.3663003663003663,0.146315338712863,True,17.3,Super Lig,1
Reggina vs Brescia,1X2,Away,4.12,0.3235536508755579,0.24271844660194175,0.08083520427361612,True,31.200000000000003,Serie B,2
Volendam vs Cambuur,O/U,Under,2.42,0.5078598974404029,0.4132231404958678,0.09463675694453516,True,14.2,Eredivisie,1
Barrow vs Carlisle,1X2,Home,2.89,0.407035848830163,0.3460207612456747,0.061015087584488314,False,-10.0,League Two,4
Hartlepool vs Crawley Town,1X2,Away,3.15,0.374153073998964,0.31746031746031744,0.05669275653864658,True,21.5,League Two,4
Dortmund vs Ein Frankfurt,1X2,Home,1.62,0.7082411065960783,0.6172839506172839,0.09095715597879439,True,6.200000000000001,Bundesliga,1
Mirandes vs Burgos,1X2,Home,2.4,0.49832853359225343,0.4166666666666667,0.08166186692558675,True,14.0,Segunda Division,2
Kortrijk vs St. Gilloise,O/U,Under,2.32,0.5132097358547785,0.4310344827586207,0.08217525309615775,False,-10.0,Jupiler Pro League,1
Montpellier vs Rennes,1X2,Home,3.16,0.5266807581665813,0.3164556962025316,0.21022506196404972,True,21.6,Ligue 1,1
Charleroi vs Genk,1X2,Home,3.5,0.45799966739218534,0.2857142857142857,0.17228538167789964,False,-10.0,Jupiler Pro League,1
Bolton vs Accrington,O/U,Under,2.04,0.5443119233349485,0.49019607843137253,0.05411584490357596,True,10.4,League One,3
Plymouth vs Bristol Rvs,O/U,Under,2.24,0.5466935275637953,0.4464285714285714,0.1002649561352239,True,12.400000000000002,League One,3
Santander vs Ibiza,O/U,Over,2.38,0.493331070990064,0.42016806722689076,0.07316300376317325,False,-10.0,Segunda Division,2
Peterboro vs Bristol Rvs,O/U,Under,2.29,0.5328963552222699,0.4366812227074236,0.09621513251484626,True,12.9,League One,3
Bastia vs Amiens,1X2,Home,1.93,0.6037766640030262,0.5181347150259068,0.08564194897711941,False,-10.0,Ligue 2,2
Stoke vs QPR,1X2,Home,1.98,0.6146224007918165,0.5050505050505051,0.10957189574131143,False,-10.0,Championship,2
Tenerife vs Leganes,1X2,Home,2.09,0.5765418726725393,0.47846889952153115,0.09807297315100816,True,10.899999999999999,Segunda Division,2
Ein Frankfurt vs Augsburg,O/U,Under,2.34,0.5240131244800511,0.4273504273504274,0.09666269712962372,True,13.399999999999999,Bundesliga,1
Caen vs Le Havre,1X2,Home,2.41,0.5248546848167883,0.41493775933609955,0.10991692548068877,False,-10.0,Ligue 2,2
Sheffield United vs Preston,O/U,Under,1.9,0.5914487027989009,0.5263157894736842,0.06513291332521676,False,-10.0,Championship,2
Barcelona vs Betis,O/U,Under,2.24,0.545152856499451,0.4464285714285714,0.0987242850708796,False,-10.0,La Liga,1
St Pauli vs Bielefeld,1X2,Home,1.76,0.6216191871745957,0.5681818181818182,0.05343736899277751,True,7.6,2. Bundesliga,2
Magdeburg vs Hamburg,1X2,Home,3.44,0.4554801657413254,0.29069767441860467,0.16478249132272071,True,24.4,2. Bundesliga,2
Espanol vs Getafe,O/U,Over,2.7,0.48340308598898474,0.37037037037037035,0.11303271561861439,False,-10.0,La Liga,1
Cardiff vs Huddersfield,1X2,Home,2.39,0.5241911341813466,0.41841004184100417,0.10578109234034239,False,-10.0,Championship,2
Porto vs Boavista,O/U,Under,2.51,0.5401311492695235,0.39840637450199207,0.14172477476753148,True,15.099999999999998,Liga Portugal,1
Sudtirol vs Genoa,O/U,Over,2.57,0.46012201933647356,0.38910505836575876,0.0710169609707148,False,-10.0,Serie B,2
Sudtirol vs Genoa,1X2,Away,2.05,0.5736270277436437,0.48780487804878053,0.08582214969486318,False,-10.0,Serie B,2
Blackburn vs Luton,O/U,Under,1.94,0.5852963195396943,0.5154639175257733,0.06983240201392105,True,9.399999999999999,Championship,2
Barcelona vs Osasuna,O/U,Under,2.6,0.5130312218149938,0.3846153846153846,0.12841583719960925,True,16.0,La Liga,1
Almeria vs Elche,O/U,Under,2.47,0.5187609336620991,0.4048582995951417,0.11390263406695739,False,-10.0,La Liga,1
Shrewsbury vs Bristol Rvs,1X2,Away,3.03,0.4036041093729338,0.33003300330033003,0.07357110607260375,False,-10.0,League One,3
Getafe vs Celta,O/U,Over,2.66,0.47653315934037965,0.37593984962406013,0.10059330971631952,False,-10.0,La Liga,1
Atalanta vs Spezia,O/U,Under,2.25,0.5275891698257328,0.4444444444444444,0.08314472538128836,False,-10.0,Serie A,1
Hamburg vs Paderborn,O/U,Under,2.67,0.45793343395946096,0.37453183520599254,0.08340159875346842,False,-10.0,2. Bundesliga,2
Waalwijk vs Volendam,O/U,Under,2.49,0.503126462532991,0.4016064257028112,0.1015200368301798,False,-10.0,Eredivisie,1
Pisa vs Frosinone,1X2,Away,4.1,0.3810679515123145,0.24390243902439027,0.13716551248792422,True,30.999999999999996,Serie B,2
Roma vs Inter,O/U,Over,2.29,0.5169863486707087,0.4366812227074236,0.0803051259632851,False,-10.0,Serie A,1
Tenerife vs Levante,1X2,Home,3.19,0.41890970946673267,0.31347962382445144,0.10543008564228123,True,21.9,Segunda Division,2
Nice vs Rennes,1X2,Home,2.58,0.5598849443808533,0.38759689922480617,0.17228804515604718,True,15.8,Ligue 1,1
M'gladbach vs Bochum,O/U,Under,2.31,0.53211733469024,0.4329004329004329,0.09921690178980713,True,13.100000000000001,Bundesliga,1
Augsburg vs Union Berlin,1X2,Home,3.41,0.4434520695638561,0.29325513196480935,0.15019693759904673,True,24.1,Bundesliga,1
Hoffenheim vs Ein Frankfurt,O/U,Under,2.2,0.541892370224522,0.45454545454545453,0.08734691567906744,False,-10.0,Bundesliga,1
Ad. Demirspor vs Alanyaspor,1X2,Home,1.54,0.7617655091802265,0.6493506493506493,0.11241485982957711,True,5.4,Super Lig,1
Darmstadt vs St Pauli,1X2,Away,3.33,0.3851529096877356,0.3003003003003003,0.08485260938743527,True,23.3,2. Bundesliga,2
Barnsley vs Peterboro,1X2,Home,2.68,0.4982560321745487,0.3731343283582089,0.1251217038163398,False,-10.0,League One,3
Angers vs Monaco,O/U,Under,2.48,0.5055812084047129,0.40322580645161293,0.10235540195309994,False,-10.0,Ligue 1,1
Sheffield Weds vs Derby,1X2,Home,2.57,0.4739373798121052,0.38910505836575876,0.08483232144634645,True,15.7,League One,3
Port Vale vs Plymouth,O/U,Under,2.04,0.5456293669313284,0.49019607843137253,0.055433288499955824,False,-10.0,League One,3
Oxford vs Accrington,O/U,Under,2.14,0.5312444300394061,0.4672897196261682,0.06395471041323791,False,-10.0,League One,3
Lincoln vs Shrewsbury,1X2,Home,1.99,0.5612695134547685,0.5025125628140703,0.05875695064069819,True,9.9,League One,3
Fleetwood Town vs Ipswich,O/U,Under,2.25,0.4981660960230957,0.4444444444444444,0.053721651578651275,False,-10.0,League One,3
Exeter vs Morecambe,1X2,Home,2.35,0.5069693474477532,0.425531914893617,0.08143743255413621,True,13.5,League One,3
Newcastle vs Arsenal,1X2,Home,2.49,0.5340297158250733,0.4016064257028112,0.13242329012226212,False,-10.0,Premier League,1
Burton vs Milton Keynes Dons,1X2,Home,3.48,0.3641583520909857,0.28735632183908044,0.07680203025190524,False,-10.0,League One,3
Norwich vs Blackpool,O/U,Under,2.17,0.5445190869574981,0.4608294930875576,0.08368959386994046,True,11.7,Championship,2
Galatasaray vs Buyuksehyr,1X2,Home,1.43,0.7839368799413592,0.6993006993006994,0.08463618064065981,True,4.299999999999999,Super Lig,1
Arouca vs Porto,O/U,Under,2.15,0.5661634966248661,0.46511627906976744,0.10104721755509866,True,11.5,Liga Portugal,1
QPR vs Bristol City,O/U,Under,2.1,0.5528197151963743,0.47619047619047616,0.07662923900589813,True,11.0,Championship,2
Swindon vs Crawley Town,O/U,Under,2.15,0.5270287020819291,0.46511627906976744,0.061912423012161655,False,-10.0,League Two,4
Swindon vs Crawley Town,1X2,Away,3.83,0.32817634452576194,0.2610966057441253,0.06707973878163664,False,-10.0,League Two,4
Stockport vs Hartlepool,O/U,Under,2.34,0.494217658602798,0.4273504273504274,0.0668672312523706,True,13.399999999999999,League Two,4
Swansea vs West Brom,1X2,Home,3.12,0.5693461425518431,0.3205128205128205,0.24883332203902264,True,21.200000000000003,Championship,2
Sandhausen vs Hansa Rostock,1X2,Home,2.79,0.4525534076561404,0.35842293906810035,0.09413046858804003,False,-10.0,2. Bundesliga,2
Real Madrid vs Getafe,O/U,Over,1.9,0.636768313982553,0.5263157894736842,0.11045252450886878,False,-10.0,La Liga,1
Real Madrid vs Getafe,1X2,Home,1.57,0.7247809465258678,0.6369426751592356,0.08783827136663214,True,5.700000000000001,La Liga,1
Rodez vs Paris FC,1X2,Home,3.0,0.418681553239712,0.3333333333333333,0.0853482199063787,False,-10.0,Ligue 2,2
Holstein Kiel vs Karlsruhe,O/U,Under,2.55,0.457093552254907,0.3921568627450981,0.06493668950980891,False,-10.0,2. Bundesliga,2
Granada vs Lugo,O/U,Under,1.94,0.5785529126433437,0.5154639175257733,0.06308899511757049,True,9.399999999999999,Segunda Division,2
Wolfsburg vs Hoffenheim,O/U,Under,2.42,0.49522042289432755,0.4132231404958678,0.08199728239845977,False,-10.0,Bundesliga,1
Albacete vs Alaves,O/U,Over,2.38,0.4860963392706821,0.42016806722689076,0.06592827204379131,False,-10.0,Segunda Division,2
Hannover vs Darmstadt,O/U,Under,2.37,0.508314609832909,0.42194092827004215,0.08637368156286684,False,-10.0,2. Bundesliga,2
Arsenal vs Brighton,1X2,Away,4.21,0.36771218850886656,0.23752969121140144,0.13018249729746512,True,32.1,Premier League,1
Porto vs Casa Pia,O/U,Under,2.5,0.5004480849901114,0.4,0.10044808499011137,False,-10.0,Liga Portugal,1
Regensburg vs Hamburg,O/U,Under,2.29,0.5367730100078412,0.4366812227074236,0.10009178730041757,False,-10.0,2. Bundesliga,2
Fiorentina vs Udinese,1X2,Home,1.99,0.6391160673132249,0.5025125628140703,0.1366035044991546,True,9.9,Serie A,1
Marseille vs Angers,O/U,Under,2.67,0.4684059714047457,0.37453183520599254,0.09387413619875318,False,-10.0,Ligue 1,1
Rennes vs Troyes,O/U,Under,2.61,0.5089019721242656,0.3831417624521073,0.12576020967215829,False,-10.0,Ligue 1,1
Pisa vs Spal,O/U,Under,2.11,0.5712256317494775,0.47393364928909953,0.09729198246037796,False,-10.0,Serie B,2
Holstein Kiel vs St Pauli,O/U,Under,2.68,0.49407033077523255,0.3731343283582089,0.12093600241702362,False,-10.0,2. Bundesliga,2
Lyon vs Monaco,O/U,Under,2.7,0.49052829153304933,0.37037037037037035,0.12015792116267898,False,-10.0,Ligue 1,1
Werder Bremen vs FC Koln,1X2,Away,2.6,0.5128376989308386,0.3846153846153846,0.12822231431545406,False,-10.0,Bundesliga,1
Nantes vs Montpellier,1X2,Away,3.3,0.4402390098255151,0.30303030303030304,0.13720870679521208,True,23.0,Ligue 1,1
Kasimpasa vs Istanbulspor,O/U,Under,2.43,0.5427906089996088,0.4115226337448559,0.13126797525475292,True,14.3,Super Lig,1
Cartagena vs Las Palmas,1X2,Home,2.82,0.4416087180369765,0.3546099290780142,0.08699878895896229,False,-10.0,Segunda Division,2
Bournemouth vs Man United,O/U,Under,2.46,0.4979415674848935,0.4065040650406504,0.09143750244424309,True,14.6,Premier League,1
Liverpool vs Aston Villa,O/U,Under,2.47,0.5153798126219187,0.4048582995951417,0.11052151302677699,True,14.700000000000003,Premier League,1
Pau FC vs Bastia,1X2,Away,3.21,0.4036874983968778,0.3115264797507788,0.09216101864609899,True,22.1,Ligue 2,2
Leganes vs Andorra,1X2,Away,4.18,0.380473251012758,0.23923444976076558,0.1412388012519924,False,-10.0,Segunda Division,2
Torino vs Fiorentina,1X2,Away,3.98,0.4328060845752055,0.25125628140703515,0.18154980316817032,False,-10.0,Serie A,1
Excelsior vs For Sittard,O/U,Under,2.35,0.5439746250285213,0.425531914893617,0.11844271013490432,False,-10.0,Eredivisie,1
Vitesse vs Groningen,O/U,Under,2.29,0.5371243428821995,0.4366812227074236,0.10044312017477586,False,-10.0,Eredivisie,1
Go Ahead Eagles vs Volendam,O/U,Under,2.52,0.4794326167537666,0.3968253968253968,0.08260721992836978,False,-10.0,Eredivisie,1
Sevilla vs Betis,1X2,Home,2.35,0.5612300016185479,0.425531914893617,0.13569808672493083,False,-10.0,La Liga,1
Newcastle vs Leicester,1X2,Home,1.38,0.809779744482881,0.7246376811594204,0.08514206332346064,False,-10.0,Premier League,1
Sociedad vs Almeria,O/U,Under,2.44,0.50654540263403,0.4098360655737705,0.09670933706025953,True,14.399999999999999,La Liga,1
Real Madrid vs Vallecano,1X2,Home,1.65,0.687919000090373,0.6060606060606061,0.08185839402976691,True,6.499999999999999,La Liga,1
Espanol vs Ath Madrid,1X2,Away,2.36,0.6135917126325355,0.42372881355932207,0.18986289907321346,False,-10.0,La Liga,1
Man United vs Chelsea,1X2,Home,1.63,0.7081096228325723,0.6134969325153374,0.09461269031723485,True,6.299999999999999,Premier League,1
Bastia vs Le Havre,1X2,Home,2.86,0.5372643034359404,0.3496503496503497,0.18761395378559076,False,-10.0,Ligue 2,2
Guingamp vs Niort,O/U,Under,2.27,0.5464629707685761,0.44052863436123346,0.10593433640734262,True,12.7,Ligue 2,2
Sampdoria vs Sassuolo,O/U,Under,2.32,0.5131635673607753,0.4310344827586207,0.08212908460215457,False,-10.0,Serie A,1
Sochaux vs Metz,O/U,Under,2.25,0.5247872867519476,0.4444444444444444,0.08034284230750321,True,12.5,Ligue 2,2
M'gladbach vs Augsburg,O/U,Under,2.64,0.4977235706588641,0.3787878787878788,0.1189356918709853,True,16.400000000000002,Bundesliga,1
Ein Frankfurt vs Freiburg,O/U,Under,2.45,0.5217536079056224,0.4081632653061224,0.11359034259950002,False,-10.0,Bundesliga,1
Porto vs Guimaraes,O/U,Under,2.59,0.4965521822858904,0.3861003861003861,0.11045179618550427,False,-10.0,Liga Portugal,1
Lyon vs Reims,O/U,Under,2.51,0.48158063170889354,0.39840637450199207,0.08317425720690147,False,-10.0,Ligue 1,1
Rennes vs Monaco,1X2,Home,2.09,0.614894555299899,0.47846889952153115,0.13642565577836785,True,10.899999999999999,Ligue 1,1
Granada vs Leganes,O/U,Under,1.85,0.6127031871881972,0.5405405405405405,0.0721626466476567,True,8.5,Segunda Division,2
Levante vs Oviedo,O/U,Under,2.04,0.5635271285469206,0.49019607843137253,0.07333105011554802,False,-10.0,Segunda Division,2
Greuther Furth vs Darmstadt,O/U,Under,2.24,0.5129707334977436,0.4464285714285714,0.06654216206917218,False,-10.0,2. Bundesliga,2
Kaiserslautern vs Fortuna Dusseldorf,O/U,Under,2.28,0.5207424329636572,0.4385964912280702,0.08214594173558698,False,-10.0,2. Bundesliga,2
Regensburg vs Heidenheim,O/U,Under,2.26,0.5072943373133835,0.4424778761061947,0.06481646120718876,False,-10.0,2. Bundesliga,2
Leeds vs Tottenham,O/U,Under,2.6,0.46886331838843387,0.3846153846153846,0.08424793377304929,False,-10.0,Premier League,1
Cambuur vs Waalwijk,O/U,Under,2.61,0.4968868192284841,0.3831417624521073,0.11374505677637681,False,-10.0,Eredivisie,1
Cambuur vs Waalwijk,1X2,Home,3.38,0.46109015056385355,0.2958579881656805,0.16523216239817307,True,23.799999999999997,Eredivisie,1
Man United vs Fulham,1X2,Home,1.53,0.7618094492544709,0.6535947712418301,0.10821467801264084,True,5.300000000000001,Premier League,1
Utrecht vs FC Emmen,O/U,Under,2.44,0.5015963502823565,0.4098360655737705,0.09176028470858599,False,-10.0,Eredivisie,1
Chelsea vs Newcastle,1X2,Away,2.38,0.588032210610381,0.42016806722689076,0.16786414338349026,False,-10.0,Premier League,1
Lazio vs Cremonese,O/U,Under,2.46,0.5088974420227655,0.4065040650406504,0.10239337698211515,False,-10.0,Serie A,1
For Sittard vs Nijmegen,O/U,Under,2.44,0.5115572815592432,0.4098360655737705,0.10172121598547268,True,14.399999999999999,Eredivisie,1
Alanyaspor vs Kasimpasa,O/U,Under,2.57,0.539528028921721,0.38910505836575876,0.15042297055596227,False,-10.0,Super Lig,1
Istanbulspor vs Ad. Demirspor,1X2,Away,2.83,0.5682201101277913,0.35335689045936397,0.2148632196684273,True,18.3,Super Lig,1
Niort vs Quevilly Rouen,O/U,Under,2.55,0.5111615949469451,0.3921568627450981,0.11900473220184704,False,-10.0,Ligue 2,2
Bordeaux vs Rodez,O/U,Under,2.32,0.6124318182188105,0.4310344827586207,0.18139733546018982,True,13.2,Ligue 2,2
Grenoble vs Guingamp,O/U,Under,2.05,0.5737685017528066,0.48780487804878053,0.08596362370402605,True,10.499999999999998,Ligue 2,2
Metz vs Bastia,O/U,Under,2.22,0.5191712654372991,0.4504504504504504,0.06872081498684868,False,-10.0,Ligue 2,2
Nimes vs Sochaux,O/U,Under,2.24,0.5191712844022522,0.4464285714285714,0.07274271297368085,False,-10.0,Ligue 2,2
Nimes vs Sochaux,1X2,Home,2.98,0.42116583650128,0.33557046979865773,0.08559536670262224,True,19.8,Ligue 2,2
Sassuolo vs Fiorentina,O/U,Under,2.67,0.5003029085700321,0.37453183520599254,0.1257710733640396,False,-10.0,Serie A,1
Ad. Demirspor vs Buyuksehyr,1X2,Home,1.76,0.7422109892706272,0.5681818181818182,0.174029171088809,False,-10.0,Super Lig,1
Cremonese vs Salernitana,O/U,Under,2.39,0.520068752929872,0.41841004184100417,0.10165871108886781,True,13.900000000000002,Serie A,1
Brest vs Rennes,O/U,Under,2.26,0.532019766300909,0.4424778761061947,0.08954189019471426,False,-10.0,Ligue 1,1
Empoli vs Lazio,O/U,Under,2.17,0.5458050937623224,0.4608294930875576,0.08497560067476484,True,11.7,Serie A,1
Auxerre vs Lens,1X2,Away,2.43,0.5369431062105786,0.4115226337448559,0.1254204724657227,True,14.3,Ligue 1,1
Nantes vs Angers,O/U,Under,2.41,0.5263204444008546,0.41493775933609955,0.11138268506475502,True,14.100000000000001,Ligue 1,1
Reims vs Montpellier,O/U,Under,2.66,0.46759980101992915,0.37593984962406013,0.09165995139586902,False,-10.0,Ligue 1,1
Umraniyespor vs Giresunspor,O/U,Under,2.68,0.48502208420184634,0.3731343283582089,0.11188775584363742,True,16.8,Super Lig,1
Atalanta vs Monza,O/U,Under,2.48,0.5050075816553656,0.40322580645161293,0.1017817752037527,False,-10.0,Serie A,1
Espanol vs Almeria,1X2,Home,2.78,0.48977029003032424,0.3597122302158274,0.13005805981449686,False,-10.0,La Liga,1
Milan vs Verona,1X2,Home,1.79,0.7263317492478594,0.5586592178770949,0.16767253137076443,True,7.9,Serie A,1
Sivasspor vs Kayserispor,O/U,Under,2.51,0.5089586762717333,0.39840637450199207,0.11055230176974123,True,15.099999999999998,Super Lig,1
Istanbulspor vs Umraniyespor,O/U,Under,2.69,0.5035284544325929,0.3717472118959108,0.13178124253668205,False,-10.0,Super Lig,1
Giresunspor vs Antalyaspor,O/U,Under,2.36,0.5210012658768739,0.42372881355932207,0.09727245231755183,True,13.599999999999998,Super Lig,1
