match,market,sel,odds,mp,ip,edge,W,pnl,league,tier,date
Karlsruhe vs Nurnberg,1X2,Home,1.95,0.6293696342324382,0.5128205128205129,0.1165491214119253,True,9.5,2. Bundesliga,2,2024-08-03
Darmstadt vs Fortuna Dusseldorf,1X2,Away,2.4,0.6042176202788905,0.4166666666666667,0.1875509536122238,True,14.0,2. Bundesliga,2,2024-08-04
Chesterfield vs Swindon,O/U,Under 2.5,2.37,0.5031983845060854,0.42194092827004215,0.0812574562360433,True,13.700000000000001,League Two,4,2024-08-09
Blackburn vs Derby,1X2,Away,3.17,0.44131614256538776,0.31545741324921134,0.12585872931617642,False,-10.0,Championship,2,2024-08-09
Preston vs Sheffield United,1X2,Home,3.16,0.4503066268019995,0.3164556962025316,0.1338509305994679,False,-10.0,Championship,2,2024-08-09
Kaiserslautern vs Greuther Furth,O/U,Under 2.5,2.38,0.4859992664433941,0.42016806722689076,0.06583119921650332,False,-10.0,2. Bundesliga,2,2024-08-09
Leeds vs Portsmouth,O/U,Under 2.5,2.32,0.49099237275697605,0.4310344827586207,0.05995788999835533,False,-10.0,Championship,2,2024-08-10
Stoke vs Coventry,1X2,Home,2.47,0.626456363876662,0.4048582995951417,0.22159806428152035,True,14.700000000000003,Championship,2,2024-08-10
Exeter vs Rotherham,1X2,Home,3.01,0.6225602836283131,0.33222591362126247,0.2903343700070506,True,20.099999999999998,League One,3,2024-08-10
Stockport vs Cambridge,1X2,Home,1.65,0.7251887843165631,0.6060606060606061,0.119128178255957,True,6.499999999999999,League One,3,2024-08-10
Wrexham vs Wycombe,1X2,Home,2.01,0.5929176109550616,0.49751243781094534,0.09540517314411623,True,10.099999999999998,League One,3,2024-08-10
Oxford vs Norwich,1X2,Home,3.04,0.5178305182048009,0.32894736842105265,0.1888831497837482,True,20.4,Championship,2,2024-08-10
Paderborn vs Darmstadt,1X2,Home,1.87,0.6357141659297525,0.53475935828877,0.10095480764098252,True,8.700000000000001,2. Bundesliga,2,2024-08-11
Clermont vs Pau FC,O/U,Over 2.5,2.15,0.5151468384457271,0.46511627906976744,0.05003055937595963,True,11.5,Ligue 2,2,2024-08-16
Clermont vs Pau FC,1X2,Away,3.99,0.4170498574649275,0.2506265664160401,0.16642329104888742,False,-10.0,Ligue 2,2,2024-08-16
Brescia vs Palermo,1X2,Home,2.88,0.49676264881089127,0.3472222222222222,0.14954042658866906,True,18.799999999999997,Serie B,2,2024-08-16
Mirandes vs Cordoba,1X2,Home,2.99,0.4678926815969613,0.33444816053511706,0.13344452106184423,True,19.900000000000002,Segunda Division,2,2024-08-16
Eibar vs Castellon,O/U,Over 2.5,2.05,0.5644944435293073,0.48780487804878053,0.0766895654805268,False,-10.0,Segunda Division,2,2024-08-17
Eibar vs Castellon,1X2,Home,1.77,0.6701038632587288,0.5649717514124294,0.10513211184629945,True,7.7,Segunda Division,2,2024-08-17
La Coruna vs Oviedo,O/U,Over 2.5,2.35,0.4869720179603293,0.425531914893617,0.06144010306671227,False,-10.0,Segunda Division,2,2024-08-17
Plymouth vs Hull,O/U,Under 2.5,2.19,0.5194370752281838,0.4566210045662101,0.06281607066197376,True,11.899999999999999,Championship,2,2024-08-17
Portsmouth vs Luton,1X2,Home,3.0,0.6213394760418824,0.3333333333333333,0.28800614270854913,False,-10.0,Championship,2,2024-08-17
Derby vs Middlesbrough,1X2,Home,3.45,0.43539792208620676,0.2898550724637681,0.14554284962243863,True,24.5,Championship,2,2024-08-17
Swansea vs Preston,1X2,Home,1.97,0.5919902154714308,0.5076142131979695,0.08437600227346131,True,9.7,Championship,2,2024-08-17
Swindon vs Walsall,O/U,Under 2.5,2.26,0.49860184081608194,0.4424778761061947,0.05612396470988723,False,-10.0,League Two,4,2024-08-17
Newport County vs Doncaster,1X2,Away,1.81,0.6230500110811475,0.5524861878453039,0.07056382323584365,False,-10.0,League Two,4,2024-08-17
Crewe vs Chesterfield,O/U,Under 2.5,2.06,0.543844484217116,0.4854368932038835,0.05840759101323245,False,-10.0,League Two,4,2024-08-17
Mansfield vs Burton,1X2,Home,1.81,0.6254890517811975,0.5524861878453039,0.07300286393589361,False,-10.0,League One,3,2024-08-17
Cambridge vs Crawley Town,1X2,Away,3.28,0.44473590977856087,0.3048780487804878,0.13985786099807307,True,22.799999999999997,League One,3,2024-08-17
Santander vs Almeria,O/U,Over 2.5,2.15,0.5434964431969753,0.46511627906976744,0.07838016412720789,True,11.5,Segunda Division,2,2024-08-18
Santander vs Almeria,1X2,Home,2.63,0.5216148975126901,0.3802281368821293,0.14138676063056077,False,-10.0,Segunda Division,2,2024-08-18
Catanzaro vs Sassuolo,1X2,Home,3.46,0.45743693540977926,0.28901734104046245,0.1684195943693168,False,-10.0,Serie B,2,2024-08-18
Rodez vs Metz,1X2,Home,2.75,0.5460328284687566,0.36363636363636365,0.1823964648323929,False,-10.0,Ligue 2,2,2024-08-23
Troyes vs Clermont,1X2,Home,3.4,0.4636038769652417,0.29411764705882354,0.16948622990641815,False,-10.0,Ligue 2,2,2024-08-23
Stockport vs Bristol Rvs,1X2,Home,1.72,0.7053108247906261,0.5813953488372093,0.12391547595341679,True,7.199999999999999,League One,3,2024-08-24
Exeter vs Peterboro,1X2,Home,3.17,0.4195319895773155,0.31545741324921134,0.10407457632810418,False,-10.0,League One,3,2024-08-24
Wycombe vs Rotherham,1X2,Home,2.43,0.5292298058938802,0.4115226337448559,0.11770717214902432,True,14.3,League One,3,2024-08-24
Ferrol vs Granada,1X2,Home,3.03,0.4947779219617257,0.33003300330033003,0.16474491866139568,False,-10.0,Segunda Division,2,2024-08-24
Watford vs Derby,O/U,Under 2.5,1.93,0.5738415725067876,0.5181347150259068,0.05570685748088078,False,-10.0,Championship,2,2024-08-24
Sunderland vs Burnley,1X2,Home,2.99,0.5550046143707048,0.33444816053511706,0.22055645383558775,True,19.900000000000002,Championship,2,2024-08-24
Norwich vs Sheffield United,1X2,Home,2.74,0.5488592116238225,0.36496350364963503,0.18389570797418742,False,-10.0,Championship,2,2024-08-24
Bristol City vs Coventry,1X2,Home,2.47,0.5651254385816362,0.4048582995951417,0.16026713898649453,False,-10.0,Championship,2,2024-08-24
Stoke vs West Brom,1X2,Home,2.55,0.5086063692455739,0.3921568627450981,0.11644950650047581,False,-10.0,Championship,2,2024-08-24
Levante vs Cadiz,O/U,Over 2.5,2.27,0.4987025785382108,0.44052863436123346,0.058173944176977355,False,-10.0,Segunda Division,2,2024-08-24
Sudtirol vs Salernitana,1X2,Home,2.6,0.5579494196263834,0.3846153846153846,0.17333403501099887,True,16.0,Serie B,2,2024-08-24
Brescia vs Cittadella,1X2,Home,2.56,0.5350506210475443,0.390625,0.1444256210475443,False,-10.0,Serie B,2,2024-08-24
Pisa vs Palermo,1X2,Home,2.43,0.5621880132356925,0.4115226337448559,0.15066537949083653,True,14.3,Serie B,2,2024-08-24
Sassuolo vs Cesena,1X2,Away,3.98,0.37561555672676816,0.25125628140703515,0.12435927531973301,False,-10.0,Serie B,2,2024-08-24
Magdeburg vs Schalke 04,O/U,Under 2.5,2.37,0.49400108806513854,0.42194092827004215,0.07206015979509639,False,-10.0,2. Bundesliga,2,2024-08-25
Castellon vs Oviedo,1X2,Away,3.54,0.3829638770557609,0.2824858757062147,0.10047800134954621,False,-10.0,Segunda Division,2,2024-08-25
Cordoba vs Burgos,O/U,Over 2.5,2.36,0.4997984437878411,0.42372881355932207,0.07606963022851904,True,13.599999999999998,Segunda Division,2,2024-08-26
Bari vs Sassuolo,1X2,Home,2.71,0.4774738877284652,0.36900369003690037,0.10847019769156485,False,-10.0,Serie B,2,2024-08-27
Luton vs QPR,1X2,Away,3.73,0.41163105517649357,0.2680965147453083,0.14353454043118524,True,27.3,Championship,2,2024-08-30
Fortuna Dusseldorf vs Hannover,1X2,Home,2.3,0.5412983548562924,0.4347826086956522,0.10651574616064019,True,12.999999999999998,2. Bundesliga,2,2024-08-30
Nurnberg vs Magdeburg,O/U,Under 2.5,2.32,0.5014404567997853,0.4310344827586207,0.07040597404116461,False,-10.0,2. Bundesliga,2,2024-08-31
Elversberg vs Darmstadt,O/U,Under 2.5,2.41,0.4985381818848573,0.41493775933609955,0.08360042254875777,False,-10.0,2. Bundesliga,2,2024-08-31
Birmingham vs Wigan,O/U,Under 2.5,2.2,0.5665169452483511,0.45454545454545453,0.11197149070289653,False,-10.0,League One,3,2024-08-31
Coventry vs Norwich,O/U,Under 2.5,2.14,0.5284067276937993,0.4672897196261682,0.06111700806763104,True,11.400000000000002,Championship,2,2024-08-31
Leeds vs Hull,O/U,Under 2.5,2.32,0.492710333268081,0.4310344827586207,0.061675850509460284,True,13.2,Championship,2,2024-08-31
Burnley vs Blackburn,1X2,Away,3.81,0.3792143246950106,0.26246719160104987,0.11674713309396073,False,-10.0,Championship,2,2024-08-31
Portsmouth vs Sunderland,1X2,Home,3.48,0.39473893751910827,0.28735632183908044,0.10738261568002783,False,-10.0,Championship,2,2024-08-31
Port Vale vs Doncaster,1X2,Away,2.62,0.5162861670581969,0.38167938931297707,0.13460677774521979,True,16.200000000000003,League Two,4,2024-08-31
Oxford vs Preston,O/U,Over 2.5,1.99,0.577042028842512,0.5025125628140703,0.07452946602844168,True,9.9,Championship,2,2024-08-31
Oxford vs Preston,1X2,Home,2.44,0.7041678670743645,0.4098360655737705,0.294331801500594,True,14.399999999999999,Championship,2,2024-08-31
Harrogate vs Barrow,1X2,Home,3.28,0.4187194556588979,0.3048780487804878,0.1138414068784101,False,-10.0,League Two,4,2024-08-31
Swindon vs Notts County,O/U,Under 2.5,2.46,0.5008018491799602,0.4065040650406504,0.09429778413930978,False,-10.0,League Two,4,2024-08-31
Crawley Town vs Barnsley,1X2,Home,2.98,0.5698753200339264,0.33557046979865773,0.23430485023526865,False,-10.0,League One,3,2024-08-31
Plymouth vs Stoke,O/U,Under 2.5,2.16,0.5240641024187309,0.4629629629629629,0.061101139455768005,True,11.600000000000001,Championship,2,2024-08-31
Burgos vs Castellon,1X2,Home,2.47,0.5051163230628135,0.4048582995951417,0.10025802346767182,False,-10.0,Segunda Division,2,2024-09-01
Spezia vs Cesena,1X2,Home,2.41,0.49808293767821304,0.41493775933609955,0.08314517834211349,True,14.100000000000001,Serie B,2,2024-09-01
Chesterfield vs Grimsby,O/U,Under 2.5,2.09,0.5450540578966612,0.47846889952153115,0.06658515837513002,False,-10.0,League Two,4,2024-09-07
Granada vs La Coruna,1X2,Away,3.39,0.4075712855779651,0.2949852507374631,0.112586034840502,False,-10.0,Segunda Division,2,2024-09-07
Doncaster vs Gillingham,1X2,Home,1.82,0.6363566575480453,0.5494505494505494,0.08690610809749588,True,8.200000000000001,League Two,4,2024-09-07
Zaragoza vs Elche,O/U,Over 2.5,2.56,0.4819733179904051,0.390625,0.0913483179904051,True,15.600000000000001,Segunda Division,2,2024-09-08
Albacete vs Eibar,O/U,Over 2.5,2.08,0.5484439296957648,0.4807692307692307,0.0676746989265341,False,-10.0,Segunda Division,2,2024-09-09
Albacete vs Eibar,1X2,Away,3.18,0.42466424819132853,0.31446540880503143,0.1101988393862971,True,21.8,Segunda Division,2,2024-09-09
Hull vs Sheffield United,1X2,Home,3.36,0.5102484342032945,0.2976190476190476,0.21262938658424685,False,-10.0,Championship,2,2024-09-13
Bolton vs Huddersfield,1X2,Home,2.12,0.5747351057220701,0.4716981132075471,0.10303699251452297,False,-10.0,League One,3,2024-09-14
Millwall vs Luton,1X2,Home,2.64,0.5828470400779017,0.3787878787878788,0.20405916129002288,False,-10.0,Championship,2,2024-09-14
Rotherham vs Burton,O/U,Under 2.5,2.07,0.5441533888629039,0.48309178743961356,0.06106160142329031,False,-10.0,League One,3,2024-09-14
Oxford vs Stoke,1X2,Home,3.14,0.5372963482257987,0.3184713375796178,0.21882501064618093,True,21.400000000000002,Championship,2,2024-09-14
Stevenage vs Barnsley,1X2,Home,2.95,0.4373010053134118,0.3389830508474576,0.0983179544659542,True,19.5,League One,3,2024-09-14
Northampton vs Wycombe,1X2,Home,3.23,0.40676530201751326,0.30959752321981426,0.097167778797699,False,-10.0,League One,3,2024-09-14
Paris FC vs Metz,1X2,Home,2.26,0.5942977498081072,0.4424778761061947,0.15181987370191252,False,-10.0,Ligue 2,2,2024-09-14
Juve Stabia vs Palermo,1X2,Home,3.01,0.4626450004589751,0.33222591362126247,0.13041908683771264,False,-10.0,Serie B,2,2024-09-14
Eibar vs Tenerife,O/U,Over 2.5,2.18,0.5266403023138251,0.4587155963302752,0.06792470598354988,False,-10.0,Segunda Division,2,2024-09-14
Derby vs Cardiff,1X2,Home,2.35,0.5387970870679606,0.425531914893617,0.11326517217434356,True,13.5,Championship,2,2024-09-14
Plymouth vs Sunderland,O/U,Under 2.5,2.1,0.5801365079366267,0.47619047619047616,0.10394603174615058,False,-10.0,Championship,2,2024-09-14
Watford vs Coventry,1X2,Home,2.6,0.5037464531245448,0.3846153846153846,0.11913106850916022,False,-10.0,Championship,2,2024-09-14
Swansea vs Norwich,O/U,Under 2.5,1.94,0.5768634908781389,0.5154639175257733,0.06139957335236568,True,9.399999999999999,Championship,2,2024-09-14
Cosenza vs Sampdoria,1X2,Home,2.69,0.5453869941199408,0.3717472118959108,0.17363978222403004,True,16.9,Serie B,2,2024-09-15
Carrarese vs Sassuolo,1X2,Home,3.32,0.404441467400271,0.30120481927710846,0.10323664812316252,False,-10.0,Serie B,2,2024-09-15
Greuther Furth vs Elversberg,1X2,Home,1.89,0.6206597092439649,0.5291005291005292,0.09155918014343567,False,-10.0,2. Bundesliga,2,2024-09-15
Birmingham vs Wrexham,1X2,Away,3.99,0.45417930405482093,0.2506265664160401,0.20355273763878085,False,-10.0,League One,3,2024-09-16
Amiens vs Clermont,1X2,Home,2.59,0.5532615299835311,0.3861003861003861,0.16716114388314496,True,15.899999999999999,Ligue 2,2,2024-09-20
Schalke 04 vs Darmstadt,1X2,Home,1.93,0.5697858276488641,0.5181347150259068,0.051651112622957296,False,-10.0,2. Bundesliga,2,2024-09-20
Swindon vs Carlisle,O/U,Under 2.5,1.97,0.5593253004183207,0.5076142131979695,0.051711087220351226,True,9.7,League Two,4,2024-09-21
Peterboro vs Bristol Rvs,O/U,Under 2.5,2.36,0.51154505471833,0.42372881355932207,0.08781624115900794,False,-10.0,League One,3,2024-09-21
Huddersfield vs Northampton,O/U,Under 2.5,2.01,0.5538584233178916,0.49751243781094534,0.05634598550694625,False,-10.0,League One,3,2024-09-21
Cosenza vs Sassuolo,1X2,Home,2.74,0.5445073498172078,0.36496350364963503,0.1795438461675728,False,-10.0,Serie B,2,2024-09-21
Chesterfield vs Cheltenham,O/U,Under 2.5,2.2,0.5166680772203505,0.45454545454545453,0.06212262267489593,True,12.000000000000002,League Two,4,2024-09-21
Reggiana vs Salernitana,O/U,Over 2.5,2.2,0.5301971169579407,0.45454545454545453,0.07565166241248616,False,-10.0,Serie B,2,2024-09-21
Sampdoria vs Sudtirol,O/U,Over 2.5,2.36,0.48075457656358167,0.42372881355932207,0.0570257630042596,False,-10.0,Serie B,2,2024-09-21
Zaragoza vs Levante,O/U,Over 2.5,2.22,0.5109255875418268,0.4504504504504504,0.06047513709137642,True,12.200000000000003,Segunda Division,2,2024-09-21
West Brom vs Plymouth,O/U,Under 2.5,2.42,0.5048565921817416,0.4132231404958678,0.09163345168587383,True,14.2,Championship,2,2024-09-21
Sheffield United vs Derby,O/U,Under 2.5,2.03,0.5484538073863046,0.4926108374384237,0.05584296994788085,True,10.299999999999997,Championship,2,2024-09-21
Luton vs Sheffield Weds,1X2,Away,3.96,0.3915585945924467,0.25252525252525254,0.13903334206719414,False,-10.0,Championship,2,2024-09-21
Coventry vs Swansea,O/U,Under 2.5,2.13,0.521014300709077,0.4694835680751174,0.051530732633959575,False,-10.0,Championship,2,2024-09-21
Fortuna Dusseldorf vs FC Koln,1X2,Home,2.99,0.4522240376282315,0.33444816053511706,0.11777587709311443,False,-10.0,2. Bundesliga,2,2024-09-21
Almeria vs Eibar,1X2,Away,3.82,0.3973980484601693,0.2617801047120419,0.1356179437481274,False,-10.0,Segunda Division,2,2024-09-22
Spezia vs Carrarese,1X2,Home,1.72,0.6459495128977851,0.5813953488372093,0.06455416406057579,True,7.199999999999999,Serie B,2,2024-09-22
Castellon vs Santander,O/U,Under 2.5,2.05,0.5386339805902303,0.48780487804878053,0.05082910254144973,True,10.499999999999998,Segunda Division,2,2024-09-22
Plymouth vs Luton,O/U,Under 2.5,2.36,0.5308663016519937,0.42372881355932207,0.1071374880926716,False,-10.0,Championship,2,2024-09-27
Ulm vs Braunschweig,1X2,Home,2.43,0.4979293291908935,0.4115226337448559,0.08640669544603757,True,14.3,2. Bundesliga,2,2024-09-27
Grenoble vs Clermont,1X2,Home,2.41,0.5185560940221261,0.41493775933609955,0.10361833468602655,True,14.100000000000001,Ligue 2,2,2024-09-27
Cadiz vs Eldense,O/U,Over 2.5,2.37,0.4803008313629439,0.42194092827004215,0.05835990309290173,True,13.700000000000001,Segunda Division,2,2024-09-28
Millwall vs Preston,O/U,Over 2.5,2.39,0.5030854380585383,0.41841004184100417,0.08467539621753417,True,13.900000000000002,Championship,2,2024-09-28
Millwall vs Preston,1X2,Home,1.92,0.6513263543670601,0.5208333333333334,0.13049302103372673,True,9.2,Championship,2,2024-09-28
Morecambe vs Notts County,O/U,Under 2.5,2.29,0.5174658924391992,0.4366812227074236,0.08078466973177556,True,12.9,League Two,4,2024-09-28
Bari vs Cosenza,O/U,Over 2.5,2.25,0.5162112676436488,0.4444444444444444,0.07176682319920435,False,-10.0,Serie B,2,2024-09-28
Sassuolo vs Spezia,1X2,Away,3.53,0.43183653827103063,0.28328611898017,0.14855041929086066,False,-10.0,Serie B,2,2024-09-28
Leyton Orient vs Wrexham,1X2,Away,2.46,0.4868242196397633,0.4065040650406504,0.0803201545991129,False,-10.0,League One,3,2024-09-28
Birmingham vs Peterboro,O/U,Under 2.5,2.45,0.5105858177861055,0.4081632653061224,0.10242255247998305,False,-10.0,League One,3,2024-09-28
Reading vs Huddersfield,1X2,Home,2.86,0.45989307749287434,0.3496503496503497,0.11024272784252465,True,18.599999999999998,League One,3,2024-09-28
Juve Stabia vs Pisa,O/U,Over 2.5,2.28,0.4900027285114131,0.4385964912280702,0.05140623728334287,False,-10.0,Serie B,2,2024-09-29
Cesena vs Mantova,O/U,Under 2.5,1.94,0.5688613062299173,0.5154639175257733,0.05339738870414401,False,-10.0,Serie B,2,2024-09-29
Oviedo vs Eibar,O/U,Over 2.5,2.48,0.48230822254804384,0.40322580645161293,0.07908241609643091,False,-10.0,Segunda Division,2,2024-09-29
Cordoba vs Ferrol,O/U,Over 2.5,2.38,0.48811459179107264,0.42016806722689076,0.06794652456418188,True,13.799999999999999,Segunda Division,2,2024-09-29
Burgos vs Granada,1X2,Home,2.35,0.538390747002079,0.425531914893617,0.11285883210846198,False,-10.0,Segunda Division,2,2024-09-29
Sudtirol vs Palermo,1X2,Home,2.69,0.4859298648527208,0.3717472118959108,0.11418265295681002,False,-10.0,Serie B,2,2024-09-30
Burnley vs Plymouth,O/U,Under 2.5,2.4,0.5015793856059394,0.4166666666666667,0.08491271893927271,True,14.0,Championship,2,2024-10-01
Carlisle vs Notts County,O/U,Under 2.5,2.33,0.5190312488886054,0.4291845493562232,0.08984669953238222,True,13.3,League Two,4,2024-10-01
Coventry vs Blackburn,1X2,Away,3.48,0.3960618958966743,0.28735632183908044,0.10870557405759385,False,-10.0,Championship,2,2024-10-01
Cardiff vs Millwall,O/U,Over 2.5,2.57,0.48585814329946075,0.38910505836575876,0.096753084933702,False,-10.0,Championship,2,2024-10-01
Sheffield United vs Swansea,O/U,Under 2.5,1.99,0.5554792035797522,0.5025125628140703,0.052966640765681916,True,9.9,Championship,2,2024-10-02
Huesca vs Cadiz,1X2,Home,3.05,0.4180944398597386,0.3278688524590164,0.09022558740072217,True,20.5,Segunda Division,2,2024-10-04
Spezia vs Reggiana,O/U,Over 2.5,2.18,0.513326401694371,0.4587155963302752,0.05461080536409585,False,-10.0,Serie B,2,2024-10-05
Spezia vs Reggiana,1X2,Home,1.89,0.5915119381569207,0.5291005291005292,0.06241140905639153,True,8.899999999999999,Serie B,2,2024-10-05
Mirandes vs Granada,1X2,Home,2.83,0.45039953493450224,0.35335689045936397,0.09704264447513827,False,-10.0,Segunda Division,2,2024-10-05
Plymouth vs Blackburn,O/U,Under 2.5,2.21,0.5123693785749612,0.45248868778280543,0.0598806907921558,False,-10.0,Championship,2,2024-10-05
Charlton vs Birmingham,O/U,Under 2.5,1.96,0.573856047629991,0.5102040816326531,0.06365196599733791,True,9.6,League One,3,2024-10-05
Cosenza vs Sudtirol,O/U,Over 2.5,2.59,0.4968874498719121,0.3861003861003861,0.11078706377152597,False,-10.0,Serie B,2,2024-10-06
La Coruna vs Malaga,O/U,Over 2.5,2.25,0.5034214988010804,0.4444444444444444,0.05897705435663603,False,-10.0,Segunda Division,2,2024-10-06
Levante vs Oviedo,O/U,Over 2.5,2.11,0.5250650147367169,0.47393364928909953,0.051131365447617316,False,-10.0,Segunda Division,2,2024-10-06
Salford vs Grimsby,O/U,Under 2.5,1.89,0.5807308423903542,0.5291005291005292,0.051630313289825036,False,-10.0,League Two,4,2024-10-12
Chesterfield vs Notts County,O/U,Under 2.5,2.28,0.5178310457299671,0.4385964912280702,0.07923455450189687,False,-10.0,League Two,4,2024-10-12
Sp Gijon vs Castellon,O/U,Under 2.5,2.1,0.5416055264427083,0.47619047619047616,0.06541505025223215,False,-10.0,Segunda Division,2,2024-10-14
Grenoble vs Metz,1X2,Home,3.43,0.40775637331347736,0.29154518950437314,0.11621118380910422,True,24.3,Ligue 2,2,2024-10-18
Bastia vs Clermont,1X2,Home,2.24,0.566799668353597,0.4464285714285714,0.12037109692502557,False,-10.0,Ligue 2,2,2024-10-18
Newport County vs Chesterfield,O/U,Under 2.5,2.26,0.5098788979968167,0.4424778761061947,0.06740102189062203,False,-10.0,League Two,4,2024-10-18
Reading vs Crawley Town,O/U,Under 2.5,2.3,0.5070520363492299,0.4347826086956522,0.07226942765357769,False,-10.0,League One,3,2024-10-19
Swindon vs Doncaster,O/U,Under 2.5,1.91,0.578670689783247,0.5235602094240838,0.055110480359163216,False,-10.0,League Two,4,2024-10-19
Brescia vs Sassuolo,1X2,Home,2.86,0.4722556384378567,0.3496503496503497,0.12260528878750698,False,-10.0,Serie B,2,2024-10-19
Cesena vs Sampdoria,O/U,Over 2.5,2.12,0.523075717077909,0.4716981132075471,0.05137760387036189,True,11.200000000000001,Serie B,2,2024-10-20
Juve Stabia vs Cremonese,1X2,Home,3.23,0.4057043852496285,0.30959752321981426,0.09610686202981422,False,-10.0,Serie B,2,2024-10-20
Milton Keynes Dons vs Accrington,O/U,Under 2.5,2.26,0.5291831194922414,0.4424778761061947,0.08670524338604668,False,-10.0,League Two,4,2024-10-22
Doncaster vs Bromley,O/U,Under 2.5,2.06,0.537352959722796,0.4854368932038835,0.05191606651891245,True,10.600000000000001,League Two,4,2024-10-22
Peterboro vs Blackpool,O/U,Under 2.5,2.26,0.5046199835714567,0.4424778761061947,0.06214210746526194,False,-10.0,League One,3,2024-10-22
Eldense vs Zaragoza,O/U,Over 2.5,2.33,0.512514537679922,0.4291845493562232,0.08332998832369887,True,13.3,Segunda Division,2,2024-10-23
Portsmouth vs Sheffield Weds,1X2,Home,3.4,0.38382860188163714,0.29411764705882354,0.0897109548228136,False,-10.0,Championship,2,2024-10-25
Metz vs Guingamp,O/U,Over 2.5,2.1,0.5321350815666839,0.47619047619047616,0.05594460537620771,False,-10.0,Ligue 2,2,2024-10-25
Dunkerque vs Red Star,1X2,Home,2.39,0.5620338399211098,0.41841004184100417,0.1436237980801056,True,13.900000000000002,Ligue 2,2,2024-10-25
Spezia vs Bari,O/U,Over 2.5,2.2,0.513502956599726,0.45454545454545453,0.05895750205427147,False,-10.0,Serie B,2,2024-10-25
Mirandes vs Cartagena,1X2,Home,1.91,0.5789493695666598,0.5235602094240838,0.055389160142576,True,9.1,Segunda Division,2,2024-10-26
Cadiz vs Oviedo,O/U,Over 2.5,2.38,0.4874716087931139,0.42016806722689076,0.06730354156622315,False,-10.0,Segunda Division,2,2024-10-26
Sheffield United vs Stoke,1X2,Home,1.78,0.6343687134699909,0.5617977528089888,0.0725709606610021,True,7.800000000000001,Championship,2,2024-10-26
Newport County vs Fleetwood Town,O/U,Under 2.5,2.18,0.5438654592909784,0.4587155963302752,0.0851498629607032,True,11.8,League Two,4,2024-10-26
Notts County vs Harrogate,O/U,Under 2.5,2.23,0.5133909837261749,0.4484304932735426,0.06496049045263225,True,12.3,League Two,4,2024-10-26
Cesena vs Brescia,O/U,Over 2.5,1.96,0.5603247758179211,0.5102040816326531,0.05012069418526799,False,-10.0,Serie B,2,2024-10-26
Norwich vs Middlesbrough,O/U,Under 2.5,2.15,0.5231844650081793,0.46511627906976744,0.05806818593841184,False,-10.0,Championship,2,2024-10-27
Brescia vs Spezia,1X2,Home,3.39,0.410354384508993,0.2949852507374631,0.11536913377152985,False,-10.0,Serie B,2,2024-10-29
Guingamp vs Ajaccio,O/U,Over 2.5,2.28,0.5051857448827785,0.4385964912280702,0.06658925365470825,False,-10.0,Ligue 2,2,2024-10-29
Cittadella vs Sampdoria,1X2,Home,3.29,0.39138704605327235,0.303951367781155,0.08743567827211735,False,-10.0,Serie B,2,2024-10-30
Martigues vs Red Star,1X2,Home,3.31,0.3963020795095817,0.3021148036253776,0.09418727588420406,False,-10.0,Ligue 2,2,2024-11-01
Sp Gijon vs Cadiz,O/U,Over 2.5,2.32,0.4941045447461169,0.4310344827586207,0.0630700619874962,False,-10.0,Segunda Division,2,2024-11-02
Blackburn vs Sheffield United,O/U,Under 2.5,1.69,0.6432343383050936,0.591715976331361,0.05151836197373261,True,6.8999999999999995,Championship,2,2024-11-02
Cesena vs Sudtirol,O/U,Over 2.5,2.33,0.496606157690375,0.4291845493562232,0.06742160833415184,False,-10.0,Serie B,2,2024-11-03
Mirandes vs Cadiz,1X2,Home,3.01,0.4231956588212057,0.33222591362126247,0.09096974519994322,False,-10.0,Segunda Division,2,2024-11-09
Chesterfield vs Accrington,O/U,Under 2.5,2.16,0.533920479387213,0.4629629629629629,0.07095751642425008,False,-10.0,League Two,4,2024-11-09
Doncaster vs Notts County,O/U,Under 2.5,2.2,0.5143115806729146,0.45454545454545453,0.05976612612746007,True,12.000000000000002,League Two,4,2024-11-09
Birmingham vs Northampton,O/U,Under 2.5,2.36,0.5044702797687107,0.42372881355932207,0.08074146620938866,True,13.599999999999998,League One,3,2024-11-09
Peterboro vs Cambridge,O/U,Under 2.5,2.2,0.5081754824629654,0.45454545454545453,0.05363002791751087,False,-10.0,League One,3,2024-11-09
Albacete vs Oviedo,O/U,Over 2.5,2.17,0.5175561637279642,0.4608294930875576,0.056726670640406596,True,11.7,Segunda Division,2,2024-11-10
Burgos vs Sp Gijon,O/U,Over 2.5,2.35,0.48149818791540533,0.425531914893617,0.055966273021788304,False,-10.0,Segunda Division,2,2024-11-10
Elversberg vs Hannover,1X2,Home,2.76,0.4674696891331602,0.3623188405797102,0.10515084855345003,True,17.599999999999998,2. Bundesliga,2,2024-11-10
Karlsruhe vs Preußen Münster,O/U,Under 2.5,2.53,0.48317078486864506,0.3952569169960475,0.08791386787259758,True,15.299999999999997,2. Bundesliga,2,2024-11-10
Newport County vs Grimsby,O/U,Under 2.5,1.97,0.56730340343806,0.5076142131979695,0.05968919024009045,True,9.7,League Two,4,2024-11-16
Crewe vs Notts County,1X2,Home,2.77,0.44787359507989666,0.36101083032490977,0.08686276475498689,True,17.7,League Two,4,2024-11-16
Oviedo vs Tenerife,O/U,Over 2.5,2.53,0.4949538276003752,0.3952569169960475,0.09969691060432773,True,15.299999999999997,Segunda Division,2,2024-11-17
Zaragoza vs Malaga,O/U,Over 2.5,2.36,0.4941750784700131,0.42372881355932207,0.070446264910691,False,-10.0,Segunda Division,2,2024-11-17
Shrewsbury vs Birmingham,O/U,Under 2.5,2.11,0.5478436203506889,0.47393364928909953,0.07390997106158936,False,-10.0,League One,3,2024-11-23
Wrexham vs Exeter,O/U,Under 2.5,1.83,0.5973804160842588,0.5464480874316939,0.05093232865256492,False,-10.0,League One,3,2024-11-23
Fortuna Dusseldorf vs Elversberg,1X2,Away,3.42,0.4045258963879488,0.29239766081871343,0.11212823556923535,True,24.2,2. Bundesliga,2,2024-11-23
Notts County vs Newport County,O/U,Under 2.5,2.43,0.5574592845383576,0.4115226337448559,0.14593665079350165,True,14.3,League Two,4,2024-11-23
Cordoba vs Zaragoza,O/U,Over 2.5,2.17,0.5345844078207258,0.4608294930875576,0.0737549147331682,True,11.7,Segunda Division,2,2024-11-23
La Coruna vs Sp Gijon,O/U,Over 2.5,2.12,0.5363207117478034,0.4716981132075471,0.06462259854025626,False,-10.0,Segunda Division,2,2024-11-24
Albacete vs Tenerife,O/U,Over 2.5,2.2,0.5341852588563778,0.45454545454545453,0.07963980431092327,True,12.000000000000002,Segunda Division,2,2024-11-24
Dunkerque vs Ajaccio,O/U,Over 2.5,2.35,0.49778914415502346,0.425531914893617,0.07225722926140643,False,-10.0,Ligue 2,2,2024-11-25
Dunkerque vs Ajaccio,1X2,Home,2.01,0.5935329088910266,0.49751243781094534,0.09602047108008127,True,10.099999999999998,Ligue 2,2,2024-11-25
Norwich vs Plymouth,O/U,Under 2.5,2.35,0.4957498075472643,0.425531914893617,0.07021789265364725,False,-10.0,Championship,2,2024-11-26
Bristol Rvs vs Blackpool,O/U,Under 2.5,2.13,0.532366100129108,0.4694835680751174,0.06288253205399064,True,11.299999999999999,League One,3,2024-11-26
Exeter vs Birmingham,O/U,Under 2.5,2.03,0.5696966849214404,0.4926108374384237,0.07708584748301672,True,10.299999999999997,League One,3,2024-11-26
Cardiff vs QPR,O/U,Over 2.5,2.04,0.5444023360315288,0.49019607843137253,0.05420625760015624,False,-10.0,Championship,2,2024-11-27
Cardiff vs QPR,1X2,Home,1.97,0.577298545770335,0.5076142131979695,0.0696843325723655,False,-10.0,Championship,2,2024-11-27
Tenerife vs Elche,1X2,Away,2.61,0.4898935041642385,0.3831417624521073,0.1067517417121312,False,-10.0,Segunda Division,2,2024-11-30
Bristol City vs Plymouth,O/U,Under 2.5,2.17,0.5196057986669718,0.4608294930875576,0.058776305579414156,False,-10.0,Championship,2,2024-11-30
Preston vs West Brom,1X2,Home,2.96,0.438600854819123,0.33783783783783783,0.10076301698128515,False,-10.0,Championship,2,2024-11-30
Elversberg vs Paderborn,1X2,Home,2.45,0.5783348088106257,0.4081632653061224,0.1701715435045033,False,-10.0,2. Bundesliga,2,2024-11-30
Brescia vs Bari,1X2,Home,2.7,0.480039570390575,0.37037037037037035,0.10966920002020464,False,-10.0,Serie B,2,2024-11-30
Charlton vs Crawley Town,O/U,Under 2.5,2.05,0.5480578147285268,0.48780487804878053,0.06025293667974624,False,-10.0,League One,3,2024-12-03
Birmingham vs Stockport,O/U,Under 2.5,2.01,0.5492718502192064,0.49751243781094534,0.051759412408261096,True,10.099999999999998,League One,3,2024-12-04
Peterboro vs Burton,O/U,Under 2.5,2.59,0.48769256136872396,0.3861003861003861,0.10159217526833786,True,15.899999999999999,League One,3,2024-12-04
Elversberg vs Nurnberg,1X2,Home,2.45,0.4901220046422341,0.4081632653061224,0.0819587393361117,True,14.500000000000002,2. Bundesliga,2,2024-12-06
La Coruna vs Zaragoza,O/U,Over 2.5,2.07,0.5453184429295539,0.48309178743961356,0.06222665548994033,False,-10.0,Segunda Division,2,2024-12-07
Barnsley vs Birmingham,1X2,Home,3.39,0.38231267714135164,0.2949852507374631,0.08732742640388852,False,-10.0,League One,3,2024-12-07
Mantova vs Pisa,1X2,Home,3.33,0.40239607192196375,0.3003003003003003,0.10209577162166344,False,-10.0,Serie B,2,2024-12-07
Cordoba vs Tenerife,O/U,Over 2.5,2.29,0.4985796574464183,0.4366812227074236,0.0618984347389947,True,12.9,Segunda Division,2,2024-12-08
Cartagena vs Sp Gijon,O/U,Over 2.5,2.27,0.4977243166996898,0.44052863436123346,0.057195682338456344,False,-10.0,Segunda Division,2,2024-12-09
Northampton vs Peterboro,O/U,Under 2.5,2.33,0.5123555333700764,0.4291845493562232,0.08317098401385326,False,-10.0,League One,3,2024-12-09
Portsmouth vs Norwich,1X2,Home,3.23,0.42660253581908514,0.30959752321981426,0.11700501259927087,False,-10.0,Championship,2,2024-12-10
Cardiff vs Preston,O/U,Over 2.5,2.22,0.5122778354322605,0.4504504504504504,0.06182738498181006,False,-10.0,Championship,2,2024-12-11
Cardiff vs Preston,1X2,Home,2.3,0.5158713655522219,0.4347826086956522,0.08108875685656969,False,-10.0,Championship,2,2024-12-11
Almeria vs Mirandes,O/U,Over 2.5,2.1,0.532201276462263,0.47619047619047616,0.05601080027178684,False,-10.0,Segunda Division,2,2024-12-13
Colchester vs Newport County,O/U,Under 2.5,1.95,0.5770379727869556,0.5128205128205129,0.06421745996644268,True,9.5,League Two,4,2024-12-14
Salford vs Notts County,1X2,Home,2.47,0.5030388907591483,0.4048582995951417,0.09818059116400663,True,14.700000000000003,League Two,4,2024-12-14
Oviedo vs Granada,O/U,Over 2.5,2.15,0.5484717284967522,0.46511627906976744,0.08335544942698475,False,-10.0,Segunda Division,2,2024-12-14
Peterboro vs Crawley Town,O/U,Under 2.5,2.51,0.5170083223925039,0.39840637450199207,0.11860194789051187,False,-10.0,League One,3,2024-12-14
Huddersfield vs Lincoln,1X2,Home,1.84,0.6024712094429364,0.5434782608695652,0.05899294857337123,False,-10.0,League One,3,2024-12-14
Birmingham vs Bristol Rvs,O/U,Under 2.5,2.4,0.5207376674371015,0.4166666666666667,0.1040710007704348,True,14.0,League One,3,2024-12-14
Fleetwood Town vs Accrington,O/U,Under 2.5,1.96,0.5662920799566095,0.5102040816326531,0.05608799832395639,True,9.6,League Two,4,2024-12-16
Dunkerque vs Caen,1X2,Home,2.05,0.5744431298057937,0.48780487804878053,0.08663825175701317,True,10.499999999999998,Ligue 2,2,2024-12-16
Elversberg vs Schalke 04,1X2,Home,2.14,0.5961157419038678,0.4672897196261682,0.12882602227769963,False,-10.0,2. Bundesliga,2,2024-12-20
Zaragoza vs Ferrol,O/U,Over 2.5,2.27,0.4941846748206826,0.44052863436123346,0.05365604045944916,False,-10.0,Segunda Division,2,2024-12-21
Oviedo vs Cordoba,O/U,Over 2.5,2.0,0.5549803576225587,0.5,0.054980357622558707,True,10.0,Segunda Division,2,2024-12-21
Newport County vs Milton Keynes Dons,O/U,Under 2.5,2.09,0.5325467853613604,0.47846889952153115,0.0540778858398292,False,-10.0,League Two,4,2024-12-21
Burton vs Exeter,1X2,Home,2.89,0.4305833523480144,0.3460207612456747,0.08456259110233971,False,-10.0,League One,3,2024-12-21
La Coruna vs Mirandes,O/U,Over 2.5,2.28,0.5210247391350654,0.4385964912280702,0.08242824790699521,True,12.799999999999997,Segunda Division,2,2024-12-22
Kaiserslautern vs FC Koln,O/U,Under 2.5,2.34,0.4803211047718896,0.4273504273504274,0.05297067742146222,True,13.399999999999999,2. Bundesliga,2,2024-12-22
Crawley Town vs Birmingham,O/U,Under 2.5,2.24,0.5376925826246614,0.4464285714285714,0.09126401119608996,True,12.400000000000002,League One,3,2024-12-23
Birmingham vs Burton,O/U,Under 2.5,2.39,0.4953349862123657,0.41841004184100417,0.07692494437136155,True,13.900000000000002,League One,3,2024-12-26
Bolton vs Barnsley,O/U,Under 2.5,2.13,0.5246158911623486,0.4694835680751174,0.05513232308723126,False,-10.0,League One,3,2024-12-26
Peterboro vs Mansfield,O/U,Under 2.5,2.34,0.5022191185327357,0.4273504273504274,0.07486869118230832,False,-10.0,League One,3,2024-12-26
Reading vs Northampton,O/U,Under 2.5,2.12,0.5262239172196852,0.4716981132075471,0.05452580401213808,False,-10.0,League One,3,2024-12-26
Palermo vs Bari,1X2,Home,1.94,0.598050418014029,0.5154639175257733,0.08258650048825578,True,9.399999999999999,Serie B,2,2024-12-26
Bromley vs Newport County,O/U,Under 2.5,2.18,0.5224410354451163,0.4587155963302752,0.06372543911484113,False,-10.0,League Two,4,2024-12-26
Wrexham vs Blackpool,O/U,Under 2.5,1.91,0.5843674020070388,0.5235602094240838,0.06080719258295508,False,-10.0,League One,3,2024-12-26
Coventry vs Plymouth,O/U,Under 2.5,2.58,0.48694045663265184,0.38759689922480617,0.09934355740784567,False,-10.0,Championship,2,2024-12-26
Grimsby vs Port Vale,1X2,Home,2.98,0.45408307689553284,0.33557046979865773,0.11851260709687511,True,19.8,League Two,4,2024-12-29
Exeter vs Crawley Town,O/U,Under 2.5,1.96,0.5722805630213056,0.5102040816326531,0.062076481388652516,False,-10.0,League One,3,2024-12-29
Cheltenham vs Notts County,1X2,Home,2.97,0.4345560467606697,0.33670033670033667,0.09785571006033306,False,-10.0,League Two,4,2024-12-29
Peterboro vs Barnsley,O/U,Under 2.5,2.44,0.49790654448176497,0.4098360655737705,0.08807047890799446,False,-10.0,League One,3,2024-12-29
Reading vs Mansfield,O/U,Under 2.5,2.13,0.5355719445815489,0.4694835680751174,0.06608837650643151,False,-10.0,League One,3,2024-12-29
Bari vs Spezia,1X2,Away,2.61,0.5020152304253471,0.3831417624521073,0.11887346797323983,False,-10.0,Serie B,2,2024-12-29
Blackpool vs Shrewsbury,O/U,Under 2.5,2.09,0.5716577862670251,0.47846889952153115,0.09318888674549397,True,10.899999999999999,League One,3,2025-01-01
Bristol Rvs vs Leyton Orient,1X2,Away,2.04,0.5632660477390985,0.49019607843137253,0.07306996930772597,True,10.4,League One,3,2025-01-01
Burton vs Peterboro,O/U,Under 2.5,2.21,0.5262165775494877,0.45248868778280543,0.07372788976668226,False,-10.0,League One,3,2025-01-01
Huddersfield vs Rotherham,1X2,Home,1.74,0.6363812941643873,0.5747126436781609,0.061668650486226384,False,-10.0,League One,3,2025-01-04
Barnsley vs Crawley Town,O/U,Under 2.5,2.31,0.514150423834475,0.4329004329004329,0.08124999093404206,False,-10.0,League One,3,2025-01-04
Wycombe vs Blackpool,O/U,Under 2.5,1.94,0.5836784931563727,0.5154639175257733,0.0682145756305994,True,9.399999999999999,League One,3,2025-01-04
Stoke vs Plymouth,O/U,Under 2.5,2.22,0.5037244114541655,0.4504504504504504,0.053273961003715065,True,12.200000000000003,Championship,2,2025-01-04
Sheffield Weds vs Millwall,O/U,Over 2.5,2.46,0.4835797209795065,0.4065040650406504,0.07707565593885612,True,14.6,Championship,2,2025-01-04
Stockport vs Mansfield,1X2,Home,1.99,0.5925451783325231,0.5025125628140703,0.09003261551845276,False,-10.0,League One,3,2025-01-04
QPR vs Luton,1X2,Home,2.46,0.5181232753906895,0.4065040650406504,0.11161921035003908,True,14.6,Championship,2,2025-01-06
Annecy vs Guingamp,1X2,Home,2.54,0.48395014153152793,0.39370078740157477,0.09024935412995316,False,-10.0,Ligue 2,2,2025-01-10
Oviedo vs Sp Gijon,O/U,Over 2.5,2.48,0.5403306086575089,0.40322580645161293,0.137104802205896,False,-10.0,Segunda Division,2,2025-01-11
Spezia vs Juve Stabia,O/U,Over 2.5,2.33,0.5036188180942148,0.4291845493562232,0.07443426873799164,False,-10.0,Serie B,2,2025-01-12
Elche vs Zaragoza,O/U,Over 2.5,2.36,0.5066066870274823,0.42372881355932207,0.08287787346816028,False,-10.0,Segunda Division,2,2025-01-12
Brescia vs Sampdoria,1X2,Home,2.56,0.4734099200788419,0.390625,0.08278492007884192,False,-10.0,Serie B,2,2025-01-12
Amiens vs Bastia,O/U,Over 2.5,2.35,0.4914137191672085,0.425531914893617,0.06588180427359147,False,-10.0,Ligue 2,2,2025-01-17
Cartagena vs Oviedo,O/U,Over 2.5,2.39,0.5191121385369292,0.41841004184100417,0.100702096695925,False,-10.0,Segunda Division,2,2025-01-17
Mansfield vs Wycombe,O/U,Under 2.5,1.88,0.584737251487701,0.5319148936170213,0.05282235787067968,False,-10.0,League One,3,2025-01-18
Crawley Town vs Burton,O/U,Under 2.5,1.98,0.5623238099664978,0.5050505050505051,0.057273304915992695,True,9.8,League One,3,2025-01-18
Portsmouth vs Middlesbrough,O/U,Under 2.5,2.15,0.5288331328183924,0.46511627906976744,0.06371685374862496,False,-10.0,Championship,2,2025-01-18
Peterboro vs Leyton Orient,O/U,Under 2.5,2.09,0.5415669428043848,0.47846889952153115,0.06309804328285362,True,10.899999999999999,League One,3,2025-01-18
Birmingham vs Exeter,O/U,Under 2.5,2.13,0.5216423932749864,0.4694835680751174,0.05215882519986903,True,11.299999999999999,League One,3,2025-01-18
Salford vs Fleetwood Town,1X2,Home,1.87,0.6305236416117823,0.53475935828877,0.09576428332301234,False,-10.0,League Two,4,2025-01-18
Dunkerque vs Lorient,1X2,Home,2.95,0.42341071757264215,0.3389830508474576,0.08442766672518454,False,-10.0,Ligue 2,2,2025-01-18
Nurnberg vs Karlsruhe,1X2,Home,2.22,0.6034033345814593,0.4504504504504504,0.15295288413100894,True,12.200000000000003,2. Bundesliga,2,2025-01-19
Almeria vs Huesca,O/U,Over 2.5,2.06,0.5469437777984938,0.4854368932038835,0.06150688459461029,False,-10.0,Segunda Division,2,2025-01-19
Catanzaro vs Pisa,1X2,Home,3.17,0.3959882140095072,0.31545741324921134,0.08053080076029584,False,-10.0,Serie B,2,2025-01-19
Palermo vs Juve Stabia,1X2,Home,1.96,0.5682512586006857,0.5102040816326531,0.05804717696803263,True,9.6,Serie B,2,2025-01-19
Peterboro vs Exeter,O/U,Under 2.5,2.15,0.5223600623311467,0.46511627906976744,0.0572437832613793,True,11.5,League One,3,2025-01-21
Spezia vs Sassuolo,O/U,Over 2.5,1.99,0.5706457564393973,0.5025125628140703,0.068133193625327,True,9.9,Serie B,2,2025-01-24
Cosenza vs Cittadella,O/U,Over 2.5,2.3,0.5130250052772678,0.4347826086956522,0.07824239658161558,False,-10.0,Serie B,2,2025-01-25
Mantova vs Sampdoria,1X2,Home,2.8,0.5171131956951174,0.35714285714285715,0.15997033855226023,False,-10.0,Serie B,2,2025-01-25
Leyton Orient vs Reading,1X2,Home,1.68,0.6813979388426572,0.5952380952380952,0.08615984360456197,True,6.799999999999999,League One,3,2025-01-25
Huddersfield vs Bolton,1X2,Home,1.96,0.6182258249826305,0.5102040816326531,0.10802174334997738,False,-10.0,League One,3,2025-01-25
Preston vs Middlesbrough,1X2,Home,3.16,0.40884132529191,0.3164556962025316,0.09238562908937836,True,21.6,Championship,2,2025-01-25
Wycombe vs Northampton,O/U,Under 2.5,2.0,0.5545845203998181,0.5,0.05458452039981809,True,10.0,League One,3,2025-01-25
FC Koln vs Elversberg,O/U,Under 2.5,2.47,0.49941298889957697,0.4048582995951417,0.09455468930443528,True,14.700000000000003,2. Bundesliga,2,2025-01-25
Bradford vs Walsall,1X2,Away,2.58,0.49879255327468774,0.38759689922480617,0.11119565404988158,False,-10.0,League Two,4,2025-01-25
Cremonese vs Modena,O/U,Over 2.5,2.36,0.5234115272598887,0.42372881355932207,0.09968271370056664,True,13.599999999999998,Serie B,2,2025-01-26
Cremonese vs Modena,1X2,Home,1.85,0.6267732726814181,0.5405405405405405,0.08623273214087768,False,-10.0,Serie B,2,2025-01-26
Darmstadt vs Paderborn,1X2,Home,2.14,0.5601099638715021,0.4672897196261682,0.09282024424533392,False,-10.0,2. Bundesliga,2,2025-01-26
Cadiz vs Mirandes,1X2,Away,3.81,0.3688474103457524,0.26246719160104987,0.10638021874470255,False,-10.0,Segunda Division,2,2025-01-27
Fleetwood Town vs Walsall,1X2,Away,2.3,0.5308756555368603,0.4347826086956522,0.09609304684120812,False,-10.0,League Two,4,2025-01-28
Huddersfield vs Birmingham,1X2,Home,2.98,0.47604028772229534,0.33557046979865773,0.1404698179236376,False,-10.0,League One,3,2025-01-28
Mansfield vs Crawley Town,O/U,Under 2.5,2.15,0.5153995701131258,0.46511627906976744,0.050283291043358325,True,11.5,League One,3,2025-01-28
Exeter vs Leyton Orient,1X2,Away,2.22,0.5539934326899991,0.4504504504504504,0.10354298223954872,True,12.200000000000003,League One,3,2025-01-28
Bolton vs Northampton,O/U,Under 2.5,2.07,0.5669434066258688,0.48309178743961356,0.08385161918625528,False,-10.0,League One,3,2025-01-28
Palermo vs Pisa,1X2,Home,2.35,0.5167271213395105,0.425531914893617,0.09119520644589346,False,-10.0,Serie B,2,2025-01-31
Bastia vs Metz,1X2,Home,2.96,0.43565247495525317,0.33783783783783783,0.09781463711741534,False,-10.0,Ligue 2,2,2025-01-31
Reading vs Bolton,O/U,Under 2.5,2.12,0.5335553600335572,0.4716981132075471,0.06185724682601007,True,11.200000000000001,League One,3,2025-02-01
Braunschweig vs FC Koln,O/U,Under 2.5,2.1,0.5755387667606168,0.47619047619047616,0.09934829057014061,False,-10.0,2. Bundesliga,2,2025-02-01
Troyes vs Caen,1X2,Home,2.02,0.6142177144924996,0.49504950495049505,0.11916820954200458,True,10.2,Ligue 2,2,2025-02-01
Leyton Orient vs Stockport,1X2,Home,2.6,0.5284353134576234,0.3846153846153846,0.14381992884223882,False,-10.0,League One,3,2025-02-01
Bristol Rvs vs Peterboro,O/U,Under 2.5,2.06,0.5638477724580503,0.4854368932038835,0.07841087925416679,False,-10.0,League One,3,2025-02-02
Salford vs Bromley,1X2,Home,2.22,0.532868260653278,0.4504504504504504,0.08241781020282757,False,-10.0,League Two,4,2025-02-04
Preußen Münster vs Hamburg,O/U,Under 2.5,2.19,0.5333335296118344,0.4566210045662101,0.07671252504562437,False,-10.0,2. Bundesliga,2,2025-02-07
Bolton vs Crawley Town,O/U,Under 2.5,2.43,0.5135672820138825,0.4115226337448559,0.10204464826902654,False,-10.0,League One,3,2025-02-08
West Brom vs Sheffield Weds,O/U,Over 2.5,2.04,0.5530687798706286,0.49019607843137253,0.0628727014392561,True,10.4,Championship,2,2025-02-08
Cosenza vs Carrarese,O/U,Over 2.5,2.29,0.49516479461902213,0.4366812227074236,0.05848357191159853,False,-10.0,Serie B,2,2025-02-08
Swindon vs Port Vale,1X2,Home,2.26,0.6202622447579964,0.4424778761061947,0.1777843686518017,False,-10.0,League Two,4,2025-02-08
Hertha vs Kaiserslautern,O/U,Under 2.5,2.37,0.4939907076229151,0.42194092827004215,0.07204977935287293,True,13.700000000000001,2. Bundesliga,2,2025-02-08
Cordoba vs Huesca,O/U,Over 2.5,2.42,0.484779764716344,0.4132231404958678,0.0715566242204762,True,14.2,Segunda Division,2,2025-02-09
FC Koln vs Schalke 04,O/U,Under 2.5,2.34,0.5111740342192941,0.4273504273504274,0.0838236068688667,True,13.399999999999999,2. Bundesliga,2,2025-02-09
Cremonese vs Sudtirol,O/U,Over 2.5,2.21,0.5824505435554486,0.45248868778280543,0.12996185577264313,True,12.1,Serie B,2,2025-02-09
Oviedo vs Eldense,O/U,Over 2.5,2.34,0.48855406495274484,0.4273504273504274,0.06120363760231745,False,-10.0,Segunda Division,2,2025-02-10
Walsall vs Gillingham,O/U,Over 2.5,2.06,0.555428347078718,0.4854368932038835,0.06999145387483452,False,-10.0,League Two,4,2025-02-11
Charlton vs Peterboro,O/U,Under 2.5,2.29,0.4885149628190302,0.4366812227074236,0.051833740111606574,False,-10.0,League One,3,2025-02-11
Leyton Orient vs Lincoln,O/U,Over 2.5,2.26,0.493373769213934,0.4424778761061947,0.05089589310773929,True,12.599999999999998,League One,3,2025-02-15
Leyton Orient vs Lincoln,1X2,Home,1.83,0.6430178146850989,0.5464480874316939,0.09656972725340496,True,8.3,League One,3,2025-02-15
Sudtirol vs Sampdoria,1X2,Home,2.62,0.46827014087047414,0.38167938931297707,0.08659075155749707,True,16.200000000000003,Serie B,2,2025-02-15
Modena vs Spezia,O/U,Over 2.5,2.4,0.511535179612653,0.4166666666666667,0.09486851294598636,False,-10.0,Serie B,2,2025-02-15
Modena vs Spezia,1X2,Away,2.5,0.5208103837234455,0.4,0.12081038372344544,False,-10.0,Serie B,2,2025-02-15
Dunkerque vs Paris FC,1X2,Home,2.94,0.4799823150910213,0.3401360544217687,0.1398462606692526,True,19.4,Ligue 2,2,2025-02-15
Middlesbrough vs Watford,O/U,Under 2.5,2.29,0.5222453183805996,0.4366812227074236,0.08556409567317602,True,12.9,Championship,2,2025-02-15
Tenerife vs Cordoba,1X2,Away,3.57,0.40756930684097203,0.2801120448179272,0.12745726202304486,True,25.7,Segunda Division,2,2025-02-15
Kaiserslautern vs Hannover,1X2,Home,2.82,0.5141200432870283,0.3546099290780142,0.15951011420901412,False,-10.0,2. Bundesliga,2,2025-02-15
Annecy vs Caen,1X2,Home,2.35,0.5482919357298488,0.425531914893617,0.12276002083623178,True,13.5,Ligue 2,2,2025-02-17
Wycombe vs Bristol Rvs,O/U,Under 2.5,2.09,0.5316246305131462,0.47846889952153115,0.05315573099161508,True,10.899999999999999,League One,3,2025-02-18
Fleetwood Town vs AFC Wimbledon,1X2,Home,3.22,0.3918534409364997,0.3105590062111801,0.08129443472531961,False,-10.0,League Two,4,2025-02-18
Hertha vs Nurnberg,O/U,Under 2.5,2.36,0.4866887940308047,0.42372881355932207,0.0629599804714826,True,13.599999999999998,2. Bundesliga,2,2025-02-21
Bastia vs Red Star,1X2,Home,1.74,0.6292760548001719,0.5747126436781609,0.05456341112201102,True,7.4,Ligue 2,2,2025-02-21
Grenoble vs Guingamp,1X2,Home,3.02,0.4398002102174108,0.33112582781456956,0.10867438240284122,False,-10.0,Ligue 2,2,2025-02-21
Cittadella vs Modena,1X2,Home,2.99,0.4478343886168782,0.33444816053511706,0.11338622808176113,False,-10.0,Serie B,2,2025-02-22
Swindon vs Chesterfield,1X2,Home,2.69,0.49408065232451615,0.3717472118959108,0.12233344042860533,True,16.9,League Two,4,2025-02-22
Reading vs Birmingham,O/U,Under 2.5,2.06,0.5800831075019044,0.4854368932038835,0.09464621429802089,True,10.600000000000001,League One,3,2025-02-22
Cremonese vs Cesena,1X2,Home,1.78,0.6483973541772095,0.5617977528089888,0.08659960136822065,False,-10.0,Serie B,2,2025-02-22
Ferrol vs Cordoba,O/U,Over 2.5,2.2,0.5412796087624993,0.45454545454545453,0.08673415421704472,False,-10.0,Segunda Division,2,2025-02-22
Ferrol vs Cordoba,1X2,Away,2.43,0.5305718352428375,0.4115226337448559,0.11904920149798154,True,14.3,Segunda Division,2,2025-02-22
Sudtirol vs Spezia,O/U,Over 2.5,2.3,0.5031139006273619,0.4347826086956522,0.06833129193170973,False,-10.0,Serie B,2,2025-02-28
Clermont vs Caen,1X2,Home,2.22,0.5509946539454603,0.4504504504504504,0.10054420349500992,False,-10.0,Ligue 2,2,2025-02-28
Doncaster vs Newport County,O/U,Under 2.5,2.32,0.4895343317662466,0.4310344827586207,0.05849984900762589,False,-10.0,League Two,4,2025-03-01
Nurnberg vs Hannover,1X2,Home,2.57,0.49393177653403475,0.38910505836575876,0.10482671816827599,False,-10.0,2. Bundesliga,2,2025-03-01
QPR vs Sheffield United,1X2,Home,3.0,0.4620635885486597,0.3333333333333333,0.12873025521532638,False,-10.0,Championship,2,2025-03-01
Cordoba vs Granada,1X2,Home,2.42,0.5104605861591786,0.4132231404958678,0.09723744566331077,True,14.2,Segunda Division,2,2025-03-02
Elversberg vs Hertha,O/U,Under 2.5,2.33,0.49811846016886596,0.4291845493562232,0.06893391081264277,False,-10.0,2. Bundesliga,2,2025-03-02
Magdeburg vs Darmstadt,1X2,Home,1.92,0.5779632004074808,0.5208333333333334,0.05712986707414747,True,9.2,2. Bundesliga,2,2025-03-02
Swindon vs Salford,O/U,Over 2.5,2.22,0.5038558556763654,0.4504504504504504,0.05340540522591497,True,12.200000000000003,League Two,4,2025-03-04
Swindon vs Salford,1X2,Home,2.01,0.5868413518486206,0.49751243781094534,0.08932891403767529,False,-10.0,League Two,4,2025-03-04
Preston vs Swansea,1X2,Home,2.4,0.5033137522838743,0.4166666666666667,0.08664708561720763,False,-10.0,Championship,2,2025-03-04
Blackpool vs Peterboro,O/U,Under 2.5,2.25,0.5086082076239271,0.4444444444444444,0.06416376317948269,True,12.5,League One,3,2025-03-04
Accrington vs Milton Keynes Dons,1X2,Home,2.46,0.4946261354619028,0.4065040650406504,0.08812207042125242,True,14.6,League Two,4,2025-03-04
La Coruna vs Cordoba,1X2,Away,3.68,0.40455219684093546,0.2717391304347826,0.13281306640615287,False,-10.0,Segunda Division,2,2025-03-07
Tranmere vs Bromley,1X2,Home,2.41,0.4956563996158264,0.41493775933609955,0.08071864027972686,True,14.100000000000001,League Two,4,2025-03-08
Harrogate vs Carlisle,1X2,Home,2.72,0.46882203990546706,0.3676470588235294,0.10117498108193768,True,17.200000000000003,League Two,4,2025-03-08
Chesterfield vs Newport County,O/U,Under 2.5,2.14,0.5192728488593975,0.4672897196261682,0.051983129233229286,False,-10.0,League Two,4,2025-03-08
Hertha vs Schalke 04,O/U,Under 2.5,2.23,0.5044262296652945,0.4484304932735426,0.05599573639175187,False,-10.0,2. Bundesliga,2,2025-03-08
Peterboro vs Wycombe,O/U,Under 2.5,1.99,0.5970411582377496,0.5025125628140703,0.0945285954236793,True,9.9,League One,3,2025-03-08
Crawley Town vs Reading,O/U,Under 2.5,2.17,0.5449469187726027,0.4608294930875576,0.0841174256850451,True,11.7,League One,3,2025-03-08
Spezia vs Pisa,O/U,Over 2.5,2.31,0.4896829569246707,0.4329004329004329,0.05678252402423778,True,13.100000000000001,Serie B,2,2025-03-09
Reading vs Wrexham,O/U,Under 2.5,1.84,0.5948708056004525,0.5434782608695652,0.05139254473088728,True,8.4,League One,3,2025-03-11
Crawley Town vs Charlton,O/U,Under 2.5,1.96,0.5638977226068836,0.5102040816326531,0.05369364097423057,True,9.6,League One,3,2025-03-11
Palermo vs Cremonese,O/U,Over 2.5,2.12,0.5546589020670316,0.4716981132075471,0.08296078885948449,True,11.200000000000001,Serie B,2,2025-03-14
Troyes vs Guingamp,O/U,Over 2.5,2.31,0.4845063516756296,0.4329004329004329,0.05160591877519671,False,-10.0,Ligue 2,2,2025-03-14
Martigues vs Pau FC,1X2,Home,3.4,0.392309342527033,0.29411764705882354,0.09819169546820944,False,-10.0,Ligue 2,2,2025-03-14
Amiens vs Caen,1X2,Home,3.29,0.4184602761034835,0.303951367781155,0.11450890832232852,True,22.9,Ligue 2,2,2025-03-14
Mansfield vs Barnsley,O/U,Under 2.5,1.98,0.5617621314562163,0.5050505050505051,0.05671162640571126,False,-10.0,League One,3,2025-03-15
Huddersfield vs Crawley Town,O/U,Under 2.5,2.26,0.5398722603973483,0.4424778761061947,0.09739438429115355,False,-10.0,League One,3,2025-03-15
Blackpool vs Leyton Orient,1X2,Home,2.27,0.5274093044530213,0.44052863436123346,0.08688067009178779,False,-10.0,League One,3,2025-03-15
Cambridge vs Peterboro,O/U,Under 2.5,2.01,0.5480993101502952,0.49751243781094534,0.050586872339349886,True,10.099999999999998,League One,3,2025-03-15
Grimsby vs Salford,1X2,Home,2.03,0.5811162135605761,0.4926108374384237,0.08850537612215237,False,-10.0,League Two,4,2025-03-15
Cordoba vs Sp Gijon,1X2,Home,2.18,0.5887787284802981,0.4587155963302752,0.1300631321500229,False,-10.0,Segunda Division,2,2025-03-15
Eldense vs Mirandes,O/U,Over 2.5,2.35,0.4883627505397028,0.425531914893617,0.06283083564608577,True,13.5,Segunda Division,2,2025-03-16
Sudtirol vs Carrarese,O/U,Over 2.5,2.37,0.5035110416674449,0.42194092827004215,0.08157011339740272,True,13.700000000000001,Serie B,2,2025-03-16
Sheffield Weds vs Sheffield United,1X2,Home,2.52,0.4792856894433464,0.3968253968253968,0.08246029261794957,False,-10.0,Championship,2,2025-03-16
Castellon vs La Coruna,O/U,Under 2.5,2.01,0.5855947633520413,0.49751243781094534,0.08808232554109596,False,-10.0,Segunda Division,2,2025-03-17
Barnsley vs Cambridge,O/U,Under 2.5,2.07,0.5645686679226132,0.48309178743961356,0.08147688048299961,True,10.7,League One,3,2025-03-22
Peterboro vs Charlton,O/U,Under 2.5,1.92,0.5822466966708503,0.5208333333333334,0.0614133633375169,False,-10.0,League One,3,2025-03-22
Levante vs Castellon,O/U,Under 2.5,2.07,0.5534307318188658,0.48309178743961356,0.07033894437925226,False,-10.0,Segunda Division,2,2025-03-23
Sheffield United vs Coventry,1X2,Away,3.56,0.38389745832648225,0.2808988764044944,0.10299858192198785,False,-10.0,Championship,2,2025-03-28
Ulm vs Darmstadt,1X2,Home,2.77,0.44973129824242064,0.36101083032490977,0.08872046791751087,True,17.7,2. Bundesliga,2,2025-03-28
Hamburg vs Elversberg,1X2,Home,1.74,0.625360606932811,0.5747126436781609,0.05064796325465015,False,-10.0,2. Bundesliga,2,2025-03-28
Mantova vs Sudtirol,O/U,Over 2.5,2.33,0.5013894427436443,0.4291845493562232,0.07220489338742109,False,-10.0,Serie B,2,2025-03-29
Middlesbrough vs Oxford,O/U,Under 2.5,1.96,0.5659506862629524,0.5102040816326531,0.055746604630299346,False,-10.0,Championship,2,2025-03-29
Reading vs Peterboro,O/U,Under 2.5,2.17,0.5840103969559424,0.4608294930875576,0.12318090386838476,False,-10.0,League One,3,2025-03-29
Hertha vs Karlsruhe,O/U,Under 2.5,2.32,0.5046319442127916,0.4310344827586207,0.07359746145417084,False,-10.0,2. Bundesliga,2,2025-03-29
Paderborn vs FC Koln,1X2,Home,2.25,0.528556418674863,0.4444444444444444,0.0841119742304186,False,-10.0,2. Bundesliga,2,2025-03-29
Kaiserslautern vs Fortuna Dusseldorf,1X2,Home,2.33,0.5280467862992169,0.4291845493562232,0.09886223694299368,True,13.3,2. Bundesliga,2,2025-03-29
Exeter vs Wrexham,O/U,Under 2.5,1.61,0.6733659079727922,0.6211180124223602,0.052247895550431966,True,6.100000000000001,League One,3,2025-03-29
Swindon vs AFC Wimbledon,1X2,Home,2.99,0.4353998567150307,0.33444816053511706,0.10095169617991362,True,19.900000000000002,League Two,4,2025-04-01
Crawley Town vs Peterboro,O/U,Under 2.5,2.23,0.539186964554542,0.4484304932735426,0.09075647128099934,False,-10.0,League One,3,2025-04-01
Doncaster vs Walsall,1X2,Home,2.03,0.5914563193813291,0.4926108374384237,0.09884548194290543,False,-10.0,League Two,4,2025-04-01
Barnsley vs Exeter,O/U,Under 2.5,2.02,0.5813372718875636,0.49504950495049505,0.08628776693706852,False,-10.0,League One,3,2025-04-01
Notts County vs Milton Keynes Dons,O/U,Under 2.5,2.32,0.5557086703913398,0.4310344827586207,0.12467418763271904,False,-10.0,League Two,4,2025-04-02
Braunschweig vs Paderborn,O/U,Under 2.5,2.17,0.515799568032119,0.4608294930875576,0.05497007494456141,False,-10.0,2. Bundesliga,2,2025-04-04
Rodez vs Martigues,O/U,Under 2.5,2.36,0.4965639805318425,0.42372881355932207,0.0728351669725204,True,13.599999999999998,Ligue 2,2,2025-04-04
Ajaccio vs Amiens,O/U,Over 2.5,2.54,0.4877374583535401,0.39370078740157477,0.09403667095196533,True,15.4,Ligue 2,2,2025-04-04
Castellon vs Albacete,O/U,Under 2.5,2.26,0.5339377753231236,0.4424778761061947,0.09145989921692887,False,-10.0,Segunda Division,2,2025-04-04
Karlsruhe vs Hannover,O/U,Under 2.5,2.27,0.5101848366519899,0.44052863436123346,0.06965620229075642,True,12.7,2. Bundesliga,2,2025-04-04
Reggiana vs Cremonese,O/U,Over 2.5,2.41,0.530173754066547,0.41493775933609955,0.11523599473044743,True,14.100000000000001,Serie B,2,2025-04-04
Reggiana vs Cremonese,1X2,Away,2.08,0.5723585501881783,0.4807692307692307,0.09158931941894755,True,10.8,Serie B,2,2025-04-04
Sp Gijon vs Tenerife,1X2,Away,3.69,0.3775957867412976,0.2710027100271003,0.10659307671419732,True,26.9,Segunda Division,2,2025-04-05
Reading vs Wycombe,O/U,Under 2.5,1.83,0.6034790168166971,0.5464480874316939,0.057030929385003204,True,8.3,League One,3,2025-04-05
Plymouth vs Norwich,O/U,Under 2.5,1.9,0.5769141390607421,0.5263157894736842,0.05059834958705789,False,-10.0,Championship,2,2025-04-05
Nurnberg vs Hamburg,O/U,Under 2.5,2.27,0.5126331368380039,0.44052863436123346,0.07210450247677047,False,-10.0,2. Bundesliga,2,2025-04-05
Birmingham vs Barnsley,O/U,Under 2.5,2.24,0.5240747292227855,0.4464285714285714,0.07764615779421413,False,-10.0,League One,3,2025-04-05
Bolton vs Bristol Rvs,O/U,Under 2.5,2.26,0.49992901686387914,0.4424778761061947,0.05745114075768443,True,12.599999999999998,League One,3,2025-04-05
Huddersfield vs Mansfield,O/U,Under 2.5,1.96,0.5630994052891349,0.5102040816326531,0.05289532365648186,False,-10.0,League One,3,2025-04-05
Peterboro vs Northampton,O/U,Under 2.5,2.01,0.5495368666016995,0.49751243781094534,0.052024428790754196,False,-10.0,League One,3,2025-04-05
Elversberg vs Regensburg,O/U,Under 2.5,2.15,0.5501828335598931,0.46511627906976744,0.08506655449012562,False,-10.0,2. Bundesliga,2,2025-04-06
Peterboro vs Birmingham,O/U,Under 2.5,2.22,0.5111379256132345,0.4504504504504504,0.060687475162784055,False,-10.0,League One,3,2025-04-08
Norwich vs Sunderland,O/U,Under 2.5,1.93,0.5720738541666468,0.5181347150259068,0.05393913914074,True,9.299999999999999,Championship,2,2025-04-08
Martigues vs Metz,O/U,Under 2.5,2.13,0.5243913714317504,0.4694835680751174,0.054907803356633034,False,-10.0,Ligue 2,2,2025-04-11
Crawley Town vs Leyton Orient,1X2,Home,3.1,0.4454219942291271,0.3225806451612903,0.12284134906783678,False,-10.0,League One,3,2025-04-12
Leeds vs Preston,O/U,Under 2.5,2.2,0.5147335210786188,0.45454545454545453,0.060188066533164275,False,-10.0,Championship,2,2025-04-12
Hannover vs Elversberg,O/U,Under 2.5,2.18,0.5267396764597828,0.4587155963302752,0.06802408012950761,False,-10.0,2. Bundesliga,2,2025-04-12
Doncaster vs AFC Wimbledon,O/U,Over 2.5,2.16,0.5380351663222875,0.4629629629629629,0.07507220335932463,False,-10.0,League Two,4,2025-04-12
Doncaster vs AFC Wimbledon,1X2,Home,1.95,0.6000936170989479,0.5128205128205129,0.08727310427843504,False,-10.0,League Two,4,2025-04-12
Barrow vs Walsall,1X2,Home,2.85,0.4552961591786797,0.3508771929824561,0.1044189661962236,True,18.5,League Two,4,2025-04-12
Cremonese vs Juve Stabia,O/U,Over 2.5,1.99,0.5571743251210077,0.5025125628140703,0.05466176230693742,False,-10.0,Serie B,2,2025-04-13
Santander vs Castellon,O/U,Under 2.5,2.21,0.5080795820372779,0.45248868778280543,0.055590894254472445,True,12.1,Segunda Division,2,2025-04-13
Eldense vs Sp Gijon,1X2,Home,2.22,0.536499472851367,0.4504504504504504,0.08604902240091661,False,-10.0,Segunda Division,2,2025-04-13
Peterboro vs Stockport,O/U,Under 2.5,2.08,0.5516836542735032,0.4807692307692307,0.07091442350427246,True,10.8,League One,3,2025-04-18
Milton Keynes Dons vs Newport County,O/U,Under 2.5,2.28,0.5382549287794188,0.4385964912280702,0.09965843755134862,True,12.799999999999997,League Two,4,2025-04-18
Middlesbrough vs Plymouth,O/U,Under 2.5,2.4,0.581059591664189,0.4166666666666667,0.16439292499752228,False,-10.0,Championship,2,2025-04-18
Norwich vs Portsmouth,O/U,Under 2.5,2.01,0.5807976220814968,0.49751243781094534,0.08328518427055143,False,-10.0,Championship,2,2025-04-18
Caen vs Martigues,O/U,Under 2.5,1.99,0.5618341424328571,0.5025125628140703,0.05932157961878681,False,-10.0,Ligue 2,2,2025-04-18
Elversberg vs Fortuna Dusseldorf,1X2,Home,1.74,0.650488172995244,0.5747126436781609,0.07577552931708309,False,-10.0,2. Bundesliga,2,2025-04-19
Cordoba vs Oviedo,1X2,Home,2.33,0.5609666058855856,0.4291845493562232,0.13178205652936237,False,-10.0,Segunda Division,2,2025-04-20
Darmstadt vs Hannover,O/U,Under 2.5,2.09,0.5470488955752169,0.47846889952153115,0.0685799960536857,False,-10.0,2. Bundesliga,2,2025-04-20
FC Koln vs Preußen Münster,O/U,Under 2.5,2.17,0.5146319020133999,0.4608294930875576,0.053802408925842315,False,-10.0,2. Bundesliga,2,2025-04-20
Karlsruhe vs Greuther Furth,O/U,Under 2.5,2.19,0.5167933830722224,0.4566210045662101,0.06017237850601237,True,11.899999999999999,2. Bundesliga,2,2025-04-20
Lincoln vs Bolton,1X2,Home,3.09,0.4650085414444157,0.3236245954692557,0.14138394597516002,True,20.9,League One,3,2025-04-21
Mansfield vs Reading,O/U,Under 2.5,2.1,0.5687957348361599,0.47619047619047616,0.0926052586456837,False,-10.0,League One,3,2025-04-21
Notts County vs Cheltenham,O/U,Under 2.5,2.2,0.5274885145003898,0.45454545454545453,0.07294305995493527,False,-10.0,League Two,4,2025-04-21
Leeds vs Stoke,O/U,Under 2.5,2.14,0.5713330061483447,0.4672897196261682,0.10404328652217648,False,-10.0,Championship,2,2025-04-21
Crawley Town vs Exeter,O/U,Under 2.5,1.94,0.5854387384258406,0.5154639175257733,0.06997482090006735,False,-10.0,League One,3,2025-04-21
Swindon vs Bromley,1X2,Home,1.82,0.6002728623045053,0.5494505494505494,0.05082231285395589,False,-10.0,League Two,4,2025-04-21
Doncaster vs Colchester,O/U,Over 2.5,2.05,0.5479394817584748,0.48780487804878053,0.06013460370969431,True,10.499999999999998,League Two,4,2025-04-21
Gillingham vs AFC Wimbledon,1X2,Home,3.37,0.40091669854884365,0.29673590504451036,0.10418079350433329,True,23.700000000000003,League Two,4,2025-04-21
Chesterfield vs Bradford,1X2,Home,2.34,0.5510460564509736,0.4273504273504274,0.12369562910054621,False,-10.0,League Two,4,2025-04-21
Bastia vs Grenoble,O/U,Under 2.5,2.18,0.5246336527211558,0.4587155963302752,0.06591805639088061,False,-10.0,Ligue 2,2,2025-04-25
Red Star vs Clermont,1X2,Home,2.42,0.554232940908955,0.4132231404958678,0.14100980041308725,False,-10.0,Ligue 2,2,2025-04-25
Paderborn vs Elversberg,O/U,Under 2.5,2.33,0.4891587562367944,0.4291845493562232,0.0599742068805712,True,13.3,2. Bundesliga,2,2025-04-26
Sheffield Weds vs Portsmouth,O/U,Under 2.5,1.96,0.5783921269934678,0.5102040816326531,0.06818804536081469,True,9.6,Championship,2,2025-04-26
Preußen Münster vs Darmstadt,O/U,Under 2.5,2.12,0.5363313037476376,0.4716981132075471,0.06463319054009048,True,11.200000000000001,2. Bundesliga,2,2025-04-26
Fortuna Dusseldorf vs Nurnberg,O/U,Under 2.5,2.2,0.528006425803099,0.45454545454545453,0.07346097125764445,False,-10.0,2. Bundesliga,2,2025-04-26
Granada vs Elche,O/U,Over 2.5,2.33,0.4874263419856316,0.4291845493562232,0.05824179262940843,False,-10.0,Segunda Division,2,2025-04-26
Middlesbrough vs Norwich,O/U,Under 2.5,2.47,0.5215046051574092,0.4048582995951417,0.11664630556226746,True,14.700000000000003,Championship,2,2025-04-26
Albacete vs Cartagena,O/U,Under 2.5,2.28,0.4977824993909369,0.4385964912280702,0.05918600816286668,False,-10.0,Segunda Division,2,2025-04-26
Crawley Town vs Northampton,O/U,Under 2.5,2.1,0.5755185308452149,0.47619047619047616,0.0993280546547387,False,-10.0,League One,3,2025-04-26
Doncaster vs Bradford,1X2,Home,2.11,0.6012253820765596,0.47393364928909953,0.1272917327874601,True,11.099999999999998,League Two,4,2025-04-26
Fleetwood Town vs Newport County,O/U,Under 2.5,2.06,0.536182263996085,0.4854368932038835,0.05074537079220154,True,10.600000000000001,League Two,4,2025-04-26
Peterboro vs Bolton,O/U,Under 2.5,2.37,0.5416673891770698,0.42194092827004215,0.11972646090702765,True,13.700000000000001,League One,3,2025-04-26
Bristol Rvs vs Reading,O/U,Under 2.5,2.01,0.5683514944877166,0.49751243781094534,0.07083905667677126,True,10.099999999999998,League One,3,2025-04-26
Barnsley vs Shrewsbury,O/U,Under 2.5,2.24,0.535178655136576,0.4464285714285714,0.08875008370800463,False,-10.0,League One,3,2025-04-26
Hannover vs FC Koln,O/U,Under 2.5,2.16,0.524359463769616,0.4629629629629629,0.06139650080665304,True,11.600000000000001,2. Bundesliga,2,2025-04-27
Mansfield vs Peterboro,O/U,Under 2.5,2.23,0.5358424262495378,0.4484304932735426,0.0874119329759952,False,-10.0,League One,3,2025-04-30
Palermo vs Sudtirol,O/U,Over 2.5,2.17,0.5241227983971419,0.4608294930875576,0.06329330530958432,True,11.7,Serie B,2,2025-05-01
Sampdoria vs Cremonese,1X2,Away,2.34,0.5297036598713367,0.4273504273504274,0.10235323252090933,False,-10.0,Serie B,2,2025-05-01
Amiens vs Pau FC,O/U,Under 2.5,2.17,0.5437968629182537,0.4608294930875576,0.08296736983069608,False,-10.0,Ligue 2,2,2025-05-02
Caen vs Red Star,O/U,Under 2.5,2.06,0.5490796029840634,0.4854368932038835,0.06364270978017994,True,10.600000000000001,Ligue 2,2,2025-05-02
Portsmouth vs Hull,1X2,Home,2.89,0.4745482868684696,0.3460207612456747,0.1285275256227949,False,-10.0,Championship,2,2025-05-03
Sheffield United vs Blackburn,1X2,Home,2.26,0.5424614958420777,0.4424778761061947,0.09998361973588299,False,-10.0,Championship,2,2025-05-03
Sunderland vs QPR,O/U,Under 2.5,1.91,0.5809063131471529,0.5235602094240838,0.05734610372306914,True,9.1,Championship,2,2025-05-03
Swansea vs Oxford,O/U,Under 2.5,1.87,0.6023283388494225,0.53475935828877,0.06756898056065253,False,-10.0,Championship,2,2025-05-03
Watford vs Sheffield Weds,O/U,Under 2.5,2.23,0.554499007112919,0.4484304932735426,0.10606851383937638,True,12.3,Championship,2,2025-05-03
Plymouth vs Leeds,O/U,Under 2.5,2.58,0.5469272056951837,0.38759689922480617,0.15933030647037755,False,-10.0,Championship,2,2025-05-03
Norwich vs Cardiff,O/U,Under 2.5,2.36,0.5527069158745788,0.42372881355932207,0.1289781023152567,False,-10.0,Championship,2,2025-05-03
Coventry vs Middlesbrough,O/U,Under 2.5,2.36,0.5548215826099584,0.42372881355932207,0.13109276905063633,True,13.599999999999998,Championship,2,2025-05-03
Northampton vs Wigan,1X2,Home,2.54,0.4746296673055378,0.39370078740157477,0.08092887990396302,False,-10.0,League One,3,2025-05-03
Cambridge vs Birmingham,O/U,Under 2.5,2.09,0.5469934944104102,0.47846889952153115,0.06852459488887908,False,-10.0,League One,3,2025-05-03
Huddersfield vs Leyton Orient,O/U,Under 2.5,2.09,0.5325974539936804,0.47846889952153115,0.05412855447214926,False,-10.0,League One,3,2025-05-03
Lincoln vs Wrexham,O/U,Under 2.5,1.82,0.605581108523987,0.5494505494505494,0.05613055907343767,True,8.200000000000001,League One,3,2025-05-03
Mansfield vs Exeter,O/U,Under 2.5,2.04,0.5470635819000349,0.49019607843137253,0.05686750346866237,False,-10.0,League One,3,2025-05-03
Reading vs Barnsley,O/U,Under 2.5,2.42,0.48316504917824976,0.4132231404958678,0.06994190868238198,False,-10.0,League One,3,2025-05-03
Rotherham vs Peterboro,O/U,Under 2.5,2.4,0.5012209534071383,0.4166666666666667,0.08455428674047166,False,-10.0,League One,3,2025-05-03
Braunschweig vs Fortuna Dusseldorf,1X2,Home,2.79,0.4924507425383251,0.35842293906810035,0.13402780347022475,False,-10.0,2. Bundesliga,2,2025-05-03
FC Koln vs Regensburg,O/U,Under 2.5,2.59,0.4904096507255089,0.3861003861003861,0.1043092646251228,True,15.899999999999999,2. Bundesliga,2,2025-05-03
Shrewsbury vs Crawley Town,O/U,Under 2.5,2.26,0.5190160517938964,0.4424778761061947,0.07653817568770171,False,-10.0,League One,3,2025-05-03
Notts County vs Doncaster,O/U,Under 2.5,2.15,0.5265393703745052,0.46511627906976744,0.06142309130473772,False,-10.0,League Two,4,2025-05-03
Cremonese vs Sassuolo,1X2,Home,2.58,0.4867111178584387,0.38759689922480617,0.09911421863363251,False,-10.0,Serie B,2,2025-05-04
Reggiana vs Spezia,O/U,Over 2.5,2.42,0.4836198357777379,0.4132231404958678,0.07039669528187015,True,14.2,Serie B,2,2025-05-04
Nurnberg vs Elversberg,O/U,Under 2.5,2.28,0.5199525243557995,0.4385964912280702,0.08135603312772932,False,-10.0,2. Bundesliga,2,2025-05-04
Hertha vs Greuther Furth,O/U,Under 2.5,2.33,0.5430312302955376,0.4291845493562232,0.11384668093931438,True,13.3,2. Bundesliga,2,2025-05-04
Karlsruhe vs Kaiserslautern,O/U,Under 2.5,2.39,0.5138101101522008,0.41841004184100417,0.09540006831119663,False,-10.0,2. Bundesliga,2,2025-05-04
Frosinone vs Cittadella,1X2,Home,2.23,0.5455834719415854,0.4484304932735426,0.09715297866804279,False,-10.0,Serie B,2,2025-05-04
Preußen Münster vs Hertha,O/U,Under 2.5,2.37,0.525058814953731,0.42194092827004215,0.10311788668368882,True,13.700000000000001,2. Bundesliga,2,2025-05-09
Nurnberg vs FC Koln,O/U,Under 2.5,2.51,0.5141019555364814,0.39840637450199207,0.11569558103448935,False,-10.0,2. Bundesliga,2,2025-05-09
Sassuolo vs Catanzaro,1X2,Home,2.17,0.5466783522791262,0.4608294930875576,0.0858488591915686,False,-10.0,Serie B,2,2025-05-09
Troyes vs Amiens,O/U,Under 2.5,2.01,0.560654339626821,0.49751243781094534,0.06314190181587565,True,10.099999999999998,Ligue 2,2,2025-05-10
Rodez vs Clermont,1X2,Home,2.74,0.6203996482025322,0.36496350364963503,0.2554361445528972,False,-10.0,Ligue 2,2,2025-05-10
Red Star vs Dunkerque,O/U,Under 2.5,2.11,0.5794229536330532,0.47393364928909953,0.10548930434395365,True,11.099999999999998,Ligue 2,2,2025-05-10
Laval vs Metz,O/U,Under 2.5,2.33,0.5206331410701168,0.4291845493562232,0.09144859171389363,False,-10.0,Ligue 2,2,2025-05-10
Bastia vs Caen,O/U,Under 2.5,2.33,0.4936311530078592,0.4291845493562232,0.06444660365163601,False,-10.0,Ligue 2,2,2025-05-10
Annecy vs Grenoble,O/U,Under 2.5,2.02,0.5684851154141009,0.49504950495049505,0.0734356104636058,False,-10.0,Ligue 2,2,2025-05-10
Sp Gijon vs La Coruna,1X2,Away,3.62,0.3806522876002816,0.27624309392265195,0.10440919367762963,False,-10.0,Segunda Division,2,2025-05-10
Zaragoza vs Cartagena,O/U,Under 2.5,2.17,0.5118772900527352,0.4608294930875576,0.05104779696517758,False,-10.0,Segunda Division,2,2025-05-10
Hannover vs Greuther Furth,O/U,Under 2.5,2.21,0.5474101697281502,0.45248868778280543,0.09492148194534472,True,12.1,2. Bundesliga,2,2025-05-11
Regensburg vs Karlsruhe,O/U,Under 2.5,2.26,0.5485252275483131,0.4424778761061947,0.10604735144211841,False,-10.0,2. Bundesliga,2,2025-05-11
Juve Stabia vs Sampdoria,1X2,Home,3.33,0.4350219335590189,0.3003003003003003,0.1347216332587186,False,-10.0,Serie B,2,2025-05-13
Sassuolo vs Frosinone,1X2,Home,2.94,0.5342424391977101,0.3401360544217687,0.1941063847759414,False,-10.0,Serie B,2,2025-05-13
Sudtirol vs Bari,1X2,Home,2.96,0.4887666550042752,0.33783783783783783,0.15092881716643736,False,-10.0,Serie B,2,2025-05-13
Modena vs Cesena,1X2,Home,3.0,0.4203446004673136,0.3333333333333333,0.08701126713398027,False,-10.0,Serie B,2,2025-05-13
Levante vs Albacete,O/U,Under 2.5,2.59,0.4804391426206338,0.3861003861003861,0.0943387565202477,True,15.899999999999999,Segunda Division,2,2025-05-16
Ulm vs Preußen Münster,O/U,Under 2.5,2.17,0.5385247952852911,0.4608294930875576,0.07769530219773346,False,-10.0,2. Bundesliga,2,2025-05-18
Ulm vs Preußen Münster,1X2,Home,3.47,0.38237265895327455,0.2881844380403458,0.09418822091292872,False,-10.0,2. Bundesliga,2,2025-05-18
Hertha vs Hannover,O/U,Under 2.5,2.52,0.5305578211964352,0.3968253968253968,0.13373242437103844,True,15.2,2. Bundesliga,2,2025-05-18
Braunschweig vs Nurnberg,O/U,Under 2.5,2.46,0.4971193929465445,0.4065040650406504,0.0906153279058941,False,-10.0,2. Bundesliga,2,2025-05-18
Cordoba vs Mirandes,1X2,Home,2.56,0.48727307811287873,0.390625,0.09664807811287873,False,-10.0,Segunda Division,2,2025-05-19
Sp Gijon vs Cartagena,O/U,Under 2.5,2.31,0.5105046195958416,0.4329004329004329,0.0776041866954087,False,-10.0,Segunda Division,2,2025-05-25
Elche vs Malaga,O/U,Under 2.5,1.94,0.5816904065184102,0.5154639175257733,0.06622648899263694,True,9.399999999999999,Segunda Division,2,2025-05-25
Eldense vs Santander,O/U,Under 2.5,2.17,0.5387696784583551,0.4608294930875576,0.0779401853707975,False,-10.0,Segunda Division,2,2025-05-25
Levante vs Eibar,O/U,Under 2.5,2.24,0.5207563066269261,0.4464285714285714,0.07432773519835467,True,12.400000000000002,Segunda Division,2,2025-06-01
Santander vs Granada,O/U,Under 2.5,2.33,0.4964520613530057,0.4291845493562232,0.06726751199678249,False,-10.0,Segunda Division,2,2025-06-01
La Coruna vs Elche,O/U,Under 2.5,2.48,0.5369318415206904,0.40322580645161293,0.13370603506907747,False,-10.0,Segunda Division,2,2025-06-01
Cartagena vs Mirandes,O/U,Under 2.5,2.34,0.4984809093907224,0.4273504273504274,0.07113048204029504,False,-10.0,Segunda Division,2,2025-06-01
Almeria vs Tenerife,O/U,Under 2.5,2.41,0.506810854442798,0.41493775933609955,0.0918730951066985,True,14.100000000000001,Segunda Division,2,2025-06-01
