cb_league_id,cb_name_en,cb_name_et,cb_country_slug,cb_full_slug,cb_country_canonical,af_db_league_id,af_name,af_country,af_matches_30d,af_bets_30d,match_score,confidence,review_note,country_restricted,debug
19128,UEFA Champions League,UEFA Meistrite Liiga,europe,football/europe/uefa-champions-league,World,1bb28d8a-8b00-436b-aef7-7ba9c86dcc3f,UEFA Champions League,World,4,0,1.000,high,,yes,manual override
18975,Premier League,Premier League,england,football/england/premier-league,England,73c57213-6829-4c04-b5aa-04db792b98e8,Premier League,England,42,26,1.150,high,,yes,sim=1.00 tok=1.00 contain=0.15
19104,La Liga,La Liga,spain,football/spain/la-liga,Spain,0cfb91ae-0f59-4278-8229-ef92118960c3,La Liga,Spain,60,42,1.150,high,,yes,sim=1.00 tok=1.00 contain=0.15
18994,Serie A,Serie A,italy,football/italy/serie-a,Italy,fc8d465e-202a-48d4-9ef3-512e84f854d9,Serie A,Italy,41,24,1.150,high,,yes,sim=1.00 tok=1.00 contain=0.15
19129,UEFA Europa League,UEFA Euroopa Liiga,europe,football/europe/uefa-europa-league,World,627937cc-6c56-482d-a769-a8d83c9fcacf,UEFA Europa League,World,5,1,1.000,high,,yes,manual override
60740,UEFA Europa Conference League,UEFA Konverentsiliiga,europe,football/europe/UEFA-Europa-Conference-League,World,c94f1f6a-dfd1-4545-9ae3-21893aab7a8a,UEFA Europa Conference League,World,4,1,1.000,high,,yes,manual override
19932,UEFA Women's Champions League,UEFA Meistrite Liiga - Naised,europe,football/europe/uefa-womens-champions-league,World,41efc4a2-51eb-4644-b070-35546dc3836a,UEFA Champions League Women,World,1,0,1.000,high,,yes,manual override
46803,World Cup Matches,MM Mängud,world-cup,football/world-cup/matches,World,99aa3400-ee95-43c0-afde-089dca041978,Friendlies,World,11,1,1.000,high,AF has no World Cup row; mapped to Friendlies as international-bucket fallback,yes,manual override
19050,Eliteserien,Eliteserien,norway,football/norway/eliteserien,Norway,554a5bf1-c4c1-4e95-92b1-c7d85866e7ef,Eliteserien,Norway,27,10,1.150,high,,yes,sim=1.00 tok=1.00 contain=0.15
19111,Allsvenskan,Allsvenskan,sweden,football/sweden/allsvenskan,Sweden,db440d96-9150-4717-8f18-e77512896e5d,Allsvenskan,Sweden,31,6,1.150,high,,yes,sim=1.00 tok=1.00 contain=0.15
18880,Veikkausliiga,Veikkausliiga,finland,football/finland/veikkausliiga,Finland,1064838b-66cb-4df0-8968-1fbce77303b7,Veikkausliiga,Finland,21,1,1.150,high,,yes,sim=1.00 tok=1.00 contain=0.15
18925,Premium Liiga,Premium Liiga,estonia,football/estonia/premium-liiga,Estonia,5618df61-a734-44d9-bdcb-728b6cb735ea,Meistriliiga,Estonia,18,4,1.150,high,,yes,sim=1.00 tok=1.00 contain=0.15
19901,Icelandic Premier League,Icelandic Premier League,iceland,football/iceland/besta-deild-men,Iceland,6e619cd9-b9d7-4bd7-9956-6e440e63e474,Úrvalsdeild,Iceland,24,13,1.000,high,,yes,manual override
19091,Premier League,Premier League,ukraine,football/ukraine/premier-league,Ukraine,75f4f1d0-4441-4094-b07c-c1ec093856fa,Premier League,Ukraine,43,9,1.150,high,,yes,sim=1.00 tok=1.00 contain=0.15
18970,Superliga,Superliga (Denmark),denmark,football/denmark/superliga,Denmark,977b3b8c-d0e9-47cf-ab2c-a51432ba4e52,Superliga,Denmark,32,7,1.150,high,,yes,sim=1.00 tok=1.00 contain=0.15
18875,1. Liga,1. Liga,czech-republic,football/czech-republic/1-liga,Czech-Republic,c32f7c72-ae2f-45d0-bf62-695fa70eb6d3,1. Liga U19,Czech-Republic,24,1,0.900,high,,yes,sim=0.75 tok=0.67 contain=0.15
19054,Super League,Super League (Greece),greece,football/greece/super-league-greece,Greece,69dccc79-b4a0-4f06-99b4-4c0044498cef,Super League 1,Greece,37,31,1.073,high,,yes,sim=0.92 tok=0.67 contain=0.15
18882,A-League,A-League,australia,football/australia/a-league,Australia,c336f599-9667-48ae-94c0-35cd10bfb816,A-League,Australia,12,1,1.150,high,,yes,sim=1.00 tok=1.00 contain=0.15
18974,Liga Pro,Liga Pro,ecuador,football/ecuador/liga-pro,Ecuador,96a5b809-969b-4c61-bb0e-6e062103b5fd,Liga Pro,Ecuador,26,0,1.000,high,,yes,manual override
18884,Super League,Super League (China),china,football/china/chinese-super-league,China,8af1c49f-ac66-4c2b-a429-23ab7ac1147b,Super League,China,40,2,1.150,high,,yes,sim=1.00 tok=1.00 contain=0.15
18892,Saudi Pro League,Saudi Pro League,saudi-arabia,football/saudi-arabia/saudi-professional-league,Saudi-Arabia,ea2f6741-908e-4cff-8f7d-3d3c46a00691,Pro League,Saudi-Arabia,48,5,0.919,high,,yes,sim=0.77 tok=0.67 contain=0.15
18963,Premijer Liga,Premijer Liga,bosnia-and-herzegovina,football/bosnia-and-herzegovina/premijer-liga,Bosnia & Herzegovina,f3717460-f8dc-4b94-9dc7-8b30aaa46102,Premijer Liga,Bosnia & Herzegovina,1,0,1.150,high,,yes,sim=1.00 tok=1.00 contain=0.15
18917,Eredivisie,Eredivisie,netherlands,football/netherlands/eredivisie,Netherlands,3a05f941-ee5f-44c4-8c9d-67ecf8ea5b3b,Eredivisie,Netherlands,45,21,1.150,high,,yes,sim=1.00 tok=1.00 contain=0.15
18912,1. HNL,1. HNL,croatia,football/croatia/1-hnl,Croatia,41c7b3e0-637e-4b3a-8d64-4d832ea413b7,HNL,Croatia,25,8,0.900,high,,yes,sim=0.75 tok=0.50 contain=0.15
18936,1.CFL,1.CFL,montenegro,football/montenegro/1cfl,Montenegro,5d076265-0c45-4d2d-974b-3c8a03353401,First League,Montenegro,20,1,1.000,high,,yes,manual override
19309,Virsliga,Virsliga,latvia,football/latvia/virsliga,Latvia,b4155492-e0ef-4be6-b535-f18887bd159f,Virsliga,Latvia,28,11,1.150,high,,yes,sim=1.00 tok=1.00 contain=0.15
19904,Liga MX,Liga MX,mexico,football/mexico/liga-mx,Mexico,f4b6eea8-b114-4ff2-b653-99909a141722,Liga MX,Mexico,30,2,1.150,high,,yes,sim=1.00 tok=1.00 contain=0.15
18910,Airtricity Premier League,Airtricity Premier League,ireland,football/ireland/airtricity-premier-league,Ireland,69715cfa-fa42-4009-a13b-5175758d6dc4,Premier Division,Ireland,21,25,1.150,high,,yes,sim=1.00 tok=1.00 contain=0.15
18967,Liga Águila,Liga Águila,colombia,football/colombia/liga-aguila,Colombia,e77ab582-6f07-4ffc-876b-f0e4fdb4f485,Primera A,Colombia,21,7,1.000,high,,yes,manual override
19014,Umaglesi Liga,Umaglesi Liga,georgia,football/georgia/umaglesi-liga,Georgia,f44bfd13-2966-4f4a-9b41-3aab65c6dda2,Erovnuli Liga,Georgia,27,6,1.150,high,,yes,sim=1.00 tok=1.00 contain=0.15
18761,Super League,Super League (Uganda),uganda,football/uganda/uganda-super-league,Uganda,84539407-5637-4490-b716-64c9eb49f041,Premier League,Uganda,32,3,0.769,medium,Uganda Super League / Premier League are the same competition,yes,sim=0.77 tok=0.50 contain=0.00
19348,Liga Leumit,Liga Leumit,israel,football/israel/liga-leumit,Israel,874a4fb1-8d99-4b47-b1bb-be7955a35ebe,Liga Leumit,Israel,37,0,1.150,high,,yes,sim=1.00 tok=1.00 contain=0.15
18900,Jupiler Pro League,Jupiler Pro League,belgium,football/belgium/jupiler-pro-league,Belgium,c71c0b50-6631-4c34-b2cc-205f117793f8,Jupiler Pro League,Belgium,47,21,1.150,high,,yes,sim=1.00 tok=1.00 contain=0.15
19514,Copa Libertadores,Copa Libertadores,americas,football/americas/copa-libertadores,World,4bd09038-37ed-4946-abab-0c60c28aaf47,CONMEBOL Libertadores,World,46,8,1.000,high,,yes,manual override
18928,1. Division,1. Division,cyprus,football/cyprus/1-division,Cyprus,395710c0-a5d1-4a5b-a85a-0f70b78a142f,1. Division,Cyprus,25,6,1.150,high,,yes,sim=1.00 tok=1.00 contain=0.15
18940,Ligue 1,Ligue 1 (Algeria),algeria,football/algeria/ligue-1,Algeria,9ec1cfe6-01d8-4ec6-a023-6c9f51c14ba7,Ligue 1,Algeria,24,0,1.150,high,,yes,sim=1.00 tok=1.00 contain=0.15
25152,Série A,Série A,brazil,football/brazil/serie-a,Brazil,75c9c1e6-b2f8-45eb-a8fa-11b89c9ed377,Serie A,Brazil,30,6,1.150,high,,yes,sim=1.00 tok=1.00 contain=0.15
19081,Superliga,Superliga,serbia,football/serbia/superliga,Serbia,cfe61322-06e6-460f-a421-4634b4224016,Super Liga,Serbia,40,9,0.947,high,,yes,sim=0.95 tok=0.00 contain=0.00
19225,Ekstraklasa,T-Mobile Ekstraklasa,poland,football/poland/t-mobile-ekstraklasa,Poland,e6a70a69-7a51-4c26-a368-6491f2dab815,Ekstraklasa,Poland,37,27,1.150,high,,yes,sim=1.00 tok=1.00 contain=0.15
18926,A PFG,A PFG,bulgaria,football/bulgaria/a-pfg,Bulgaria,b25ad12d-fb30-4393-9779-395952b1b79d,First League,Bulgaria,37,14,1.000,high,,yes,manual override
19041,Liga 1,Liga 1 (Romania),romania,football/romania/liga-1-bergembier,Romania,c5069e46-4f5f-41e1-a45d-e891b8facc74,Liga I,Romania,34,10,1.150,high,,yes,sim=1.00 tok=1.00 contain=0.15
19150,Premier League,Premier League (Kazakhstan),kazakhstan,football/kazakhstan/kazakhstan-premier-league,Kazakhstan,59240292-7eb5-46d6-9e4e-58608bcd86f4,Premier League,Kazakhstan,25,3,1.150,high,,yes,sim=1.00 tok=1.00 contain=0.15
19085,Prva Liga,Prva Liga,slovenia,football/slovenia/prva-liga,Slovenia,ddfe81e7-ba88-46c6-a5fd-8ed9af80763e,Prva Liga,Slovenia,1,0,1.150,high,,yes,sim=1.00 tok=1.00 contain=0.15
19093,MLS,MLS,usa,football/usa/mls,USA,be4b77a9-1652-41f9-9c7b-601e5a01fd04,Major League Soccer,USA,58,29,1.000,high,,yes,manual override
51930,World Cup Specials,,world-cup,football/world-cup/world-cup-specials,World,99aa3400-ee95-43c0-afde-089dca041978,Friendlies,World,11,1,1.000,high,AF has no World Cup row; mapped to Friendlies as international-bucket fallback,yes,manual override
19112,Superettan,Superettan,sweden,football/sweden/superettan,Sweden,b1eb2f6a-77d3-412a-9c67-5c8818dd6bd2,Superettan,Sweden,33,8,1.150,high,,yes,sim=1.00 tok=1.00 contain=0.15
18916,Airtricity League First Division,Airtricity League First Division,ireland,football/ireland/airtricity-league-first-division,Ireland,e1047498-88e9-46cc-8a4c-9de3f512570b,First Division,Ireland,18,4,1.150,high,,yes,sim=1.00 tok=1.00 contain=0.15
20501,Série B,Série B,brazil,football/brazil/serie-b,Brazil,2b751aba-29eb-4ce5-bdd5-8537062aa40a,Serie B,Brazil,30,8,1.150,high,,yes,sim=1.00 tok=1.00 contain=0.15
19197,Copa Postobón,Copa Postobón,colombia,football/colombia/copa-postobon,Colombia,68a6a6d5-5695-4f07-ae8f-834adacaba1d,Copa Colombia,Colombia,31,5,1.000,high,,yes,manual override
19331,K-League 2,K -League 2,south-korea,football/south-korea/korea-republic-k-league-challenge,South-Korea,17ded9fd-c713-4e03-979f-2cfaf0abafe7,K League 2,South-Korea,24,8,1.150,high,,yes,sim=1.00 tok=1.00 contain=0.15
19059,Cup,Cup (Czech),czech-republic,football/czech-republic/cup,Czech-Republic,7046a3d5-9a18-4ec9-b5cc-14680141484c,Cup,Czech-Republic,1,0,1.150,high,,yes,sim=1.00 tok=1.00 contain=0.15
19139,Football Federation Cup,Football Federation Cup,lithuania,football/lithuania/lithuanian-football-federation-cup,Lithuania,be3f75a2-5ae3-4734-9b33-f2f2aadb4106,Cup,Lithuania,17,1,0.650,medium,,yes,sim=0.35 tok=0.50 contain=0.15
18971,1. Division,1. Division (Denmark),denmark,football/denmark/1-division,Denmark,b50a4b1a-3fb4-4192-be40-25edb18d19ba,1. Division,Denmark,30,5,1.150,high,,yes,sim=1.00 tok=1.00 contain=0.15
18906,PTT 1. Lig,PTT 1. Lig,turkey,football/turkey/ptt-1-lig,Turkey,acc4faad-a780-4c50-847c-5e9e7705feb2,1. Lig,Turkey,24,1,0.864,high,,yes,sim=0.71 tok=0.67 contain=0.15
18956,Primera División,Primera División (Argentina),argentina,football/argentina/primera-division,Argentina,94a0beb9-62b8-4e8c-bc44-415cbb66cf75,Liga Profesional Argentina,Argentina,31,12,1.000,high,,yes,manual override
28551,Copa Sudamericana,Copa Sudamericana,americas,football/americas/copa-sudamericana,World,c7483064-f6f4-44d8-b708-8bff85bcdaf1,CONMEBOL Sudamericana,World,45,6,1.000,high,,yes,manual override
18976,Championship,Championship,england,football/england/championship,England,01ba89d6-1b7b-4ee7-95e9-adf8cd617afc,Championship,England,40,11,1.150,high,,yes,sim=1.00 tok=1.00 contain=0.15
19051,OBOS-ligaen,First Division (Norway),norway,football/norway/first-division,Norway,655a0c95-dc74-495d-a999-5951fac011b8,OBOS-ligaen,Norway,1,0,1.000,high,,yes,manual override
20191,1. Division,1. Division (Iceland),iceland,football/iceland/1-division,Iceland,dc084ae8-ff54-4263-be44-8323fc9d44ae,1. Deild,Iceland,18,11,1.000,high,,yes,manual override
19226,DFB Pokal,DFB Pokal,germany,football/germany/dfb-pokal,Germany,9a6ff7df-7bf3-4115-8f09-7be3c9a4cf17,DFB Pokal - Women,Germany,1,1,0.900,high,,yes,sim=0.75 tok=0.67 contain=0.15
20138,Copa Argentina,Copa Argentina,argentina,football/argentina/copa-argentina,Argentina,6146e737-50fe-40af-b3c8-e556bab18de9,Copa Argentina,Argentina,4,1,1.000,high,,yes,manual override
61856,Group Stage Specials,,world-cup,football/world-cup/Group-Stage-Specials,World,99aa3400-ee95-43c0-afde-089dca041978,Friendlies,World,11,1,1.000,high,AF has no World Cup row; mapped to Friendlies as international-bucket fallback,yes,manual override
18995,Serie B,Serie B,italy,football/italy/serie-b,Italy,81156b2d-bc31-4c38-9f28-873a5158b873,Serie B,Italy,37,24,1.150,high,,yes,sim=1.00 tok=1.00 contain=0.15
18770,League One,League One,england,football/england/league-one,England,57ac2b84-63ea-41de-aea7-d817eda98a7b,League One,England,37,5,1.150,high,,yes,sim=1.00 tok=1.00 contain=0.15
20136,Damallsvenskan,Damallsvenskan,sweden,football/sweden/swedish-damallsvenskan,Sweden,54bd8c4e-bd8c-4b0b-b9bf-58ea474e95d3,Damallsvenskan,Sweden,21,6,1.150,high,,yes,sim=1.00 tok=1.00 contain=0.15
18982,League Two,League Two,england,football/england/league-two,England,e9095165-3e24-40ea-b474-f3c4c3381994,League Two,England,30,0,1.150,high,,yes,sim=1.00 tok=1.00 contain=0.15
61857,Nation Specials,,world-cup,football/world-cup/World-Cup-Nation-Specials,World,99aa3400-ee95-43c0-afde-089dca041978,Friendlies,World,11,1,1.000,high,AF has no World Cup row; mapped to Friendlies as international-bucket fallback,yes,manual override
42880,Elitettan,Elitettan,sweden,football/sweden/elitettan,Sweden,5e69e405-c86a-4827-abcc-3b6e27d1141d,Elitettan,Sweden,21,0,1.150,high,,yes,sim=1.00 tok=1.00 contain=0.15
25195,Bundesliga Promotion/Relegation Playoff,Bundesliga Edendamise/Taandamise Playoff,germany,football/germany/bundesliga-promotionrelegation-playoff,Germany,e8094a6f-70b5-4c9d-ba89-4ed16fe29403,Bundesliga,Germany,37,17,0.558,medium,,yes,sim=0.41 tok=0.25 contain=0.15
19258,Ettan Norra,Ettan Norra,sweden,football/sweden/division-1-norra,Sweden,0bcf80ef-8787-4194-9cab-3b3f39fb61c9,Ettan - Norra,Sweden,33,7,1.150,high,,yes,sim=1.00 tok=1.00 contain=0.15
20495,Icelandic Premier League Woman,Icelandic Úrvalsdeild Naised,iceland,football/iceland/icelandic-women-urvalsdeild,Iceland,6e619cd9-b9d7-4bd7-9956-6e440e63e474,Úrvalsdeild,Iceland,24,13,0.936,high,,yes,sim=0.79 tok=0.50 contain=0.15
25221,2.Bundesliga Promotion/Relegation Playoff,2.Bundesliga Edendamise/Taandamise Playoff,germany,football/germany/2bundesliga-promotionrelegation-playoff,Germany,1cdec207-a82a-4ab7-9365-3b411d066b93,2. Bundesliga,Germany,36,29,0.603,medium,,yes,sim=0.45 tok=0.40 contain=0.15
19256,Division 2 Norra Svealand,Division 2 Norra Svealand,sweden,football/sweden/division-2-norra-svealand,Sweden,c95be23c-6070-485b-b882-88d6383b0c36,Division 2 - Norra Svealand,Sweden,21,2,1.150,high,,yes,sim=1.00 tok=1.00 contain=0.15
19254,Division 2 Södra Svealand,Division 2 Södra Svealand,sweden,football/sweden/division-2-sodra-svealand,Sweden,2eeeb001-0a33-4247-a74f-0e84bb96506e,Division 2 - Södra Svealand,Sweden,21,2,1.150,high,,yes,sim=1.00 tok=1.00 contain=0.15
19262,Division 2 Norra Götaland,Division 2 Norra Götaland,sweden,football/sweden/division-2-norra-gotaland,Sweden,ec6f743e-7a26-431d-a688-a3ec6e2d94f6,Division 2 - Norra Götaland,Sweden,22,1,1.150,high,,yes,sim=1.00 tok=1.00 contain=0.15
20323,Kolmonen Etelä B,Kolmonen Etelä B,finland,football/finland/kolmonen-etela-2,Finland,2c06986e-42a0-43bf-9afd-46dda25969a5,Kakkonen - Lohko B,Finland,15,3,0.562,medium,AF has no 3rd-tier Finnish league; mapped to closest Kakkonen,yes,sim=0.56 tok=0.33 contain=0.00
19261,Division 2 Västra Götaland,Division 2 Västra Götaland,sweden,football/sweden/division-2-vastra-gotaland,Sweden,732608d0-fd6f-47a0-b9e9-5537e8d7d0d0,Division 2 - Västra Götaland,Sweden,21,0,1.150,high,,yes,sim=1.00 tok=1.00 contain=0.15
19255,Division 2 Södra Götaland,Division 2 Södra Götaland,sweden,football/sweden/division-2-sodra-gotaland,Sweden,904ffc7f-f517-4c93-8f34-39d86e6497e1,Division 2 - Östra Götaland,Sweden,21,4,0.920,high,,yes,sim=0.92 tok=0.75 contain=0.00
20509,Kolmonen Itä AC1,Kolmonen Itä AC1,finland,football/finland/kolmonen-ita-ac1,Finland,4e627dac-a2c9-4949-9f99-4df2e92596ca,Kakkonen - Lohko A,Finland,15,2,0.500,low,AF has no 3rd-tier Finnish league; mapped to closest Kakkonen,yes,sim=0.50 tok=0.00 contain=0.00
65195,AFC Women's Champions League,AFC Women's Champions League,asia,football/asia/AFC-Women's-Champions-League,World,6fa42fe3-7713-4d08-a43a-e0830056a4c9,AFC Women's Champions League,World,2,0,1.000,high,,yes,manual override
20510,Kolmonen Itä B,Kolmonen Itä B,finland,football/finland/kolmonen-ita-b,Finland,2c06986e-42a0-43bf-9afd-46dda25969a5,Kakkonen - Lohko B,Finland,15,3,0.533,low,AF has no 3rd-tier Finnish league; mapped to closest Kakkonen,yes,sim=0.53 tok=0.33 contain=0.00
20225,Kolmonen Länsi A,Kolmonen Länsi A,finland,football/finland/kolmonen-lansi-a,Finland,4e627dac-a2c9-4949-9f99-4df2e92596ca,Kakkonen - Lohko A,Finland,15,2,0.562,medium,AF has no 3rd-tier Finnish league; mapped to closest Kakkonen,yes,sim=0.56 tok=0.33 contain=0.00
20322,Kolmonen Länsi B,Kolmonen Länsi B,finland,football/finland/kolmonen-lansi-b,Finland,2c06986e-42a0-43bf-9afd-46dda25969a5,Kakkonen - Lohko B,Finland,15,3,0.562,medium,AF has no 3rd-tier Finnish league; mapped to closest Kakkonen,yes,sim=0.56 tok=0.33 contain=0.00
20324,Kolmonen Länsi C,Kolmonen Länsi C,finland,football/finland/kolmonen-lansi-c,Finland,f6f8fa53-0026-4cb9-99df-174aaf01c322,Kakkonen - Lohko C,Finland,16,1,0.562,medium,AF has no 3rd-tier Finnish league; mapped to closest Kakkonen,yes,sim=0.56 tok=0.33 contain=0.00
46629,Nelonen Etelä 1,Nelonen Etelä 1,finland,football/finland/nelonen-etela-1,Finland,504094f7-4be0-4d32-88bd-1e9e6c5717c9,Kansallinen Liiga,Finland,13,0,0.500,low,AF has no 4th-tier Finnish league (Nelonen); best-guess match,yes,sim=0.50 tok=0.00 contain=0.00
19886,Women NM Cupen,NM Cupen - Naised,norway,football/norway/women-nm-cupen,Norway,195eca3c-9714-492e-aed0-bf2c078d1791,NM Cupen,Norway,1,0,1.000,high,,yes,manual override
46619,Nelonen Etelä 2,Nelonen Etelä 2,finland,football/finland/nelonen-etela-2,Finland,504094f7-4be0-4d32-88bd-1e9e6c5717c9,Kansallinen Liiga,Finland,13,0,0.500,low,AF has no 4th-tier Finnish league (Nelonen); best-guess match,yes,sim=0.50 tok=0.00 contain=0.00
46618,Nelonen Etelä 3,Nelonen Etelä 3,finland,football/finland/nelonen-etela-3,Finland,504094f7-4be0-4d32-88bd-1e9e6c5717c9,Kansallinen Liiga,Finland,13,0,0.500,low,AF has no 4th-tier Finnish league (Nelonen); best-guess match,yes,sim=0.50 tok=0.00 contain=0.00
46630,Nelonen Etelä 4,Nelonen Etelä 4,finland,football/finland/nelonen-uusimaa-4,Finland,504094f7-4be0-4d32-88bd-1e9e6c5717c9,Kansallinen Liiga,Finland,13,0,0.500,low,AF has no 4th-tier Finnish league (Nelonen); best-guess match,yes,sim=0.50 tok=0.00 contain=0.00
46620,Nelonen Itä A,Nelonen Itä A,finland,football/finland/nelonen-ita-a,Finland,504094f7-4be0-4d32-88bd-1e9e6c5717c9,Kansallinen Liiga,Finland,13,0,0.533,low,AF has no 4th-tier Finnish league (Nelonen); best-guess match,yes,sim=0.53 tok=0.00 contain=0.00
46621,Nelonen Itä B,Nelonen Itä B,finland,football/finland/nelonen-ita-b,Finland,504094f7-4be0-4d32-88bd-1e9e6c5717c9,Kansallinen Liiga,Finland,13,0,0.533,low,AF has no 4th-tier Finnish league (Nelonen); best-guess match,yes,sim=0.53 tok=0.00 contain=0.00
46623,Nelonen Itä C,Nelonen Itä C,finland,football/finland/nelonen-ita-c,Finland,504094f7-4be0-4d32-88bd-1e9e6c5717c9,Kansallinen Liiga,Finland,13,0,0.533,low,AF has no 4th-tier Finnish league (Nelonen); best-guess match,yes,sim=0.53 tok=0.00 contain=0.00
46628,Nelonen Länsi B,Nelonen Länsi B,finland,football/finland/nelonen-lansi-b,Finland,2c06986e-42a0-43bf-9afd-46dda25969a5,Kakkonen - Lohko B,Finland,15,3,0.516,low,AF has no 4th-tier Finnish league (Nelonen); best-guess match,yes,sim=0.52 tok=0.33 contain=0.00
46631,Nelonen Länsi C1,Nelonen Länsi C1,finland,football/finland/nelonen-lansi-c1,Finland,f6f8fa53-0026-4cb9-99df-174aaf01c322,Kakkonen - Lohko C,Finland,16,1,0.500,low,AF has no 4th-tier Finnish league (Nelonen); best-guess match,yes,sim=0.50 tok=0.00 contain=0.00
46622,Nelonen Länsi C2,Nelonen Länsi C2,finland,football/finland/nelonen-lansi-c2,Finland,f6f8fa53-0026-4cb9-99df-174aaf01c322,Kakkonen - Lohko C,Finland,16,1,0.500,low,AF has no 4th-tier Finnish league (Nelonen); best-guess match,yes,sim=0.50 tok=0.00 contain=0.00
46717,Lower Leagues,Lower Leagues (Norway),norway,football/norway/lower-leagues,Norway,55dbe9c9-2e4e-4b49-bb59-20178db56af1,2. Division - Group 1,Norway,21,2,1.000,high,Norway 'Lower Leagues' is generic; mapped to 2. Division Group 1 as best lower-tier,yes,manual override
19316,Coupe de France,Coupe de France,france,football/france/coupe-de-france,France,fe74882f-c4c2-4177-b347-63f1d8550633,National 2 - Group C,France,24,4,0.303,low,AF has no Coupe de France row; consider leaving unmapped,yes,sim=0.30 tok=0.00 contain=0.00
43120,France Ligue 1 Promotion/Relegation,France Ligue 1 Promotion/Relegation,france,football/france/france-ligue-1-promotionrelegation,France,01c7bf8f-bcd8-4342-81bd-939c33780d7b,Ligue 1,France,41,30,0.550,medium,,yes,sim=0.33 tok=0.40 contain=0.15
25158,Italy Lega Pro Prima Divisione Promotion Playoff,Italy Lega Pro Prima Divisione Promotion Playoff,italy,football/italy/italy-lega-pro-prima-divisione-promotion-playoff,Italy,ed3030bd-40e9-4562-975e-b640bae83e54,Serie C - Promotion - Play-offs,Italy,33,1,1.150,high,,yes,sim=1.00 tok=1.00 contain=0.15
71763,Japan J. League Special Tournament,Japan J. League Special Tournament,japan,football/japan/Japan-J.-League-Special-Tournament,Japan,3022f063-b707-4725-8a34-2e90b1f8b361,J2/J3 League,Japan,101,9,0.444,low,AF has no J. League Special Tournament; mapped to J2/J3 as best Japan match,yes,sim=0.44 tok=0.20 contain=0.00
64996,CONCACAF W Champions Cup Women,CONCACAF W Champions Cup Women,americas,football/americas/CONCACAF-W-Champions-Cup-Women,World,15e39393-fa9e-470f-8fba-a7dfcdbc8a3a,CONCACAF W Champions Cup,World,2,0,1.000,high,,yes,manual override
19951,National Women's Soccer League,National Soccer League - Naised,usa,football/usa/national-womens-soccer-league,USA,12cb7d9d-8a2a-4aa0-89ab-2a97f44fbc04,NWSL Women,USA,33,3,1.000,high,,yes,manual override
25255,Lamar Hunt U.S. Open Cup,Lamar Hunt U.S. Open Cup,usa,football/usa/lamar-hunt-us-open-cup,USA,6f74e12b-57a9-4139-bc22-d0ccaa483186,US Open Cup,USA,12,0,1.000,high,,yes,manual override
28854,Georgian Pirveli Liga,Georgian Pirveli Liga,georgia,football/georgia/georgian-pirveli-liga,Georgia,f65054eb-4f55-43f7-957d-0b04da0bf2e0,Erovnuli Liga 2,Georgia,25,1,1.150,high,,yes,sim=1.00 tok=1.00 contain=0.15
20146,Club Friendlies,,international,football/international/club-friendlies,World,99aa3400-ee95-43c0-afde-089dca041978,Friendlies,World,11,1,1.000,high,,yes,manual override
60115,Portugal Primeira Liga Promotion/Relegation,Portugal Primeira Liga Promotion/Relegation,portugal,football/portugal/Portugal-Primeira-Liga-PromotionRelegation,Portugal,eb39f011-6493-4e06-8c50-56034e1a3e37,Primeira Liga,Portugal,40,24,0.614,medium,,yes,sim=0.46 tok=0.40 contain=0.15
19968,Liga de Ascenso,Liga de Ascenso,chile,football/chile/Liga-de-Ascenso,Chile,3a3e9586-7526-4721-85cd-2b7db394bbb7,Primera B,Chile,27,3,1.150,high,,yes,sim=1.00 tok=1.00 contain=0.15
18965,Liga de Primera,Liga de Primera (Chile),chile,football/chile/Liga-de-Primera,Chile,940727f2-283f-4a38-b22f-48917c27e5ba,Primera División,Chile,9,1,1.000,high,,yes,manual override
20494,Cup,Cup (Ukraine),ukraine,football/ukraine/Cup,Ukraine,06c17889-a96e-4f4d-b908-cedbac492472,Cup,Ukraine,1,0,1.150,high,,yes,sim=1.00 tok=1.00 contain=0.15
25291,Tanzania Premier League,Tanzania Premier League,tanzania,football/tanzania/tanzania-premier-league,Tanzania,c6d890f5-7e95-4cb3-b764-4825659c31ee,Ligi kuu Bara,Tanzania,38,1,0.148,low,Ligi kuu Bara IS the Tanzanian Premier League (low score is language mismatch),yes,sim=0.15 tok=0.00 contain=0.00
19955,Philippines UFL Division 1,Philippines UFL Division 1,philippines,football/philippines/philippines-ufl-division-1,Philippines,78f24825-89c4-47a7-9e00-f8b99049ae9b,PFL,Philippines,17,0,0.235,low,PFL IS the Philippine Football League (low score is naming mismatch),yes,sim=0.24 tok=0.00 contain=0.00
29399,Indian Super League,Indian Super League,india,football/india/hero-indian-super-league,India,8df05921-36b8-4471-aca0-f32bfbc64d0a,Indian Super League,India,24,4,1.150,high,,yes,sim=1.00 tok=1.00 contain=0.15
18943,Premier League,Premier League (Egypt),egypt,football/egypt/premier-league,Egypt,f7fee3ac-88bc-4d69-a151-41b0f8b4d2d9,Premier League,Egypt,48,14,1.150,high,,yes,sim=1.00 tok=1.00 contain=0.15
42497,Tunisia Cup,Tunisia Cup,tunisia,football/tunisia/tunisia-cup,Tunisia,78d119a8-e738-474b-ba77-a41280574d7f,Cup,Tunisia,5,0,0.650,medium,,yes,sim=0.43 tok=0.50 contain=0.15
52550,Bhutan Premier League,Bhutan Premier League,bhutan,football/bhutan/bhutan-premier-league,Bhutan,01bf4348-a13c-4393-a1ee-93352b3dcff8,Premier League,Bhutan,14,0,1.150,high,,yes,sim=1.00 tok=1.00 contain=0.15
19385,Red Stripe Premier League,Red Stripe Premier League,jamaica,football/jamaica/red-stripe-premier-league,Jamaica,e7486bcf-f275-443d-80ca-a060d77492a7,Premier League,Jamaica,25,0,1.150,high,,yes,sim=1.00 tok=1.00 contain=0.15
19997,Eerste Divisie Playoff,Eerste Divisie Playoff,netherlands,football/netherlands/Eerste-Divisie-playoff,Netherlands,f8f311bf-6afc-446a-842c-38a3e6ead10e,Eerste Divisie,Netherlands,15,6,1.000,high,,yes,manual override
20033,Primera B,Primera B (Ecuador),ecuador,football/ecuador/ecuador-primera-b,Ecuador,ad269eb4-70dc-49d4-bbf7-9805e643ac9d,Liga Pro Serie B,Ecuador,26,5,1.000,high,,yes,manual override
51290,Ecuador Cup,Ecuador Cup,ecuador,football/ecuador/ecuador-cup,Ecuador,61c44e76-e472-4fd5-9f80-847e47c54916,Copa Ecuador,Ecuador,16,2,1.000,high,,yes,manual override
20406,Paraguay Segunda Division,Paraguay Segunda Division,paraguay,football/paraguay/paraguay-segunda-division,Paraguay,b5468903-3cf8-44a6-a2f1-a2f82be26630,Division Intermedia,Paraguay,34,8,1.150,high,,yes,sim=1.00 tok=1.00 contain=0.15
48624,Argentina National B Division Reserves,Argentina National B Division Reserves,argentina,football/argentina/argentina-national-b-division-reserves,Argentina,499938fc-34ee-4230-b3df-093b6ea7e789,Primera Nacional,Argentina,55,2,0.941,high,,yes,sim=0.94 tok=0.67 contain=0.00
19094,USL Pro,USL Pro,usa,football/usa/usl-pro,USA,85666955-2586-4073-86d5-9dd34d760f98,USL Championship,USA,26,0,1.000,high,,yes,manual override
19838,Torneo de Reserva Primera B,Torneo de Reserva Primera B,argentina,football/argentina/argentina-torneo-de-reserva-primera-b,Argentina,a1e97c06-e5e3-4982-932f-163a1c340f43,Reserve League,Argentina,70,2,1.150,high,,yes,sim=1.00 tok=1.00 contain=0.15
50813,US USL League One,US USL League One,usa,football/usa/us-usl-league-one,USA,de9dc4ac-34e2-4dd4-872e-3fefead007ef,USL League One,USA,24,0,1.000,high,,yes,manual override
18860,Bundesliga,Bundesliga (Austria),austria,football/austria/bundesliga,Austria,87c6bd66-a245-4317-9e02-2f0736b99592,Bundesliga,Austria,31,12,1.150,high,,yes,sim=1.00 tok=1.00 contain=0.15
25240,Uzbekistani Cup,Uzbekistani Cup,uzbekistan,football/uzbekistan/uzbekistani-cup,Uzbekistan,1f74f5e5-d70f-47b3-bca6-b098282ffaea,Pro League A,Uzbekistan,14,0,0.231,low,AF has no Cup row for Uzbekistan; mapped to Pro League A as country fallback,yes,sim=0.23 tok=0.00 contain=0.00
20284,USL Premier Development League,USL Premier Development League,usa,football/usa/usl-premier-development-league,USA,80889736-4c77-4e02-adae-4bfd782c85bc,USL League Two,USA,113,3,1.000,high,,yes,manual override
47140,Ethiopian Premier League,Ethiopian Premier League,ethiopia,football/ethiopia/ethiopian-premier-league,Ethiopia,cbe6d173-9d8d-4d83-b2ce-16890babf6d0,Premier League,Ethiopia,50,1,1.150,high,,yes,sim=1.00 tok=1.00 contain=0.15
55359,Ballon d'Or,,specials,football/specials/ballon-d'or,World,99aa3400-ee95-43c0-afde-089dca041978,Friendlies,World,11,1,1.000,high,"Ballon d'Or is an award, not a league; mapped to Friendlies as fallback — consider unmapped",yes,manual override
19715,Liga Profesional de Primera División,Liga Profesional de Primera División (Uruguay),uruguay,football/uruguay/liga-profesional-de-primera-division,Uruguay,ce7b2670-2ed8-4a35-9f31-1cfeae687a1a,Primera División - Apertura,Uruguay,24,11,1.000,high,,yes,manual override
20128,Premiership Promotion/Relegation,Premiership Edendamine/Taandamine,scotland,football/scotland/scottish-premiership-promotionrelegation,Scotland,3d4bc7a4-5b30-4eaf-973f-504090638f9f,Premiership,Scotland,33,39,1.000,high,,yes,manual override
19357,Cup,Cup (Bulgaria),bulgaria,football/bulgaria/bulgarian-cup,Bulgaria,aee1527d-d44d-41e1-a48e-e155ef87d89c,Cup,Bulgaria,3,0,1.150,high,,yes,sim=1.00 tok=1.00 contain=0.15
72432,Brazil Copa Sul-Sudeste,Brazil Copa Sul-Sudeste,brazil,football/brazil/Brazil-Copa-Sul-Sudeste,Brazil,22e796dd-de07-427f-86c1-79d1dec08319,Copa Sul-Sudeste,Brazil,14,0,0.971,high,,yes,sim=0.82 tok=0.75 contain=0.15
37075,Copa do Nordeste de Futebol,Copa do Nordeste de Futebol,brazil,football/brazil/copa-do-nordeste-de-futebol,Brazil,5a0b1154-c37a-41fa-8340-a501708b7ebf,Copa do Nordeste,Brazil,16,1,1.150,high,,yes,sim=1.00 tok=1.00 contain=0.15
20378,Brazilian Carioca 2,Brazilian Carioca 2,brazil,football/brazil/brazilian-carioca-2,Brazil,2b751aba-29eb-4ce5-bdd5-8537062aa40a,Serie B,Brazil,30,8,0.817,medium,AF has no Carioca 2; current pick (Serie B Brazil) is wrong — consider leaving unmapped,yes,sim=0.64 tok=0.67 contain=0.15
19880,CONCACAF Champions League,CONCACAF Champions League,americas,football/americas/concacaf-champions-league,World,8d31c7e0-da67-4d69-bc81-cd489c4064a7,CONCACAF Champions League,World,4,0,1.000,high,,yes,manual override
60184,Campeonato Nacional de Fútbol Femenino,,peru,football/peru/Campeonato-Nacional-de-Futbol-Femenino,Peru,6902384d-5da7-4a41-96bf-bf0543c7aaf2,Primera División,Peru,29,2,0.185,low,Peru women's league: AF has no women row for Peru; mapped to men's Primera División,yes,sim=0.19 tok=0.00 contain=0.00
19383,Primera División,Primera División (Peru),peru,football/peru/primera-division-peruana,Peru,6902384d-5da7-4a41-96bf-bf0543c7aaf2,Primera División,Peru,29,2,1.150,high,,yes,sim=1.00 tok=1.00 contain=0.15
