bot,segment,n,win_pct,clv_pct,roi_pct
bot_1h_1x2_paper_shadow_v1,ALL,167,41.3,,2.7
bot_1h_1x2_paper_shadow_v1,market=1x2_1h,167,41.3,,2.7
bot_1h_1x2_paper_shadow_v1,selection=away,55,41.8,,6.3
bot_1h_1x2_paper_shadow_v1,selection=home,97,40.2,,0.2
bot_1h_1x2_paper_shadow_v1,odds 1.8-2.2,30,46.7,,-5.2
bot_1h_1x2_paper_shadow_v1,odds 2.2-2.8,52,46.2,,10.8
bot_1h_1x2_paper_shadow_v1,edge 18%+,141,39.0,,-8.1
bot_1h_1x2_paper_shadow_v1,edge >= 5%,163,41.1,,2.5
bot_1h_1x2_paper_shadow_v1,edge >= 8%,161,41.0,,2.4
bot_1h_1x2_paper_shadow_v1,edge >= 10%,159,40.3,,1.3
bot_1h_1x2_paper_shadow_v1,edge >= 13%,157,40.1,,1.2
bot_1h_1x2_paper_shadow_v1,edge >= 15%,154,39.6,,0.2
bot_1h_1x2_paper_shadow_v1,odds >= 1.8,148,37.2,,0.6
bot_1h_1x2_paper_shadow_v1,odds >= 2.2,118,34.7,,2.1
bot_1h_1x2_paper_shadow_v1,odds >= 2.8,66,25.8,,-4.8
bot_1h_1x2_paper_shadow_v1,odds >= 3.2,42,21.4,,-6.7
bot_acca_leg_shadow,market=over_under_15,58,62.1,0.36,-6.6
bot_acca_leg_shadow,selection=over,153,56.2,-1.33,-7.5
bot_acca_leg_shadow,edge 18%+,217,48.8,-1.87,-16.0
bot_acca_leg_shadow,odds <1.8,397,57.4,-1.99,-9.4
bot_acca_leg_shadow,edge >= 15%,295,49.5,-2.02,-15.1
bot_acca_leg_shadow,edge >= 13%,352,50.9,-2.23,-13.5
bot_acca_leg_shadow,edge >= 10%,452,52.2,-2.47,-12.3
bot_acca_leg_shadow,ALL,533,53.3,-2.54,-11.3
bot_acca_leg_shadow,edge >= 5%,533,53.3,-2.54,-11.3
bot_acca_leg_shadow,edge >= 8%,533,53.3,-2.54,-11.3
bot_acca_leg_shadow,edge 8-10%,81,59.3,-2.94,-5.9
bot_acca_leg_shadow,edge 13-18%,135,54.1,-2.95,-9.7
bot_acca_leg_shadow,market=over_under_35,117,52.1,-3.05,-14.1
bot_acca_leg_shadow,edge 10-13%,100,57.0,-3.32,-7.7
bot_acca_leg_shadow,market=over_under_25,133,50.4,-3.35,-11.2
bot_acca_leg_shadow,odds 1.8-2.2,102,41.2,-3.41,-20.7
bot_acca_leg_shadow,selection=under,155,50.3,-3.72,-15.3
bot_acca_leg_shadow,odds >= 1.8,136,41.2,-4.01,-17.0
bot_acca_leg_shadow,odds 2.2-2.8,34,41.2,-6.02,-5.7
bot_acca_leg_shadow,odds >= 2.2,34,41.2,-6.02,-5.7
bot_acca_leg_shadow,market=btts,225,53.3,,-11.1
bot_acca_leg_shadow,selection=no,58,53.4,,-6.9
bot_acca_leg_shadow,selection=yes,167,53.3,,-12.6
bot_aggressive,edge >= 10%,68,32.4,5.19,5.6
bot_aggressive,selection=home,147,33.3,0.89,3.8
bot_aggressive,edge >= 8%,172,34.3,-0.49,3.3
bot_aggressive,odds 3.2-4.0,87,23.0,-1.65,-19.1
bot_aggressive,edge 10-13%,42,26.2,-1.96,-18.9
bot_aggressive,market=1x2,294,26.2,-2.03,-5.4
bot_aggressive,selection=away,55,23.6,-2.21,10.1
bot_aggressive,odds 2.8-3.2,72,36.1,-2.86,8.5
bot_aggressive,edge >= 5%,432,33.8,-2.91,0.6
bot_aggressive,ALL,484,33.3,-3.05,-3.6
bot_aggressive,odds >= 2.8,298,25.8,-3.17,-3.6
bot_aggressive,odds >= 2.2,390,29.0,-3.20,-3.8
bot_aggressive,odds >= 1.8,457,31.7,-3.22,-3.8
bot_aggressive,odds >= 3.2,226,22.6,-3.27,-7.4
bot_aggressive,odds 2.2-2.8,92,39.1,-3.29,-4.5
bot_aggressive,odds 1.8-2.2,67,47.8,-3.32,-3.7
bot_aggressive,edge <5%,52,28.8,-4.16,-38.5
bot_aggressive,odds 4.0+,139,22.3,-4.30,-0.1
bot_aggressive,edge 8-10%,104,35.6,-4.30,1.8
bot_aggressive,selection=over,83,48.2,-4.31,-0.7
bot_aggressive,edge 5-8%,260,33.5,-4.50,-1.2
bot_aggressive,market=over_under_25,190,44.2,-4.58,-1.0
bot_aggressive,selection=under,107,41.1,-4.78,-1.2
bot_aggressive,selection=draw,92,16.3,-6.62,-29.2
bot_aggressive_v2,market=1x2,32,31.2,10.37,-21.7
bot_aggressive_v2,selection=home,31,32.3,9.97,-19.2
bot_aggressive_v2,edge >= 8%,40,35.0,7.10,-18.0
bot_aggressive_v2,ALL,61,34.4,2.82,-23.1
bot_aggressive_v2,edge >= 5%,61,34.4,2.82,-23.1
bot_aggressive_v2,odds >= 2.2,40,25.0,1.96,-34.2
bot_aggressive_v2,odds >= 1.8,53,34.0,1.37,-20.6
bot_ah_away_dog,ALL,183,45.4,,-3.1
bot_ah_away_dog,market=asian_handicap,183,45.4,,-3.1
bot_ah_away_dog,selection=away +0.5,134,47.8,,2.0
bot_ah_away_dog,selection=away +1,30,36.7,,-22.2
bot_ah_away_dog,odds 1.8-2.2,90,53.3,,7.5
bot_ah_away_dog,odds 2.2-2.8,86,37.2,,-12.3
bot_ah_away_dog,edge 8-10%,30,43.3,,-8.0
bot_ah_away_dog,edge 10-13%,47,44.7,,-4.2
bot_ah_away_dog,edge 13-18%,57,42.1,,-8.9
bot_ah_away_dog,edge >= 5%,183,45.4,,-3.1
bot_ah_away_dog,edge >= 8%,155,43.2,,-6.8
bot_ah_away_dog,edge >= 10%,125,43.2,,-6.5
bot_ah_away_dog,edge >= 13%,78,42.3,,-7.9
bot_ah_away_dog,edge >= 15%,54,44.4,,-4.9
bot_ah_away_dog,odds >= 1.8,176,45.5,,-2.2
bot_ah_away_dog,odds >= 2.2,86,37.2,,-12.3
bot_ah_home_fav,ALL,268,50.4,,-5.2
bot_ah_home_fav,market=asian_handicap,268,50.4,,-5.2
bot_ah_home_fav,selection=home -0.5,187,47.1,,-9.8
bot_ah_home_fav,selection=home -1,42,57.1,,5.2
bot_ah_home_fav,odds <1.8,67,62.7,,3.9
bot_ah_home_fav,odds 1.8-2.2,188,47.9,,-5.4
bot_ah_home_fav,edge 5-8%,41,41.5,,-22.1
bot_ah_home_fav,edge 8-10%,55,50.9,,-4.7
bot_ah_home_fav,edge 10-13%,80,45.0,,-15.2
bot_ah_home_fav,edge 13-18%,66,59.1,,12.9
bot_ah_home_fav,edge >= 5%,268,50.4,,-5.2
bot_ah_home_fav,edge >= 8%,227,52.0,,-2.1
bot_ah_home_fav,edge >= 10%,172,52.3,,-1.3
bot_ah_home_fav,edge >= 13%,92,58.7,,10.8
bot_ah_home_fav,edge >= 15%,60,63.3,,19.5
bot_ah_home_fav,odds >= 1.8,201,46.3,,-8.2
bot_btts_all,ALL,251,44.2,,-8.3
bot_btts_all,market=btts,251,44.2,,-8.3
bot_btts_all,selection=no,114,38.6,,-14.6
bot_btts_all,selection=yes,137,48.9,,-3.0
bot_btts_all,odds <1.8,42,52.4,,-12.0
bot_btts_all,odds 1.8-2.2,107,46.7,,-8.2
bot_btts_all,odds 2.2-2.8,97,39.2,,-4.8
bot_btts_all,edge 5-8%,121,38.0,,-22.8
bot_btts_all,edge 8-10%,65,44.6,,-5.6
bot_btts_all,edge 10-13%,45,53.3,,16.3
bot_btts_all,edge >= 5%,231,42.9,,-10.3
bot_btts_all,edge >= 8%,110,48.2,,3.4
bot_btts_all,edge >= 10%,45,53.3,,16.3
bot_btts_all,odds >= 1.8,209,42.6,,-7.5
bot_btts_all,odds >= 2.2,102,38.2,,-6.7
bot_btts_conservative,ALL,83,56.6,,5.2
bot_btts_conservative,market=btts,83,56.6,,5.2
bot_btts_conservative,selection=yes,54,55.6,,3.1
bot_btts_conservative,odds 1.8-2.2,51,62.7,,20.7
bot_btts_conservative,edge 8-10%,38,60.5,,10.8
bot_btts_conservative,edge 10-13%,37,59.5,,12.5
bot_btts_conservative,edge >= 5%,83,56.6,,5.2
bot_btts_conservative,edge >= 8%,75,60.0,,11.6
bot_btts_conservative,edge >= 10%,37,59.5,,12.5
bot_btts_conservative,odds >= 1.8,56,58.9,,13.9
bot_coolbet_ou_model_v1,ALL,32,18.8,-5.68,-43.5
bot_coolbet_ou_model_v1,market=over_under_25,32,18.8,-5.68,-43.5
bot_coolbet_ou_model_v1,edge >= 5%,32,18.8,-5.68,-43.5
bot_coolbet_ou_model_v1,edge >= 8%,32,18.8,-5.68,-43.5
bot_coolbet_ou_model_v1,odds >= 1.8,32,18.8,-5.68,-43.5
bot_coolbet_ou_model_v1,odds >= 2.2,32,18.8,-5.68,-43.5
bot_coolbet_trigger_1x2_v1,odds 2.8-3.2,53,18.9,-6.96,-42.8
bot_coolbet_trigger_1x2_v1,selection=home,176,21.0,-8.43,-15.2
bot_coolbet_trigger_1x2_v1,edge 10-13%,35,25.7,-8.81,-6.4
bot_coolbet_trigger_1x2_v1,edge 13-18%,228,16.7,-9.76,-19.0
bot_coolbet_trigger_1x2_v1,edge >= 15%,256,12.5,-9.79,-39.8
bot_coolbet_trigger_1x2_v1,ALL,397,16.6,-10.15,-24.6
bot_coolbet_trigger_1x2_v1,market=1x2,397,16.6,-10.15,-24.6
bot_coolbet_trigger_1x2_v1,edge >= 5%,397,16.6,-10.15,-24.6
bot_coolbet_trigger_1x2_v1,edge >= 8%,397,16.6,-10.15,-24.6
bot_coolbet_trigger_1x2_v1,edge >= 10%,397,16.6,-10.15,-24.6
bot_coolbet_trigger_1x2_v1,odds >= 1.8,397,16.6,-10.15,-24.6
bot_coolbet_trigger_1x2_v1,odds >= 2.2,397,16.6,-10.15,-24.6
bot_coolbet_trigger_1x2_v1,odds >= 2.8,397,16.6,-10.15,-24.6
bot_coolbet_trigger_1x2_v1,edge >= 13%,362,15.7,-10.28,-26.4
bot_coolbet_trigger_1x2_v1,odds 3.2-4.0,82,22.0,-10.38,-20.1
bot_coolbet_trigger_1x2_v1,odds >= 3.2,344,16.3,-10.67,-21.8
bot_coolbet_trigger_1x2_v1,selection=away,165,12.7,-10.70,-36.1
bot_coolbet_trigger_1x2_v1,odds 4.0+,262,14.5,-10.77,-22.4
bot_coolbet_trigger_1x2_v1,edge 18%+,134,14.2,-11.10,-38.9
bot_coolbet_trigger_1x2_v1,selection=draw,56,14.3,-14.85,-20.3
bot_coolbet_trigger_ou_v1,odds 1.8-2.2,121,48.8,-6.88,-0.6
bot_coolbet_trigger_ou_v1,edge 8-10%,107,46.7,-7.05,2.7
bot_coolbet_trigger_ou_v1,selection=under,369,37.4,-8.29,-10.7
bot_coolbet_trigger_ou_v1,ALL,473,38.7,-8.46,-8.6
bot_coolbet_trigger_ou_v1,market=over_under_25,473,38.7,-8.46,-8.6
bot_coolbet_trigger_ou_v1,edge >= 5%,473,38.7,-8.46,-8.6
bot_coolbet_trigger_ou_v1,edge >= 8%,473,38.7,-8.46,-8.6
bot_coolbet_trigger_ou_v1,odds >= 1.8,473,38.7,-8.46,-8.6
bot_coolbet_trigger_ou_v1,edge 10-13%,136,38.2,-8.49,-13.4
bot_coolbet_trigger_ou_v1,odds 2.2-2.8,285,36.8,-8.75,-10.5
bot_coolbet_trigger_ou_v1,edge >= 10%,366,36.3,-8.88,-11.9
bot_coolbet_trigger_ou_v1,edge 18%+,117,34.2,-8.96,-9.4
bot_coolbet_trigger_ou_v1,odds >= 2.2,352,35.2,-9.01,-11.3
bot_coolbet_trigger_ou_v1,edge >= 15%,176,32.4,-9.02,-15.3
bot_coolbet_trigger_ou_v1,selection=over,104,43.3,-9.09,-1.0
bot_coolbet_trigger_ou_v1,edge >= 13%,230,35.2,-9.10,-11.0
bot_coolbet_trigger_ou_v1,edge 13-18%,113,36.3,-9.26,-12.7
bot_coolbet_trigger_ou_v1,odds 2.8-3.2,58,25.9,-9.72,-25.1
bot_coolbet_trigger_ou_v1,odds >= 2.8,67,28.4,-10.10,-15.0
bot_coolbet_trigger_sharp_1x2_v1,odds >= 3.2,35,20.0,16.35,-2.7
bot_coolbet_trigger_sharp_1x2_v1,odds >= 2.8,43,18.6,15.03,-13.6
bot_coolbet_trigger_sharp_1x2_v1,odds >= 2.2,62,27.4,13.35,-5.1
bot_coolbet_trigger_sharp_1x2_v1,odds >= 1.8,86,36.0,11.67,0.1
bot_coolbet_trigger_sharp_1x2_v1,selection=away,43,30.2,11.18,-34.2
bot_coolbet_trigger_sharp_1x2_v1,ALL,96,38.5,10.85,-0.3
bot_coolbet_trigger_sharp_1x2_v1,market=1x2,96,38.5,10.85,-0.3
bot_coolbet_trigger_sharp_1x2_v1,selection=home,43,44.2,9.85,15.7
bot_coolbet_trigger_sharp_1x2_v1,edge <5%,69,33.3,8.01,-24.0
bot_coolbet_value_v1,edge >= 15%,43,27.9,13.85,1.6
bot_coolbet_value_v1,edge >= 13%,65,35.4,12.55,13.7
bot_coolbet_value_v1,edge 13-18%,45,37.8,10.87,11.1
bot_coolbet_value_v1,edge >= 10%,109,36.7,9.51,10.4
bot_coolbet_value_v1,edge >= 8%,165,34.5,7.83,2.0
bot_coolbet_value_v1,selection=draw,107,25.2,5.77,-6.6
bot_coolbet_value_v1,odds 4.0+,100,21.0,5.20,2.1
bot_coolbet_value_v1,edge 10-13%,44,38.6,5.01,5.5
bot_coolbet_value_v1,edge >= 5%,331,35.3,4.85,-0.8
bot_coolbet_value_v1,odds >= 3.2,215,25.6,4.71,3.5
bot_coolbet_value_v1,edge 8-10%,56,30.4,4.57,-14.3
bot_coolbet_value_v1,odds 3.2-4.0,115,29.6,4.28,4.8
bot_coolbet_value_v1,odds >= 2.8,272,27.2,4.16,2.7
bot_coolbet_value_v1,odds >= 2.2,384,31.2,3.50,2.2
bot_coolbet_value_v1,selection=over,94,51.1,3.38,21.7
bot_coolbet_value_v1,market=1x2,363,35.8,3.37,3.5
bot_coolbet_value_v1,odds >= 1.8,479,36.1,3.21,3.8
bot_coolbet_value_v1,selection=away,122,35.2,3.09,1.4
bot_coolbet_value_v1,ALL,544,38.1,3.06,1.4
bot_coolbet_value_v1,market=over_under_35,83,42.2,2.78,5.4
bot_coolbet_value_v1,market=over_under_25,98,42.9,2.11,-10.1
bot_coolbet_value_v1,odds 2.8-3.2,57,33.3,2.08,-0.4
bot_coolbet_value_v1,odds 1.8-2.2,95,55.8,2.07,10.3
bot_coolbet_value_v1,odds <1.8,65,52.3,1.90,-16.4
bot_coolbet_value_v1,odds 2.2-2.8,112,41.1,1.88,0.8
bot_coolbet_value_v1,edge 5-8%,166,36.1,1.85,-3.5
bot_coolbet_value_v1,selection=home,134,44.8,1.71,13.5
bot_coolbet_value_v1,selection=under,87,33.3,1.38,-29.5
bot_coolbet_value_v1,edge <5%,213,42.3,0.29,4.7
bot_corners_paper_shadow_v1,ALL,381,44.9,,-3.7
bot_corners_paper_shadow_v1,market=corners_ou_105,87,40.2,,-11.2
bot_corners_paper_shadow_v1,market=corners_ou_115,34,47.1,,11.9
bot_corners_paper_shadow_v1,market=corners_ou_85,58,46.6,,0.3
bot_corners_paper_shadow_v1,market=corners_ou_95,123,42.3,,-5.9
bot_corners_paper_shadow_v1,selection=over,214,42.5,,-8.3
bot_corners_paper_shadow_v1,selection=under,167,47.9,,2.1
bot_corners_paper_shadow_v1,odds <1.8,52,61.5,,5.5
bot_corners_paper_shadow_v1,odds 1.8-2.2,136,50.7,,-0.6
bot_corners_paper_shadow_v1,odds 2.2-2.8,143,38.5,,-7.2
bot_corners_paper_shadow_v1,odds 2.8-3.2,46,30.4,,-11.3
bot_corners_paper_shadow_v1,edge 18%+,327,45.3,,-4.5
bot_corners_paper_shadow_v1,edge >= 5%,375,44.3,,-4.6
bot_corners_paper_shadow_v1,edge >= 8%,374,44.1,,-4.8
bot_corners_paper_shadow_v1,edge >= 10%,374,44.1,,-4.8
bot_corners_paper_shadow_v1,edge >= 13%,372,44.1,,-4.8
bot_corners_paper_shadow_v1,edge >= 15%,369,44.4,,-4.0
bot_corners_paper_shadow_v1,odds >= 1.8,329,42.2,,-5.2
bot_corners_paper_shadow_v1,odds >= 2.2,193,36.3,,-8.4
bot_corners_paper_shadow_v1,odds >= 2.8,50,30.0,,-11.8
bot_dc_specialist,selection=12,43,65.1,-4.09,-15.3
bot_dc_specialist,edge 5-8%,322,56.8,-4.13,-10.2
bot_dc_specialist,selection=1x,1181,59.1,-4.22,-6.2
bot_dc_specialist,edge 8-10%,546,61.4,-4.24,-0.7
bot_dc_specialist,odds <1.8,1934,62.9,-4.37,-4.9
bot_dc_specialist,edge 18%+,519,58.0,-4.52,-1.5
bot_dc_specialist,edge >= 15%,1063,56.6,-4.70,-4.9
bot_dc_specialist,edge >= 5%,2963,57.6,-4.70,-5.5
bot_dc_specialist,ALL,2968,57.6,-4.70,-5.5
bot_dc_specialist,market=double_chance,2968,57.6,-4.70,-5.5
bot_dc_specialist,edge >= 13%,1462,56.2,-4.76,-6.7
bot_dc_specialist,edge >= 8%,2641,57.7,-4.77,-4.9
bot_dc_specialist,edge 13-18%,943,55.1,-4.89,-9.6
bot_dc_specialist,edge >= 10%,2095,56.7,-4.90,-6.0
bot_dc_specialist,selection=x2,1744,56.4,-5.04,-4.7
bot_dc_specialist,edge 10-13%,633,58.0,-5.22,-4.3
bot_dc_specialist,odds 1.8-2.2,1008,47.7,-5.31,-6.6
bot_dc_specialist,odds >= 1.8,1034,47.6,-5.31,-6.6
bot_dc_strong_fav,edge 18%+,288,66.0,-3.97,0.4
bot_dc_strong_fav,edge 5-8%,77,63.6,-4.06,-4.4
bot_dc_strong_fav,edge 8-10%,289,65.4,-4.18,-1.0
bot_dc_strong_fav,selection=1x,718,63.0,-4.31,-6.0
bot_dc_strong_fav,edge >= 15%,621,63.4,-4.39,-4.3
bot_dc_strong_fav,odds <1.8,1510,64.4,-4.51,-2.5
bot_dc_strong_fav,edge >= 13%,822,63.4,-4.54,-4.0
bot_dc_strong_fav,ALL,1552,64.2,-4.54,-2.5
bot_dc_strong_fav,market=double_chance,1552,64.2,-4.54,-2.5
bot_dc_strong_fav,edge >= 5%,1552,64.2,-4.54,-2.5
bot_dc_strong_fav,edge >= 8%,1475,64.2,-4.57,-2.4
bot_dc_strong_fav,edge >= 10%,1186,63.9,-4.66,-2.7
bot_dc_strong_fav,selection=x2,834,65.2,-4.75,0.6
bot_dc_strong_fav,edge 13-18%,534,62.0,-4.85,-6.3
bot_dc_strong_fav,edge 10-13%,364,65.1,-4.92,0.1
bot_dc_strong_fav,odds 1.8-2.2,42,54.8,-5.83,-0.8
bot_dc_strong_fav,odds >= 1.8,42,54.8,-5.83,-0.8
bot_dc_value,selection=12,43,65.1,-4.09,-15.3
bot_dc_value,edge 5-8%,338,56.8,-4.09,-10.1
bot_dc_value,selection=1x,1227,58.8,-4.20,-6.8
bot_dc_value,edge 8-10%,556,61.2,-4.24,-0.8
bot_dc_value,odds <1.8,2018,63.0,-4.35,-4.9
bot_dc_value,edge 18%+,555,58.4,-4.35,-1.5
bot_dc_value,edge >= 15%,1128,56.7,-4.59,-5.2
bot_dc_value,edge >= 5%,3082,57.6,-4.63,-5.6
bot_dc_value,ALL,3087,57.6,-4.63,-5.6
bot_dc_value,market=double_chance,3087,57.6,-4.63,-5.6
bot_dc_value,edge >= 13%,1549,56.4,-4.66,-6.9
bot_dc_value,edge >= 8%,2744,57.7,-4.70,-5.1
bot_dc_value,edge >= 10%,2188,56.8,-4.82,-6.2
bot_dc_value,edge 13-18%,994,55.2,-4.83,-9.9
bot_dc_value,selection=x2,1817,56.6,-4.94,-4.7
bot_dc_value,odds 1.8-2.2,1042,47.5,-5.17,-7.0
bot_dc_value,odds >= 1.8,1069,47.3,-5.18,-7.1
bot_dc_value,edge 10-13%,639,57.9,-5.18,-4.4
bot_high_alignment,odds 4.0+,96,18.8,6.63,-19.6
bot_high_alignment,selection=away,69,20.3,6.50,-19.6
bot_high_alignment,edge 18%+,278,48.9,3.79,-5.6
bot_high_alignment,market=1x2,502,34.3,3.51,-7.4
bot_high_alignment,selection=home,447,36.9,3.01,-4.4
bot_high_alignment,edge 10-13%,349,47.0,2.01,-5.5
bot_high_alignment,odds >= 3.2,331,21.8,1.83,-19.5
bot_high_alignment,edge >= 10%,1073,46.4,0.93,-7.5
bot_high_alignment,edge >= 15%,535,48.8,0.79,-3.5
bot_high_alignment,odds 2.2-2.8,474,37.6,0.28,-7.4
bot_high_alignment,odds >= 2.2,1080,31.9,0.17,-8.7
bot_high_alignment,odds >= 2.8,606,27.4,0.07,-9.7
bot_high_alignment,edge >= 13%,724,46.1,-0.02,-8.4
bot_high_alignment,odds >= 1.8,1414,34.8,-0.03,-9.4
bot_high_alignment,edge >= 8%,1376,46.7,-0.72,-5.0
bot_high_alignment,odds 3.2-4.0,235,23.0,-0.77,-19.4
bot_high_alignment,odds 1.8-2.2,334,44.3,-0.88,-11.8
bot_high_alignment,edge >= 5%,1910,44.5,-0.93,-7.5
bot_high_alignment,ALL,2069,44.3,-1.01,-7.3
bot_high_alignment,edge 5-8%,534,38.8,-1.22,-14.0
bot_high_alignment,odds 2.8-3.2,275,34.2,-1.41,2.1
bot_high_alignment,edge 13-18%,446,44.4,-1.72,-10.2
bot_high_alignment,edge <5%,159,42.8,-1.74,-4.3
bot_high_alignment,selection=over,41,46.3,-3.75,7.9
bot_high_alignment,edge 8-10%,303,47.5,-3.81,3.7
bot_high_alignment,market=over_under_25,110,43.6,-4.68,10.8
bot_high_alignment,selection=under,69,42.0,-5.22,12.5
bot_high_alignment,odds <1.8,655,64.9,-6.09,-2.7
bot_high_alignment,selection=1x,90,44.4,-6.87,-20.2
bot_high_alignment,market=double_chance,269,45.0,-8.35,-17.9
bot_high_alignment,selection=x2,175,45.7,-9.12,-15.6
bot_high_alignment,market=asian_handicap,1161,48.6,,-6.7
bot_high_alignment,selection=away +0,87,29.9,,-25.4
bot_high_alignment,selection=away +0.5,108,23.1,,-26.6
bot_high_alignment,selection=away -0.5,182,42.3,,-12.9
bot_high_alignment,selection=away -1,91,52.7,,-10.2
bot_high_alignment,selection=away -1.5,126,61.1,,-4.2
bot_high_alignment,selection=away -2,45,64.4,,-5.1
bot_high_alignment,selection=away -2.5,39,71.8,,1.8
bot_high_alignment,selection=home +0,74,45.9,,1.3
bot_high_alignment,selection=home +0.5,124,61.3,,7.1
bot_high_alignment,selection=home +1,56,71.4,,12.0
bot_high_alignment,selection=home +1.5,55,69.1,,6.9
bot_high_alignment,selection=home -0.5,98,34.7,,0.0
bot_high_roi_global_v2,edge >= 10%,30,43.3,3.08,32.2
bot_high_roi_global_v2,selection=home,31,38.7,2.59,22.2
bot_high_roi_global_v2,odds >= 1.8,32,37.5,2.39,18.4
bot_high_roi_global_v2,ALL,34,38.2,2.39,16.7
bot_high_roi_global_v2,market=1x2,34,38.2,2.39,16.7
bot_high_roi_global_v2,edge >= 5%,34,38.2,2.39,16.7
bot_high_roi_global_v2,edge >= 8%,34,38.2,2.39,16.7
bot_high_roi_global_v2,odds >= 2.2,30,40.0,1.97,26.3
bot_lower_1x2,edge >= 10%,110,36.4,1.51,-2.5
bot_lower_1x2,odds 2.2-2.8,90,38.9,1.34,-2.9
bot_lower_1x2,edge 10-13%,101,37.6,0.61,-0.3
bot_lower_1x2,edge >= 8%,189,37.6,-0.54,0.2
bot_lower_1x2,ALL,223,39.0,-0.73,1.8
bot_lower_1x2,market=1x2,223,39.0,-0.73,1.8
bot_lower_1x2,edge >= 5%,222,38.7,-0.80,1.5
bot_lower_1x2,odds >= 1.8,210,36.7,-1.13,0.4
bot_lower_1x2,selection=home,217,39.2,-1.33,3.0
bot_lower_1x2,odds >= 2.2,191,36.1,-1.68,2.1
bot_lower_1x2,edge 5-8%,33,45.5,-2.37,9.3
bot_lower_1x2,odds 2.8-3.2,71,32.4,-2.95,-2.2
bot_lower_1x2,edge 8-10%,79,39.2,-3.31,3.8
bot_lower_1x2,odds >= 2.8,101,33.7,-4.11,6.6
bot_lower_1x2,odds >= 3.2,30,36.7,-6.85,27.2
bot_no_pin_home_v1,edge >= 13%,61,34.4,-0.72,-6.7
bot_no_pin_home_v1,edge 18%+,53,34.0,-0.88,-6.6
bot_no_pin_home_v1,edge >= 15%,57,35.1,-0.92,-4.6
bot_no_pin_home_v1,odds >= 2.2,57,31.6,-1.03,-8.4
bot_no_pin_home_v1,edge >= 10%,65,33.8,-1.08,-8.7
bot_no_pin_home_v1,ALL,68,35.3,-1.53,-5.3
bot_no_pin_home_v1,market=1x2,68,35.3,-1.53,-5.3
bot_no_pin_home_v1,selection=home,68,35.3,-1.53,-5.3
bot_no_pin_home_v1,edge >= 5%,68,35.3,-1.53,-5.3
bot_no_pin_home_v1,edge >= 8%,68,35.3,-1.53,-5.3
bot_no_pin_home_v1,odds >= 1.8,68,35.3,-1.53,-5.3
bot_no_pin_shadow_v1,selection=home,42,38.1,-1.54,28.4
bot_no_pin_shadow_v1,selection=away,40,20.0,-2.09,-27.3
bot_no_pin_shadow_v1,odds 3.2-4.0,42,26.2,-4.27,-6.9
bot_no_pin_shadow_v1,edge 18%+,107,24.3,-4.29,-7.5
bot_no_pin_shadow_v1,odds >= 3.2,101,21.8,-4.31,-9.8
bot_no_pin_shadow_v1,odds 4.0+,59,18.6,-4.37,-11.9
bot_no_pin_shadow_v1,ALL,131,26.7,-4.49,-5.0
bot_no_pin_shadow_v1,market=1x2,131,26.7,-4.49,-5.0
bot_no_pin_shadow_v1,edge >= 5%,131,26.7,-4.49,-5.0
bot_no_pin_shadow_v1,edge >= 8%,131,26.7,-4.49,-5.0
bot_no_pin_shadow_v1,odds >= 1.8,130,26.9,-4.50,-4.3
bot_no_pin_shadow_v1,edge >= 15%,113,25.7,-4.65,-4.7
bot_no_pin_shadow_v1,odds >= 2.2,124,25.8,-4.89,-4.5
bot_no_pin_shadow_v1,edge >= 13%,119,26.9,-4.89,-2.8
bot_no_pin_shadow_v1,edge >= 10%,122,27.0,-4.90,-2.3
bot_no_pin_shadow_v1,odds >= 2.8,111,23.4,-5.09,-7.0
bot_no_pin_shadow_v1,selection=draw,49,22.4,-9.20,-15.4
bot_opt_home_lower,edge >= 10%,52,28.8,3.12,-8.4
bot_opt_home_lower,edge 10-13%,42,26.2,1.17,-21.1
bot_opt_home_lower,ALL,69,27.5,-0.09,-12.4
bot_opt_home_lower,market=1x2,69,27.5,-0.09,-12.4
bot_opt_home_lower,selection=home,69,27.5,-0.09,-12.4
bot_opt_home_lower,edge >= 5%,69,27.5,-0.09,-12.4
bot_opt_home_lower,edge >= 8%,69,27.5,-0.09,-12.4
bot_opt_home_lower,odds >= 1.8,69,27.5,-0.09,-12.4
bot_opt_home_lower,odds >= 2.2,69,27.5,-0.09,-12.4
bot_opt_home_lower,odds >= 3.2,32,25.0,-0.54,-13.5
bot_opt_home_lower,odds >= 2.8,66,25.8,-0.73,-16.6
bot_opt_home_lower,odds 2.8-3.2,34,26.5,-0.91,-19.4
bot_ou15_defensive,edge 5-8%,40,32.5,-1.10,-11.5
bot_ou15_defensive,odds >= 2.2,58,39.7,-2.84,12.3
bot_ou15_defensive,odds >= 1.8,65,40.0,-2.93,9.3
bot_ou15_defensive,ALL,66,40.9,-2.94,10.4
bot_ou15_defensive,market=over_under_15,66,40.9,-2.94,10.4
bot_ou15_defensive,edge >= 5%,65,40.0,-3.05,7.9
bot_ou15_defensive,selection=under,64,40.6,-3.11,11.0
bot_ou15_defensive,odds 2.2-2.8,34,29.4,-4.17,-26.5
bot_ou25_global,edge >= 10%,37,54.1,0.52,18.4
bot_ou25_global,edge 10-13%,36,52.8,-0.93,15.3
bot_ou25_global,odds <1.8,43,58.1,-1.96,-0.5
bot_ou25_global,edge >= 8%,164,48.2,-2.94,-0.3
bot_ou25_global,selection=over,97,46.4,-2.96,-5.6
bot_ou25_global,ALL,233,48.1,-3.02,-0.2
bot_ou25_global,market=over_under_25,233,48.1,-3.02,-0.2
bot_ou25_global,edge >= 5%,233,48.1,-3.02,-0.2
bot_ou25_global,selection=under,136,49.3,-3.07,3.7
bot_ou25_global,odds 1.8-2.2,96,42.7,-3.17,-15.6
bot_ou25_global,odds 2.2-2.8,89,50.6,-3.19,19.1
bot_ou25_global,edge 5-8%,69,47.8,-3.22,0.1
bot_ou25_global,odds >= 1.8,190,45.8,-3.26,-0.1
bot_ou25_global,odds >= 2.2,94,48.9,-3.37,15.8
bot_ou25_global,edge 8-10%,127,46.5,-3.95,-5.7
bot_ou35_attacking,odds >= 1.8,30,30.0,-4.03,-35.4
bot_ou35_attacking,ALL,31,29.0,-4.05,-37.5
bot_ou35_attacking,market=over_under_35,31,29.0,-4.05,-37.5
bot_ou35_attacking,edge >= 5%,31,29.0,-4.05,-37.5
bot_ou35_model_v1,edge 18%+,39,35.9,-5.58,-28.0
bot_ou35_model_v1,odds <1.8,67,56.7,-5.83,-9.1
bot_ou35_model_v1,edge 8-10%,60,53.3,-6.09,5.8
bot_ou35_model_v1,selection=under,144,50.7,-6.41,-8.3
bot_ou35_model_v1,ALL,188,42.6,-6.93,-16.5
bot_ou35_model_v1,market=over_under_35,188,42.6,-6.93,-16.5
bot_ou35_model_v1,edge >= 5%,188,42.6,-6.93,-16.5
bot_ou35_model_v1,edge >= 8%,188,42.6,-6.93,-16.5
bot_ou35_model_v1,edge >= 15%,61,36.1,-7.01,-27.5
bot_ou35_model_v1,odds 1.8-2.2,56,53.6,-7.10,6.0
bot_ou35_model_v1,edge >= 13%,86,37.2,-7.24,-26.3
bot_ou35_model_v1,edge >= 10%,128,37.5,-7.34,-27.0
bot_ou35_model_v1,edge 10-13%,42,38.1,-7.53,-28.6
bot_ou35_model_v1,odds >= 1.8,121,34.7,-7.53,-20.6
bot_ou35_model_v1,odds >= 2.8,49,10.2,-7.72,-60.3
bot_ou35_model_v1,odds >= 2.2,65,18.5,-7.91,-43.6
bot_ou35_model_v1,selection=over,44,15.9,-8.64,-43.6
bot_ou35_model_v1,edge 13-18%,47,38.3,-8.65,-24.8
bot_ou35_model_v1,odds >= 3.2,30,16.7,-8.86,-35.1
bot_pin_1x2_home_v1,edge 18%+,121,47.9,19.99,-11.4
bot_pin_1x2_home_v1,edge >= 15%,179,46.4,17.39,-7.8
bot_pin_1x2_home_v1,edge >= 13%,232,47.0,14.70,-2.4
bot_pin_1x2_home_v1,edge >= 10%,314,43.3,12.73,-6.2
bot_pin_1x2_home_v1,edge >= 8%,390,42.8,11.21,-5.3
bot_pin_1x2_home_v1,edge 13-18%,111,45.9,9.86,7.4
bot_pin_1x2_home_v1,odds <1.8,133,62.4,9.69,-3.6
bot_pin_1x2_home_v1,edge >= 5%,566,44.3,8.51,-0.5
bot_pin_1x2_home_v1,edge 10-13%,82,32.9,8.18,-17.0
bot_pin_1x2_home_v1,odds 1.8-2.2,201,50.7,7.08,0.8
bot_pin_1x2_home_v1,ALL,761,44.0,6.45,-1.0
bot_pin_1x2_home_v1,market=1x2,761,44.0,6.45,-1.0
bot_pin_1x2_home_v1,selection=home,761,44.0,6.45,-1.0
bot_pin_1x2_home_v1,odds 2.2-2.8,213,44.6,6.42,6.5
bot_pin_1x2_home_v1,odds >= 1.8,628,40.1,5.83,-0.4
bot_pin_1x2_home_v1,edge 8-10%,76,40.8,5.61,-1.5
bot_pin_1x2_home_v1,odds >= 2.2,427,35.1,5.26,-1.0
bot_pin_1x2_home_v1,odds 3.2-4.0,56,30.4,5.12,5.7
bot_pin_1x2_home_v1,odds >= 3.2,131,22.1,4.33,-8.6
bot_pin_1x2_home_v1,odds >= 2.8,214,25.7,4.21,-8.5
bot_pin_1x2_home_v1,odds 2.8-3.2,83,31.3,4.01,-8.2
bot_pin_1x2_home_v1,odds 4.0+,75,16.0,3.76,-19.4
bot_pin_1x2_home_v1,edge 5-8%,176,47.7,3.30,10.1
bot_pin_1x2_home_v1,edge <5%,195,43.1,1.20,-2.3
bot_proven_leagues,selection=home,30,43.3,4.24,20.2
bot_proven_leagues,odds >= 1.8,30,40.0,4.22,15.4
bot_proven_leagues,ALL,31,41.9,4.15,16.4
bot_proven_leagues,market=1x2,31,41.9,4.15,16.4
bot_proven_leagues,edge >= 5%,31,41.9,4.15,16.4
bot_proven_leagues,edge >= 8%,30,43.3,4.14,20.2
bot_proven_leagues_v2,edge >= 10%,33,30.3,2.94,-5.2
bot_proven_leagues_v2,ALL,41,26.8,1.12,-15.6
bot_proven_leagues_v2,market=1x2,41,26.8,1.12,-15.6
bot_proven_leagues_v2,selection=home,41,26.8,1.12,-15.6
bot_proven_leagues_v2,edge >= 5%,41,26.8,1.12,-15.6
bot_proven_leagues_v2,edge >= 8%,41,26.8,1.12,-15.6
bot_proven_leagues_v2,odds >= 1.8,41,26.8,1.12,-15.6
bot_proven_leagues_v2,odds >= 2.2,41,26.8,1.12,-15.6
bot_proven_leagues_v2,odds >= 2.8,36,25.0,-1.35,-18.8
bot_summer_specialist,edge >= 8%,31,29.0,3.53,-12.3
bot_summer_specialist,ALL,32,28.1,3.51,-15.1
bot_summer_specialist,edge >= 5%,32,28.1,3.51,-15.1
bot_summer_specialist,odds >= 1.8,32,28.1,3.51,-15.1
bot_summer_specialist,odds >= 2.2,32,28.1,3.51,-15.1
bot_sweep_1x2_draw_v1,edge >= 8%,42,28.6,-4.26,-11.5
bot_sweep_1x2_draw_v1,ALL,52,28.8,-4.76,-9.6
bot_sweep_1x2_draw_v1,market=1x2,52,28.8,-4.76,-9.6
bot_sweep_1x2_draw_v1,selection=draw,52,28.8,-4.76,-9.6
bot_sweep_1x2_draw_v1,edge >= 5%,52,28.8,-4.76,-9.6
bot_sweep_1x2_draw_v1,odds >= 1.8,52,28.8,-4.76,-9.6
bot_sweep_1x2_draw_v1,odds >= 2.2,52,28.8,-4.76,-9.6
bot_sweep_1x2_draw_v1,odds >= 2.8,51,29.4,-4.84,-7.8
bot_sweep_1x2_draw_v1,edge >= 10%,33,33.3,-4.84,3.6
bot_sweep_1x2_home_v1,odds 2.2-2.8,32,37.5,-2.26,-5.1
bot_sweep_1x2_home_v1,odds >= 3.2,31,29.0,-2.37,16.5
bot_sweep_1x2_home_v1,ALL,85,36.5,-2.79,9.1
bot_sweep_1x2_home_v1,market=1x2,85,36.5,-2.79,9.1
bot_sweep_1x2_home_v1,selection=home,85,36.5,-2.79,9.1
bot_sweep_1x2_home_v1,edge >= 5%,85,36.5,-2.79,9.1
bot_sweep_1x2_home_v1,edge >= 8%,85,36.5,-2.79,9.1
bot_sweep_1x2_home_v1,edge >= 10%,85,36.5,-2.79,9.1
bot_sweep_1x2_home_v1,odds >= 1.8,85,36.5,-2.79,9.1
bot_sweep_1x2_home_v1,edge >= 15%,73,38.4,-2.80,15.7
bot_sweep_1x2_home_v1,edge >= 13%,78,38.5,-2.92,15.3
bot_sweep_1x2_home_v1,odds >= 2.2,76,35.5,-3.07,11.2
bot_sweep_1x2_home_v1,edge 18%+,69,37.7,-3.19,15.6
bot_sweep_1x2_home_v1,odds >= 2.8,44,34.1,-3.65,23.0
bot_sweep_btts_yes_v1,ALL,54,44.4,,-10.7
bot_sweep_btts_yes_v1,market=btts,54,44.4,,-10.7
bot_sweep_btts_yes_v1,selection=yes,54,44.4,,-10.7
bot_sweep_btts_yes_v1,odds 1.8-2.2,32,37.5,,-24.7
bot_sweep_btts_yes_v1,edge >= 5%,54,44.4,,-10.7
bot_sweep_btts_yes_v1,edge >= 8%,46,47.8,,-3.6
bot_sweep_btts_yes_v1,edge >= 10%,39,51.3,,2.7
bot_sweep_btts_yes_v1,edge >= 13%,35,51.4,,2.4
bot_sweep_btts_yes_v1,edge >= 15%,32,50.0,,-0.8
bot_sweep_btts_yes_v1,odds >= 1.8,47,40.4,,-13.8
bot_sweep_ou25_v1,edge 18%+,30,50.0,20.05,-10.5
bot_sweep_ou25_v1,edge >= 15%,49,44.9,16.80,-15.3
bot_sweep_ou25_v1,edge >= 13%,73,46.6,14.91,-8.9
bot_sweep_ou25_v1,edge 13-18%,43,44.2,11.19,-7.9
bot_sweep_ou25_v1,edge >= 10%,134,49.3,11.01,-3.0
bot_sweep_ou25_v1,edge >= 8%,197,47.2,8.32,-6.7
bot_sweep_ou25_v1,edge 10-13%,61,52.5,6.77,4.1
bot_sweep_ou25_v1,edge >= 5%,309,47.6,6.41,-5.6
bot_sweep_ou25_v1,selection=over,228,56.6,5.87,5.8
bot_sweep_ou25_v1,odds <1.8,155,58.7,5.09,-6.8
bot_sweep_ou25_v1,ALL,485,49.5,4.57,-2.6
bot_sweep_ou25_v1,market=over_under_25,485,49.5,4.57,-2.6
bot_sweep_ou25_v1,odds 1.8-2.2,191,48.7,4.53,-3.5
bot_sweep_ou25_v1,odds >= 1.8,330,45.2,4.33,-0.6
bot_sweep_ou25_v1,odds >= 2.8,39,33.3,4.25,2.5
bot_sweep_ou25_v1,odds >= 2.2,139,40.3,4.07,3.4
bot_sweep_ou25_v1,odds 2.2-2.8,100,43.0,4.00,3.8
bot_sweep_ou25_v1,selection=under,257,43.2,3.41,-10.0
bot_sweep_ou25_v1,edge 5-8%,112,48.2,3.26,-3.7
bot_sweep_ou25_v1,edge 8-10%,63,42.9,2.79,-14.7
bot_sweep_ou25_v1,edge <5%,176,52.8,1.52,2.8
bot_sweep_ou35_v1,edge >= 15%,35,42.9,13.26,0.1
bot_sweep_ou35_v1,edge >= 13%,56,46.4,10.47,16.6
bot_sweep_ou35_v1,edge >= 10%,103,39.8,8.62,1.9
bot_sweep_ou35_v1,edge >= 8%,169,36.7,6.78,-8.8
bot_sweep_ou35_v1,edge 10-13%,47,31.9,6.42,-15.5
bot_sweep_ou35_v1,edge 13-18%,38,52.6,5.82,37.7
bot_sweep_ou35_v1,edge >= 5%,256,39.8,5.80,-0.8
bot_sweep_ou35_v1,odds 3.2-4.0,66,31.8,4.76,11.0
bot_sweep_ou35_v1,odds >= 3.2,79,32.9,4.73,20.4
bot_sweep_ou35_v1,odds 2.2-2.8,90,36.7,4.73,-7.7
bot_sweep_ou35_v1,odds >= 2.2,224,35.7,4.57,8.0
bot_sweep_ou35_v1,selection=over,260,38.8,4.52,6.8
bot_sweep_ou35_v1,odds >= 2.8,134,35.1,4.46,18.5
bot_sweep_ou35_v1,odds >= 1.8,288,37.8,4.38,3.8
bot_sweep_ou35_v1,ALL,404,42.8,4.25,-1.8
bot_sweep_ou35_v1,market=over_under_35,404,42.8,4.25,-1.8
bot_sweep_ou35_v1,odds 2.8-3.2,55,38.2,4.08,15.8
bot_sweep_ou35_v1,edge 8-10%,66,31.8,3.99,-25.5
bot_sweep_ou35_v1,edge 5-8%,87,46.0,3.98,14.8
bot_sweep_ou35_v1,odds <1.8,116,55.2,3.91,-15.7
bot_sweep_ou35_v1,selection=under,144,50.0,3.75,-17.3
bot_sweep_ou35_v1,odds 1.8-2.2,64,45.3,3.72,-10.9
bot_sweep_ou35_v1,edge <5%,148,48.0,1.57,-3.6
bot_team_total_paper_shadow_v1,ALL,290,40.0,,-3.5
bot_team_total_paper_shadow_v1,market=team_total_away_05,48,35.4,,-7.0
bot_team_total_paper_shadow_v1,market=team_total_away_15,67,38.8,,-21.7
bot_team_total_paper_shadow_v1,market=team_total_home_15,78,44.9,,-5.3
bot_team_total_paper_shadow_v1,market=team_total_home_25,37,27.0,,-22.3
bot_team_total_paper_shadow_v1,selection=over,151,41.1,,2.0
bot_team_total_paper_shadow_v1,selection=under,139,38.8,,-9.5
bot_team_total_paper_shadow_v1,odds <1.8,47,61.7,,-1.6
bot_team_total_paper_shadow_v1,odds 1.8-2.2,59,50.8,,1.2
bot_team_total_paper_shadow_v1,odds 2.2-2.8,62,48.4,,17.4
bot_team_total_paper_shadow_v1,odds 2.8-3.2,31,25.8,,-24.6
bot_team_total_paper_shadow_v1,odds 3.2-4.0,52,17.3,,-35.6
bot_team_total_paper_shadow_v1,odds 4.0+,39,25.6,,13.3
bot_team_total_paper_shadow_v1,edge 18%+,227,42.3,,-1.9
bot_team_total_paper_shadow_v1,edge >= 5%,288,39.6,,-4.2
bot_team_total_paper_shadow_v1,edge >= 8%,287,39.7,,-3.9
bot_team_total_paper_shadow_v1,edge >= 10%,285,40.0,,-3.2
bot_team_total_paper_shadow_v1,edge >= 13%,283,39.6,,-4.5
bot_team_total_paper_shadow_v1,edge >= 15%,281,39.5,,-5.5
bot_team_total_paper_shadow_v1,odds >= 1.8,243,35.8,,-3.9
bot_team_total_paper_shadow_v1,odds >= 2.2,184,31.0,,-5.5
bot_team_total_paper_shadow_v1,odds >= 2.8,122,22.1,,-17.2
bot_team_total_paper_shadow_v1,odds >= 3.2,91,20.9,,-14.6
bot_trigger_1x2_model_v1,odds 3.2-4.0,70,27.1,-6.08,-1.6
bot_trigger_1x2_model_v1,odds 2.8-3.2,45,22.2,-6.22,-34.3
bot_trigger_1x2_model_v1,selection=home,189,22.8,-7.44,-7.0
bot_trigger_1x2_model_v1,edge 10-13%,46,21.7,-7.44,-20.9
bot_trigger_1x2_model_v1,edge 18%+,169,20.1,-7.82,-9.5
bot_trigger_1x2_model_v1,edge >= 15%,252,17.5,-8.31,-15.6
bot_trigger_1x2_model_v1,ALL,362,18.5,-8.42,-15.5
bot_trigger_1x2_model_v1,market=1x2,362,18.5,-8.42,-15.5
bot_trigger_1x2_model_v1,edge >= 5%,362,18.5,-8.42,-15.5
bot_trigger_1x2_model_v1,edge >= 8%,362,18.5,-8.42,-15.5
bot_trigger_1x2_model_v1,edge >= 10%,362,18.5,-8.42,-15.5
bot_trigger_1x2_model_v1,odds >= 1.8,362,18.5,-8.42,-15.5
bot_trigger_1x2_model_v1,odds >= 2.2,362,18.5,-8.42,-15.5
bot_trigger_1x2_model_v1,odds >= 2.8,362,18.5,-8.42,-15.5
bot_trigger_1x2_model_v1,edge >= 13%,316,18.0,-8.54,-14.7
bot_trigger_1x2_model_v1,odds >= 3.2,317,18.0,-8.74,-12.8
bot_trigger_1x2_model_v1,selection=away,169,14.2,-9.22,-23.0
bot_trigger_1x2_model_v1,edge 13-18%,147,15.6,-9.40,-20.8
bot_trigger_1x2_model_v1,odds 4.0+,247,15.4,-9.59,-16.0
bot_trigger_ou_model_v1,odds 1.8-2.2,33,42.4,-5.97,-12.0
bot_trigger_ou_model_v1,selection=under,45,40.0,-6.07,1.0
bot_trigger_ou_model_v1,edge 8-10%,56,44.6,-6.76,3.6
bot_trigger_ou_model_v1,ALL,131,43.5,-8.05,3.1
bot_trigger_ou_model_v1,market=over_under_25,131,43.5,-8.05,3.1
bot_trigger_ou_model_v1,edge >= 5%,131,43.5,-8.05,3.1
bot_trigger_ou_model_v1,edge >= 8%,131,43.5,-8.05,3.1
bot_trigger_ou_model_v1,odds >= 1.8,131,43.5,-8.05,3.1
bot_trigger_ou_model_v1,odds >= 2.2,98,43.9,-8.75,8.2
bot_trigger_ou_model_v1,odds 2.2-2.8,76,51.3,-8.89,22.6
bot_trigger_ou_model_v1,edge 10-13%,43,55.8,-8.98,31.4
bot_trigger_ou_model_v1,edge >= 10%,75,42.7,-9.01,2.8
bot_trigger_ou_model_v1,edge >= 13%,32,25.0,-9.04,-35.7
bot_trigger_ou_model_v1,selection=over,86,45.3,-9.08,4.2
bot_unibet_trigger_1x2_v1,odds 3.2-4.0,97,28.9,-4.79,2.2
bot_unibet_trigger_1x2_v1,selection=home,166,28.9,-6.04,8.0
bot_unibet_trigger_1x2_v1,odds 2.8-3.2,37,29.7,-7.45,-11.7
bot_unibet_trigger_1x2_v1,edge 10-13%,35,28.6,-7.77,3.0
bot_unibet_trigger_1x2_v1,edge 18%+,145,25.5,-8.51,8.2
bot_unibet_trigger_1x2_v1,edge >= 15%,242,20.2,-8.68,-11.2
bot_unibet_trigger_1x2_v1,ALL,379,21.6,-8.83,-7.0
bot_unibet_trigger_1x2_v1,market=1x2,379,21.6,-8.83,-7.0
bot_unibet_trigger_1x2_v1,edge >= 5%,379,21.6,-8.83,-7.0
bot_unibet_trigger_1x2_v1,edge >= 8%,379,21.6,-8.83,-7.0
bot_unibet_trigger_1x2_v1,edge >= 10%,379,21.6,-8.83,-7.0
bot_unibet_trigger_1x2_v1,odds >= 1.8,379,21.6,-8.83,-7.0
bot_unibet_trigger_1x2_v1,odds >= 2.2,379,21.6,-8.83,-7.0
bot_unibet_trigger_1x2_v1,odds >= 2.8,379,21.6,-8.83,-7.0
bot_unibet_trigger_1x2_v1,edge >= 13%,344,20.9,-8.92,-8.0
bot_unibet_trigger_1x2_v1,odds >= 3.2,342,20.8,-8.99,-6.5
bot_unibet_trigger_1x2_v1,edge 13-18%,199,17.6,-9.23,-19.8
bot_unibet_trigger_1x2_v1,selection=away,179,14.5,-10.43,-27.7
bot_unibet_trigger_1x2_v1,odds 4.0+,245,17.6,-10.95,-9.9
bot_unibet_trigger_1x2_v1,selection=draw,34,23.5,-14.91,28.7
bot_unibet_trigger_ou_v1,odds 1.8-2.2,95,48.4,-6.00,-1.5
bot_unibet_trigger_ou_v1,selection=over,85,48.2,-6.82,7.2
bot_unibet_trigger_ou_v1,edge 8-10%,100,42.0,-7.36,-7.7
bot_unibet_trigger_ou_v1,edge 10-13%,80,52.5,-7.87,14.2
bot_unibet_trigger_ou_v1,ALL,256,45.7,-8.03,0.4
bot_unibet_trigger_ou_v1,market=over_under_25,256,45.7,-8.03,0.4
bot_unibet_trigger_ou_v1,edge >= 5%,256,45.7,-8.03,0.4
bot_unibet_trigger_ou_v1,edge >= 8%,256,45.7,-8.03,0.4
bot_unibet_trigger_ou_v1,odds >= 1.8,256,45.7,-8.03,0.4
bot_unibet_trigger_ou_v1,edge >= 10%,156,48.1,-8.46,5.6
bot_unibet_trigger_ou_v1,selection=under,171,44.4,-8.63,-2.9
bot_unibet_trigger_ou_v1,edge 13-18%,57,49.1,-8.87,10.1
bot_unibet_trigger_ou_v1,edge >= 13%,76,43.4,-9.08,-3.4
bot_unibet_trigger_ou_v1,odds 2.2-2.8,161,44.1,-9.23,1.6
bot_unibet_trigger_ou_v1,odds >= 2.2,161,44.1,-9.23,1.6
bot_unibet_trigger_ou_v1,edge >= 15%,48,41.7,-9.46,-7.5
bot_unibet_trigger_sharp_1x2_v1,selection=away,30,43.3,13.62,18.5
bot_unibet_trigger_sharp_1x2_v1,odds >= 2.2,48,33.3,12.59,1.1
bot_unibet_trigger_sharp_1x2_v1,odds >= 1.8,69,39.1,10.48,1.6
bot_unibet_trigger_sharp_1x2_v1,ALL,74,41.9,10.04,3.0
bot_unibet_trigger_sharp_1x2_v1,market=1x2,74,41.9,10.04,3.0
bot_unibet_trigger_sharp_1x2_v1,selection=home,42,42.9,7.16,-3.1
bot_unibet_trigger_sharp_1x2_v1,edge <5%,47,38.3,4.99,-12.1
bot_v10_all,edge >= 15%,70,48.6,28.95,46.1
bot_v10_all,edge >= 13%,137,38.7,21.09,20.1
bot_v10_all,edge 13-18%,119,38.7,15.96,19.5
bot_v10_all,edge >= 10%,336,40.5,9.57,7.7
bot_v10_all,odds >= 3.2,124,33.9,9.31,19.8
bot_v10_all,market=1x2,344,41.0,8.43,7.0
bot_v10_all,selection=home,332,40.4,7.14,6.0
bot_v10_all,odds <1.8,63,73.0,5.69,13.3
bot_v10_all,odds 3.2-4.0,111,36.0,5.13,26.1
bot_v10_all,odds >= 2.8,274,32.5,4.68,5.4
bot_v10_all,odds 1.8-2.2,56,44.6,4.49,-12.8
bot_v10_all,edge >= 8%,520,40.8,4.38,4.3
bot_v10_all,ALL,567,41.4,3.77,5.0
bot_v10_all,edge >= 5%,566,41.3,3.75,4.9
bot_v10_all,odds >= 1.8,504,37.5,3.55,4.0
bot_v10_all,odds >= 2.2,448,36.6,3.43,6.1
bot_v10_all,odds 2.2-2.8,174,43.1,1.40,7.2
bot_v10_all,edge 10-13%,199,41.7,1.06,-0.9
bot_v10_all,odds 2.8-3.2,150,31.3,0.79,-6.5
bot_v10_all,selection=over,69,46.4,-2.37,3.8
bot_v10_all,market=over_under_25,223,42.2,-2.97,2.0
bot_v10_all,selection=under,154,40.3,-3.24,1.1
bot_v10_all,edge 5-8%,46,47.8,-3.67,12.2
bot_v10_all,edge 8-10%,184,41.3,-4.96,-2.0